   SW   perc perc perc  query                         position in query    matching repeat              position in repeat
score   div. del. ins.  sequence                      begin end   (left)   repeat   class/family      begin  end    (left)  ID

  238    1.9  1.9  0.0  chr1_10772_Sniffles2.INS.1S0      1    54    (0) C TAR1     Satellite/subtelo (1015)   1095   1041   1  
 2206    2.1  0.0  0.0  chr1_130710_Sniffles2.INS.ES0     13   253    (0) + AluY     SINE/Alu       56    296   (15)   2  
  359    9.4  2.2  2.1  chr1_136317_Sniffles2.INS.AS0      2    83   (16) + ajax              Unknown         1     80  (976)   3  
  329    4.3  0.0  0.0  chr1_136317_Sniffles2.INS.AS0     50    95    (4) + teucerv3_internal Unknown         1     46 (1010)   4 *
  255    9.5  0.0  0.0  chr1_136423_Sniffles2.INS.ES0     10    51  (628) + ajax              Unknown         1     42    (7)   5  
  243    7.3  2.4  0.0  chr1_136423_Sniffles2.INS.ES0     64   104  (575) + teucerv3_internal Unknown         1     42 (1014)   6 *
  308    8.2  0.0  0.0  chr1_136423_Sniffles2.INS.ES0     80   128  (551) + ajax              Unknown         1     49    (0)   7 *
  331    8.1  2.3  1.9  chr1_136423_Sniffles2.INS.ES0    112   181  (498) + ajax              Unknown         1     68  (988)   8 *
  389   10.4  0.5  2.0  chr1_136423_Sniffles2.INS.ES0    160   242  (437) + ajax              Unknown         1     80  (976)   8  
  363    6.1  0.4  1.8  chr1_136423_Sniffles2.INS.ES0    209   279  (400) + ajax              Unknown         1     68  (988)   8 *
  331   10.6  2.2  2.1  chr1_136423_Sniffles2.INS.ES0    258   339  (340) + ajax              Unknown         1     80  (976)   8 *
  329    2.4  0.0  0.0  chr1_136423_Sniffles2.INS.ES0    306   347  (332) + teucerv3_internal Unknown         1     42 (1014)   9 *
  339    6.1  0.0  0.0  chr1_136423_Sniffles2.INS.ES0    323   371  (308) + ajax              Unknown         1     49    (0)  10  
  331    8.1  2.3  1.9  chr1_136423_Sniffles2.INS.ES0    355   424  (255) + ajax              Unknown         1     68  (988)  11 *
  389   10.4  0.5  2.0  chr1_136423_Sniffles2.INS.ES0    403   485  (194) + ajax              Unknown         1     80  (976)  11  
  363    6.1  0.4  1.8  chr1_136423_Sniffles2.INS.ES0    452   522  (157) + ajax              Unknown         1     68  (988)  11 *
  281    7.7  0.0  0.0  chr1_136423_Sniffles2.INS.ES0    501   539  (140) + teucerv3_internal Unknown         1     39 (1017)  12 *
  331    6.2  2.1  0.0  chr1_136423_Sniffles2.INS.ES0    541   588   (91) + ajax              Unknown         1     49    (0)  13 *
  334    8.8  2.2  2.1  chr1_136423_Sniffles2.INS.ES0    572   653   (26) + ajax              Unknown         1     80  (976)  14  
  306    3.7  3.5  7.1  chr1_136423_Sniffles2.INS.ES0    620   677    (2) + teucerv3_internal Unknown         1     56 (1000)  15 *
  326    4.7  0.0  0.0  chr1_136878_Sniffles2.INS.9S0     72   114  (180) + teucerv3_internal Unknown         4     46 (1010)  16 *
  350    4.1  0.0  0.0  chr1_136878_Sniffles2.INS.9S0     86   134  (160) + ajax              Unknown         1     49    (0)  17  
  249    7.2  0.0  2.4  chr1_136878_Sniffles2.INS.9S0    118   160  (134) + teucerv3_internal Unknown         1     42 (1014)  18 *
  239    7.7  0.0  2.6  chr1_136878_Sniffles2.INS.9S0    135   174  (120) + ajax              Unknown         1     39   (10)  19 *
  300    6.2  2.1  0.0  chr1_136878_Sniffles2.INS.9S0    184   231   (63) + ajax              Unknown         1     49    (0)  20  
  285    6.8  4.5  0.0  chr1_136878_Sniffles2.INS.9S0    216   259   (35) + teucerv3_internal Unknown         1     46 (1010)  21 *
  347    8.3  2.1  0.0  chr1_136878_Sniffles2.INS.9S0    232   279   (15) + ajax              Unknown         1     49    (0)  22  
  237    6.5  0.0  0.0  chr1_136878_Sniffles2.INS.9S0    263   293    (1) + teucerv3_internal Unknown         1     31 (1025)  23 *
  303   10.3  0.5  5.5  chr1_136944_Sniffles2.INS.DS0      5    89  (784) + ajax              Unknown         1     80  (976)  24 *
  359    8.8  2.2  2.1  chr1_136944_Sniffles2.INS.DS0     56   137  (736) + ajax              Unknown         1     80  (976)  24  
  329    4.3  0.0  0.0  chr1_136944_Sniffles2.INS.DS0    104   149  (724) + teucerv3_internal Unknown         1     46 (1010)  25 *
  315    6.1  0.0  0.0  chr1_136944_Sniffles2.INS.DS0    121   169  (704) + ajax              Unknown         1     49    (0)  26 *
  359    9.4  2.2  2.1  chr1_136944_Sniffles2.INS.DS0    153   234  (639) + ajax              Unknown         1     80  (976)  27  
  329    4.3  0.0  0.0  chr1_136944_Sniffles2.INS.DS0    201   246  (627) + teucerv3_internal Unknown         1     46 (1010)  28 *
  315    6.1  0.0  0.0  chr1_136944_Sniffles2.INS.DS0    218   266  (607) + ajax              Unknown         1     49    (0)  29 *
  267   12.2  0.0  2.0  chr1_136944_Sniffles2.INS.DS0    267   316  (557) + ajax              Unknown         1     49    (0)  30 *
  329    4.3  0.0  0.0  chr1_136944_Sniffles2.INS.DS0    300   345  (528) + teucerv3_internal Unknown         1     46 (1010)  31  
  315    6.1  0.0  0.0  chr1_136944_Sniffles2.INS.DS0    317   365  (508) + ajax              Unknown         1     49    (0)  32 *
  359    9.4  2.2  2.1  chr1_136944_Sniffles2.INS.DS0    349   430  (443) + ajax              Unknown         1     80  (976)  33  
  329    4.3  0.0  0.0  chr1_136944_Sniffles2.INS.DS0    397   442  (431) + teucerv3_internal Unknown         1     46 (1010)  34 *
  360    6.1  0.0  0.0  chr1_136944_Sniffles2.INS.DS0    414   462  (411) + ajax              Unknown         1     49    (0)  35  
  352    8.7  0.0  0.0  chr1_136944_Sniffles2.INS.DS0    446   491  (382) + teucerv3_internal Unknown         1     46 (1010)  36 *
  383    8.2  0.0  0.0  chr1_136944_Sniffles2.INS.DS0    463   511  (362) + ajax              Unknown         1     49    (0)  37  
  323    7.1  0.0  0.0  chr1_136944_Sniffles2.INS.DS0    495   536  (337) + teucerv3_internal Unknown         1     42 (1014)  38 *
  289   10.2  0.0  0.0  chr1_136944_Sniffles2.INS.DS0    512   560  (313) + ajax              Unknown         1     49    (0)  39 *
  316    4.3  0.0  0.0  chr1_136944_Sniffles2.INS.DS0    544   589  (284) + teucerv3_internal Unknown         1     46 (1010)  40 *
  350    4.1  0.0  0.0  chr1_136944_Sniffles2.INS.DS0    561   609  (264) + ajax              Unknown         1     49    (0)  41 *
  359    9.4  2.2  2.1  chr1_136944_Sniffles2.INS.DS0    593   674  (199) + ajax              Unknown         1     80  (976)  42  
  329    4.3  0.0  0.0  chr1_136944_Sniffles2.INS.DS0    641   686  (187) + teucerv3_internal Unknown         1     46 (1010)  43 *
  313    8.2  0.0  0.0  chr1_136944_Sniffles2.INS.DS0    658   706  (167) + ajax              Unknown         1     49    (0)  44 *
  325    6.2  2.1  0.0  chr1_136944_Sniffles2.INS.DS0    707   754  (119) + ajax              Unknown         1     49    (0)  45 *
  365    2.2  0.0  0.0  chr1_136944_Sniffles2.INS.DS0    738   783   (90) + teucerv3_internal Unknown         1     46 (1010)  46  
  348    6.1  0.0  0.0  chr1_136944_Sniffles2.INS.DS0    755   803   (70) + ajax              Unknown         1     49    (0)  47 *
  291    9.3  0.0  0.0  chr1_136944_Sniffles2.INS.DS0    787   829   (44) + teucerv3_internal Unknown         1     43 (1013)  48 *
  345    8.2  0.0  4.1  chr1_136944_Sniffles2.INS.DS0    804   854   (19) + ajax              Unknown         1     49    (0)  49  
  286    2.8  0.0  0.0  chr1_136944_Sniffles2.INS.DS0    838   873    (0) + teucerv3_internal Unknown         1     36 (1020)  50 *
  573   16.3  4.3  0.1  chr1_139569_Sniffles2.INS.ES0      8   141 (3272) + teucerv2_3edge                     Unknown             195    305  (958)  51 *
 2344   15.1  6.9  1.8  chr1_139569_Sniffles2.INS.ES0    140   557 (2856) C MER1A                              DNA/hAT-Charlie    (90)    439      1  52  
 2137    4.6  1.5  0.0  chr1_139569_Sniffles2.INS.ES0    560   819 (2594) + COMP-subunit_TELO_rnd-6_family-166 Unknown               1    264    (0)  53  
  689   22.9  0.0  0.0  chr1_139569_Sniffles2.INS.ES0    820   972 (2441) C LTR41                              LTR/ERVL            (2)    766    614  54  
 1402   20.6  4.2  1.0  chr1_139569_Sniffles2.INS.ES0    976  1260 (2153) + AluJb                              SINE/Alu              1    294    (8)  55  
  353   22.9  4.7  9.9  chr1_139569_Sniffles2.INS.ES0   1320  1489 (1924) + L1ME4c                             LINE/L1            5416   5578  (546)  56  
  450   23.8  0.8  6.7  chr1_139569_Sniffles2.INS.ES0   1492  1617 (1796) C AluJb                              SINE/Alu          (183)    129     11  57  
 1673   17.6  0.0  1.4  chr1_139569_Sniffles2.INS.ES0   1853  2152 (1261) C AluJb                              SINE/Alu           (16)    296      1  58  
  385   23.7  3.9  5.0  chr1_139569_Sniffles2.INS.ES0   2264  2365 (1048) C MER8                               DNA/TcMar-Tigger    (2)    237    137  59  
 1045   19.4  0.0  0.5  chr1_139569_Sniffles2.INS.ES0   2366  2557  (856) + AluJb                              SINE/Alu            117    307    (5)  60  
  569   26.1  0.0  0.8  chr1_139569_Sniffles2.INS.ES0   3160  3294  (119) + AluJb                              SINE/Alu             40    173  (139)  61  
  417   20.8  0.0  1.0  chr1_139569_Sniffles2.INS.ES0   3306  3407    (6) + teucerv2_3edge                     Unknown            1049   1149  (114)  62  
  573   16.5  4.3  0.1  chr1_139570_Sniffles2.INS.ES0      6   139 (6688) + teucerv2_3edge                     Unknown             195    305  (958)  63 *
 2371   15.1  6.7  1.8  chr1_139570_Sniffles2.INS.ES0    138   556 (6271) C MER1A                              DNA/hAT-Charlie    (90)    439      1  64  
 2114    6.4  0.0  0.0  chr1_139570_Sniffles2.INS.ES0    559   822 (6005) + COMP-subunit_TELO_rnd-6_family-166 Unknown               1    264    (0)  65  
  731   21.6  0.0  0.0  chr1_139570_Sniffles2.INS.ES0    823   975 (5852) C LTR41                              LTR/ERVL            (2)    766    614  66  
 1412   20.3  4.2  1.0  chr1_139570_Sniffles2.INS.ES0    979  1262 (5565) + AluJb                              SINE/Alu              1    293    (9)  67  
  318   23.8  5.8  8.6  chr1_139570_Sniffles2.INS.ES0   1323  1478 (5349) + L1ME4c                             LINE/L1            5416   5567  (516)  68  
  472   25.2  0.6  7.0  chr1_139570_Sniffles2.INS.ES0   1479  1636 (5191) C AluJb                              SINE/Alu           (76)    226     11  69  
 1693   17.9  0.0  1.0  chr1_139570_Sniffles2.INS.ES0   1856  2154 (4673) C AluJb                              SINE/Alu           (16)    296      1  70  
  370   24.0  4.0  5.0  chr1_139570_Sniffles2.INS.ES0   2269  2369 (4458) C MER8                               DNA/TcMar-Tigger    (3)    236    137  71  
 1069   19.1  0.0  0.5  chr1_139570_Sniffles2.INS.ES0   2370  2564 (4263) + AluJb                              SINE/Alu            117    310    (2)  72  
  558   24.6  0.0  2.2  chr1_139570_Sniffles2.INS.ES0   3169  3305 (3522) + AluJb                              SINE/Alu             40    173  (139)  73  
  786   23.9  3.4  2.1  chr1_139570_Sniffles2.INS.ES0   3323  3561 (3266) + teucerv2_3edge                     Unknown             421    662  (601)  74 *
 2506   13.8  6.4  2.0  chr1_139570_Sniffles2.INS.ES0   3560  3980 (2847) C MER1A                              DNA/hAT-Charlie    (90)    439      1  75  
 2139    5.7  0.0  0.0  chr1_139570_Sniffles2.INS.ES0   3983  4246 (2581) + COMP-subunit_TELO_rnd-6_family-166 Unknown               1    264    (0)  76  
  757   20.3  0.0  0.0  chr1_139570_Sniffles2.INS.ES0   4247  4399 (2428) C LTR41                              LTR/ERVL            (2)    766    614  77  
 1402   19.9  4.2  1.0  chr1_139570_Sniffles2.INS.ES0   4403  4686 (2141) + AluJb                              SINE/Alu              1    293   (19)  78  
  358   23.0  5.1  8.6  chr1_139570_Sniffles2.INS.ES0   4746  4902 (1925) + L1ME4c                             LINE/L1            5416   5567  (516)  79  
  472   25.2  0.6  7.0  chr1_139570_Sniffles2.INS.ES0   4903  5060 (1767) C AluJb                              SINE/Alu           (76)    226     11  69  
 1716   17.6  0.0  1.0  chr1_139570_Sniffles2.INS.ES0   5280  5578 (1249) C AluJb                              SINE/Alu           (16)    296      1  80  
  418   21.7  3.9  5.0  chr1_139570_Sniffles2.INS.ES0   5688  5789 (1038) C MER8                               DNA/TcMar-Tigger    (2)    237    137  81  
 1096   18.3  0.0  0.5  chr1_139570_Sniffles2.INS.ES0   5790  5981  (846) + AluJb                              SINE/Alu            117    307    (5)  82  
  589   25.0  5.7  0.6  chr1_139570_Sniffles2.INS.ES0   6554  6710  (117) + AluJb                              SINE/Alu              9    173  (139)  83  
  426   21.1  0.0  1.0  chr1_139570_Sniffles2.INS.ES0   6722  6826    (1) + teucerv2_3edge                     Unknown            1049   1152  (111)  84  
 2161    5.3  0.0  0.0  chr1_140126_Sniffles2.INS.11S0      5   268 (3143) + COMP-subunit_TELO_rnd-6_family-166 Unknown               1    264    (0)  85  
  727   21.6  0.0  0.0  chr1_140126_Sniffles2.INS.11S0    269   421 (2990) C LTR41                              LTR/ERVL            (2)    766    614  86  
 1454   20.4  2.5  0.7  chr1_140126_Sniffles2.INS.11S0    427   712 (2699) + AluJb                              SINE/Alu              3    293    (9)  87  
  358   21.9  5.0  8.8  chr1_140126_Sniffles2.INS.11S0    772   938 (2473) + L1ME4c                             LINE/L1            5416   5578  (546)  88  
  467   25.7  1.1  2.0  chr1_140126_Sniffles2.INS.11S0    941  1087 (2324) C FLAM_C                             SINE/Alu           (76)    226     11  89  
 1654   17.9  0.0  1.4  chr1_140126_Sniffles2.INS.11S0   1309  1608 (1803) C AluJb                              SINE/Alu           (16)    296      1  90  
  402   22.7  3.9  5.0  chr1_140126_Sniffles2.INS.11S0   1720  1821 (1590) C MER8                               DNA/TcMar-Tigger    (2)    237    137  91  
 1023   19.8  0.0  0.5  chr1_140126_Sniffles2.INS.11S0   1822  2009 (1402) + AluJb                              SINE/Alu            117    303    (9)  92  
  589   25.0  5.7  0.6  chr1_140126_Sniffles2.INS.11S0   2587  2743  (668) + AluJb                              SINE/Alu              9    173  (139)  93  
  681   24.7  3.7  2.4  chr1_140126_Sniffles2.INS.11S0   2755  2999  (412) + teucerv2_3edge                     Unknown             415    662  (601)  94 *
 2423   14.4  6.8  1.1  chr1_140126_Sniffles2.INS.11S0   2998  3411    (0) C MER1A                              DNA/hAT-Charlie    (90)    439      3  95  
 1432    6.4  2.4  1.4  chr1_140185_Sniffles2.INS.DS0      1   207 (6607) + COMP-subunit_TELO_rnd-6_family-166 Unknown              56    264    (0)  96  
  623   23.7  0.7  0.0  chr1_140185_Sniffles2.INS.DS0    208   359 (6455) C LTR41                              LTR/ERVL            (2)    766    614  97  
 1340   21.7  4.2  1.0  chr1_140185_Sniffles2.INS.DS0    363   646 (6168) + AluJb                              SINE/Alu              1    293    (9)  98  
  281   18.8  7.9  4.3  chr1_140185_Sniffles2.INS.DS0    771   859 (5955) + L1M5                               LINE/L1            5475   5566  (558)  99  
  496   24.6  1.3  5.6  chr1_140185_Sniffles2.INS.DS0    860  1014 (5800) C AluJb                              SINE/Alu           (82)    220     11 100  
 1695   17.2  0.0  1.4  chr1_140185_Sniffles2.INS.DS0   1233  1532 (5282) C AluJb                              SINE/Alu           (16)    296      1 101  
  300   21.7  4.5  6.9  chr1_140185_Sniffles2.INS.DS0   1644  1732 (5082) C MER8                               DNA/TcMar-Tigger    (2)    237    151 102  
 1077   18.7  0.0  0.5  chr1_140185_Sniffles2.INS.DS0   1747  1940 (4874) + AluJb                              SINE/Alu            117    309    (3) 103  
  608   24.6  0.0  0.8  chr1_140185_Sniffles2.INS.DS0   2545  2679 (4135) + AluJb                              SINE/Alu             40    173  (139) 104  
  786   23.4  3.6  2.4  chr1_140185_Sniffles2.INS.DS0   2697  2945 (3869) + teucerv2_3edge                     Unknown             421    672  (591) 105 *
 2484   13.7  6.5  1.8  chr1_140185_Sniffles2.INS.DS0   2935  3349 (3465) C MER1A                              DNA/hAT-Charlie    (95)    434      1 106  
 2101    5.3  0.0  0.8  chr1_140185_Sniffles2.INS.DS0   3352  3617 (3197) + COMP-subunit_TELO_rnd-6_family-166 Unknown               1    264    (0) 107  
  740   20.9  0.0  0.0  chr1_140185_Sniffles2.INS.DS0   3618  3770 (3044) C LTR41                              LTR/ERVL            (2)    766    614 108  
 1404   21.0  4.1  1.0  chr1_140185_Sniffles2.INS.DS0   3774  4066 (2748) + AluJb                              SINE/Alu              1    302    (0) 109  
  368   23.0  5.1  8.6  chr1_140185_Sniffles2.INS.DS0   4117  4273 (2541) + L1ME4c                             LINE/L1            5416   5567  (516) 110  
  472   25.2  0.6  7.0  chr1_140185_Sniffles2.INS.DS0   4274  4431 (2383) C AluJb                              SINE/Alu           (76)    226     11 100  
 1685   17.3  0.3  1.0  chr1_140185_Sniffles2.INS.DS0   4644  4941 (1873) C AluJb                              SINE/Alu           (16)    296      1 111  
  353   25.3  1.9  5.0  chr1_140185_Sniffles2.INS.DS0   5053  5156 (1658) C MER8                               DNA/TcMar-Tigger    (2)    237    137 112  
 1065   18.7  0.0  0.5  chr1_140185_Sniffles2.INS.DS0   5157  5344 (1470) + AluJb                              SINE/Alu            117    303    (9) 113  
  591   25.0  5.7  0.6  chr1_140185_Sniffles2.INS.DS0   5922  6078  (736) + AluJb                              SINE/Alu              9    173  (139) 114  
  744   23.0  2.9  2.9  chr1_140185_Sniffles2.INS.DS0   6090  6331  (483) + teucerv2_3edge                     Unknown             415    656  (607) 115  
 2144   16.6  7.1  2.5  chr1_140185_Sniffles2.INS.DS0   6335  6754   (60) C MER1A                              DNA/hAT-Charlie    (90)    439      1 116  
  368    4.3  0.0  2.1  chr1_140185_Sniffles2.INS.DS0   6757  6804   (10) + COMP-subunit_TELO_rnd-6_family-166 Unknown               1     47  (217) 117  
  557   20.9  2.0  3.3  chr1_140396_Sniffles2.INS.10S0      1   153 (15725) C LTR41                                LTR/ERVL            (4)    764    614 118  
 1322   18.8  5.8  1.4  chr1_140396_Sniffles2.INS.10S0    157   431 (15447) + AluJb                                SINE/Alu              1    287   (15) 119  
  299   22.9  4.2 11.4  chr1_140396_Sniffles2.INS.10S0    498   666 (15212) + L1ME4c                               LINE/L1            5416   5573  (551) 120  
  375   28.8  1.8  5.5  chr1_140396_Sniffles2.INS.10S0    680   793 (15085) + SVA_E                                Retroposon/SVA      203    312 (1070) 121 *
  486   23.6  1.6  1.7  chr1_140396_Sniffles2.INS.10S0    694   817 (15061) C FLAM_C                               SINE/Alu           (69)    233     11 122  
 1674   17.9  0.0  2.0  chr1_140396_Sniffles2.INS.10S0   1034  1336 (14542) C AluJb                                SINE/Alu           (15)    297      1 123  
  253   22.6  6.4 11.4  chr1_140396_Sniffles2.INS.10S0   1444  1553 (14325) C MER8                                 DNA/TcMar-Tigger    (2)    237    133 124  
 1051   18.9  0.0  0.5  chr1_140396_Sniffles2.INS.10S0   1554  1739 (14139) + AluJb                                SINE/Alu            122    306    (6) 125  
  585   23.9  6.4  0.6  chr1_140396_Sniffles2.INS.10S0   2303  2458 (13420) + AluJb                                SINE/Alu              9    173  (139) 126  
  623   24.6  2.9  4.3  chr1_140396_Sniffles2.INS.10S0   2476  2713 (13165) + teucerv2_3edge                       Unknown             421    655  (608) 127  
 1842   17.3  7.0  4.8  chr1_140396_Sniffles2.INS.10S0   2718  3147 (12731) C MER1A                                DNA/hAT-Charlie    (90)    439      1 128  
 1670    9.5  2.8  0.8  chr1_140396_Sniffles2.INS.10S0   3150  3404 (12474) + COMP-subunit_TELO_rnd-6_family-166   Unknown               1    260    (4) 129  
  762   20.6  0.0  0.0  chr1_140396_Sniffles2.INS.10S0   3407  3561 (12317) C LTR41                                LTR/ERVL            (0)    768    614 130  
 1269   20.1  4.8  2.4  chr1_140396_Sniffles2.INS.10S0   3565  3854 (12024) + AluJb                                SINE/Alu              1    297    (5) 131  
  474   26.4  0.0  6.9  chr1_140396_Sniffles2.INS.10S0   4068  4224 (11654) C AluJb                                SINE/Alu           (77)    225     11 122  
 1661   18.2  0.0  1.4  chr1_140396_Sniffles2.INS.10S0   4450  4749 (11129) C AluJb                                SINE/Alu           (16)    296      1 132  
  348   27.4  2.1  2.1  chr1_140396_Sniffles2.INS.10S0   4863  4959 (10919) C MER8                                 DNA/TcMar-Tigger    (8)    231    135 133  
  985   17.7  0.0  5.9  chr1_140396_Sniffles2.INS.10S0   4961  5158 (10720) + AluJb                                SINE/Alu            121    307    (5) 134  
  573   24.5  6.4  1.2  chr1_140396_Sniffles2.INS.10S0   5740  5896  (9982) + AluJb                                SINE/Alu              9    173  (139) 135  
  681   23.1  8.3  1.3  chr1_140396_Sniffles2.INS.10S0   5907  6148  (9730) + teucerv2_3edge                       Unknown             715    961  (302) 136  
 1406   18.0 10.8  7.7  chr1_140396_Sniffles2.INS.10S0   6152  6578  (9300) C MER1A                                DNA/hAT-Charlie    (90)    439      1 137  
 1721    6.9  5.3  0.0  chr1_140396_Sniffles2.INS.10S0   6587  6831  (9047) + COMP-subunit_TELO_rnd-6_family-166   Unknown               7    264    (0) 138  
  481   23.1  7.7  0.0  chr1_140396_Sniffles2.INS.10S0   6832  6974  (8904) C LTR41                                LTR/ERVL            (2)    766    613 139  
 1364   20.6  4.6  1.0  chr1_140396_Sniffles2.INS.10S0   6975  7259  (8619) + AluJb                                SINE/Alu              1    295    (7) 140  
  337   21.5  2.4  2.7  chr1_140396_Sniffles2.INS.10S0   7368  7471  (8407) + L1ME4c                               LINE/L1            5466   5567  (516) 141  
  472   24.6  0.7  7.6  chr1_140396_Sniffles2.INS.10S0   7472  7612  (8266) C AluJb                                SINE/Alu          (160)    142     11 122  
 1596   18.2  0.3  1.7  chr1_140396_Sniffles2.INS.10S0   7853  8153  (7725) C AluJb                                SINE/Alu           (15)    297      1 142  
  354   25.0  5.0  4.0  chr1_140396_Sniffles2.INS.10S0   8265  8364  (7514) C MER8                                 DNA/TcMar-Tigger    (2)    237    137 143  
 1075   18.9  0.0  0.5  chr1_140396_Sniffles2.INS.10S0   8365  8556  (7322) + AluJb                                SINE/Alu            117    307    (5) 144  
  529   25.2  2.3  0.8  chr1_140396_Sniffles2.INS.10S0   9164  9295  (6583) + AluJb                                SINE/Alu             40    173  (139) 145  
  678   26.5  5.1  0.5  chr1_140396_Sniffles2.INS.10S0   9301  9552  (6326) + teucerv2_3edge                       Unknown              73    305  (958) 146 *
 2142   15.6  6.6  3.6  chr1_140396_Sniffles2.INS.10S0   9551  9977  (5901) C MER1A                                DNA/hAT-Charlie    (90)    439      1 147  
 1936    4.5  2.5  0.0  chr1_140396_Sniffles2.INS.10S0   9980 10223  (5655) + COMP-subunit_TELO_rnd-6_family-166   Unknown               1    250   (14) 148  
  597   21.3  2.7  0.0  chr1_140396_Sniffles2.INS.10S0  10224 10373  (5505) C LTR41                                LTR/ERVL            (1)    767    614 149  
 1348   20.2  4.9  1.4  chr1_140396_Sniffles2.INS.10S0  10377 10662  (5216) + AluJb                                SINE/Alu              1    296    (6) 150  
  348   21.2  1.2  2.5  chr1_140396_Sniffles2.INS.10S0  10794 10875  (5003) + L1M5                                 LINE/L1            5486   5566  (558) 151  
  472   25.2  0.6  7.0  chr1_140396_Sniffles2.INS.10S0  10876 11033  (4845) C AluJb                                SINE/Alu           (76)    226     11 152  
 1684   17.7  0.0  1.3  chr1_140396_Sniffles2.INS.10S0  11255 11557  (4321) C AluJb                                SINE/Alu           (13)    299      1 153  
  303   23.8  5.7  8.7  chr1_140396_Sniffles2.INS.10S0  11663 11768  (4110) C MER8                                 DNA/TcMar-Tigger    (0)    239    137 154  
 1071   19.2  0.0  0.5  chr1_140396_Sniffles2.INS.10S0  11769 11962  (3916) + AluJb                                SINE/Alu            117    309    (3) 155  
   13   24.1  2.2  2.2  chr1_140396_Sniffles2.INS.10S0  12328 12373  (3505) + (GTTT)n                              Simple_repeat         1     46    (0) 156  
 1306   21.2  1.1  0.4  chr1_140396_Sniffles2.INS.10S0  12546 12810  (3068) + AluJb                                SINE/Alu             40    306    (6) 157  
 2038   14.0  0.0  0.7  chr1_140396_Sniffles2.INS.10S0  13095 13389  (2489) C AluSx                                SINE/Alu           (16)    296      4 158  
 1308   23.3  1.7  1.0  chr1_140396_Sniffles2.INS.10S0  13542 13836  (2042) C AluJb                                SINE/Alu            (4)    298      2 159  
  596   23.3  0.0  0.0  chr1_140396_Sniffles2.INS.10S0  13862 13977  (1901) C FLAM_C                               SINE/Alu            (9)    124      9 160  
  725    1.2  0.0  1.2  chr1_140396_Sniffles2.INS.10S0  13990 14076  (1802) C COMP-subunit_TELO_rnd-6_family-10479 Unknown             (0)     86      1 161  
  846   24.9  9.1  8.8  chr1_140396_Sniffles2.INS.10S0  14085 14603  (1275) + L2                                   LINE/L2            2563   3082  (337) 162  
 1694   18.5  2.3  1.3  chr1_140396_Sniffles2.INS.10S0  14733 14904   (974) C AluJb                                SINE/Alu            (2)    310    136 163  
 2231   11.9  0.3  0.3  chr1_140396_Sniffles2.INS.10S0  14905 15215   (663) C AluSx                                SINE/Alu            (1)    311      1 164  
 1694   18.5  2.3  1.3  chr1_140396_Sniffles2.INS.10S0  15216 15348   (530) C AluJb                                SINE/Alu          (177)    135      2 163  
 1402   18.6  3.5  6.8  chr1_140396_Sniffles2.INS.10S0  15359 15705   (173) C MLT1D                                LTR/ERVL-MaLR       (8)    497    162 165  
  704   24.3  1.2  3.6  chr1_140396_Sniffles2.INS.10S0  15706 15876     (2) + AluJb                                SINE/Alu              2    168  (144) 166  
  742   20.5  0.0  0.0  chr1_140396_Sniffles2.INS.DS0      1   151 (8943) C LTR41                                LTR/ERVL            (4)    764    614 167  
 1334   22.1  4.2  0.7  chr1_140396_Sniffles2.INS.DS0    155   437 (8657) + AluJb                                SINE/Alu              1    293    (9) 168  
  358   22.3  5.1  8.6  chr1_140396_Sniffles2.INS.DS0    497   653 (8441) + L1ME4c                               LINE/L1            5416   5567  (516) 169  
  472   25.2  0.6  7.0  chr1_140396_Sniffles2.INS.DS0    654   811 (8283) C AluJb                                SINE/Alu           (76)    226     11 170  
 1679   18.6  0.0  0.7  chr1_140396_Sniffles2.INS.DS0   1040  1337 (7757) C AluJb                                SINE/Alu           (16)    296      1 171  
  352   24.8  3.9  5.9  chr1_140396_Sniffles2.INS.DS0   1449  1551 (7543) C MER8                                 DNA/TcMar-Tigger    (2)    237    137 172  
 1071   18.9  0.0  0.5  chr1_140396_Sniffles2.INS.DS0   1552  1742 (7352) + AluJb                                SINE/Alu            117    306    (6) 173  
  581   26.1  0.0  0.8  chr1_140396_Sniffles2.INS.DS0   2346  2480 (6614) + AluJb                                SINE/Alu             40    173  (139) 174  
  787   23.9  3.4  2.1  chr1_140396_Sniffles2.INS.DS0   2498  2736 (6358) + teucerv2_3edge                       Unknown             421    662  (601) 175 *
 2285   15.0  6.4  2.5  chr1_140396_Sniffles2.INS.DS0   2735  3157 (5937) C MER1A                                DNA/hAT-Charlie    (90)    439      1 176  
 2079    4.8  0.0  0.0  chr1_140396_Sniffles2.INS.DS0   3160  3409 (5685) + COMP-subunit_TELO_rnd-6_family-166   Unknown               1    250   (14) 177  
  769   20.1  0.0  0.0  chr1_140396_Sniffles2.INS.DS0   3410  3563 (5531) C LTR41                                LTR/ERVL            (1)    767    614 178  
 1348   20.7  4.6  1.7  chr1_140396_Sniffles2.INS.DS0   3567  3851 (5243) + AluJb                                SINE/Alu              1    293    (9) 179  
  376   22.5  5.0  8.1  chr1_140396_Sniffles2.INS.DS0   3911  4076 (5018) + L1ME4c                               LINE/L1            5416   5578  (546) 180  
  439   25.0  2.0  2.0  chr1_140396_Sniffles2.INS.DS0   4079  4224 (4870) C FLAM_C                               SINE/Alu           (76)    226     11 170  
 1685   17.3  0.0  1.4  chr1_140396_Sniffles2.INS.DS0   4447  4745 (4349) C AluJb                                SINE/Alu           (17)    295      1 181  
  418   20.7  3.9  6.9  chr1_140396_Sniffles2.INS.DS0   4856  4959 (4135) C MER8                                 DNA/TcMar-Tigger    (2)    237    137 182  
  962   19.4  0.0  0.6  chr1_140396_Sniffles2.INS.DS0   4960  5130 (3964) + AluJb                                SINE/Alu            117    286   (26) 183  
   28    0.0  0.0  0.0  chr1_140396_Sniffles2.INS.DS0   5131  5157 (3937) + (AAAT)n                              Simple_repeat         1     27    (0) 184  
 1158   22.0  0.7  3.0  chr1_140396_Sniffles2.INS.DS0   5745  6016 (3078) + AluJb                                SINE/Alu             42    307    (5) 185  
  275   21.6 16.9  1.8  chr1_140396_Sniffles2.INS.DS0   6069  6257 (2837) C Charlie1a                            DNA/hAT-Charlie     (6)   1449   1233 186  
 2042   13.3  0.0  1.0  chr1_140396_Sniffles2.INS.DS0   6301  6597 (2497) C AluSx                                SINE/Alu           (14)    298      5 187  
 1420   23.4  0.7  0.0  chr1_140396_Sniffles2.INS.DS0   6754  7048 (2046) C AluJb                                SINE/Alu           (14)    298      2 188  
  581   24.0  0.0  0.0  chr1_140396_Sniffles2.INS.DS0   7073  7197 (1897) C FLAM_C                               SINE/Alu            (8)    125      1 170  
  709    1.2  1.2  0.0  chr1_140396_Sniffles2.INS.DS0   7202  7286 (1808) C COMP-subunit_TELO_rnd-6_family-10479 Unknown             (0)     86      1 189  
  332   18.4  5.3  0.0  chr1_140396_Sniffles2.INS.DS0   7295  7370 (1724) + L2                                   LINE/L2            2563   2642  (777) 190  
  875   25.4  8.1  2.9  chr1_140396_Sniffles2.INS.DS0   7421  7777 (1317) + L2                                   LINE/L2            2650   3024  (395) 190  
 1656   17.7  2.3  2.3  chr1_140396_Sniffles2.INS.DS0   7952  8116  (978) C AluJb                                SINE/Alu            (0)    302    134 191  
 2291   11.6  0.0  0.3  chr1_140396_Sniffles2.INS.DS0   8117  8427  (667) C AluSx                                SINE/Alu            (1)    311      2 192  
 1656   17.7  2.3  2.3  chr1_140396_Sniffles2.INS.DS0   8428  8562  (532) C AluJb                                SINE/Alu          (169)    133      2 191  
 1628   16.6  2.9  6.8  chr1_140396_Sniffles2.INS.DS0   8573  8921  (173) C MLT1D                                LTR/ERVL-MaLR       (8)    497    162 193  
  711   23.7  1.2  3.6  chr1_140396_Sniffles2.INS.DS0   8922  9092    (2) + AluJb                                SINE/Alu              2    168  (144) 194  
  651   22.1  1.3  0.0  chr1_140396_Sniffles2.INS.ES0      1   149 (12369) C LTR41                                LTR/ERVL            (4)    764    614 195  
 1353   21.0  4.2  1.4  chr1_140396_Sniffles2.INS.ES0    153   437 (12081) + AluJb                                SINE/Alu              1    293    (9) 196  
  358   22.3  5.1  8.6  chr1_140396_Sniffles2.INS.ES0    497   653 (11865) + L1ME4c                               LINE/L1            5416   5567  (516) 197  
  472   25.2  0.6  7.0  chr1_140396_Sniffles2.INS.ES0    654   811 (11707) C AluJb                                SINE/Alu           (76)    226     11 198  
 1659   17.9  0.0  1.4  chr1_140396_Sniffles2.INS.ES0   1033  1332 (11186) C AluJb                                SINE/Alu           (16)    296      1 199  
  405   21.9  5.0  5.0  chr1_140396_Sniffles2.INS.ES0   1444  1544 (10974) C MER8                                 DNA/TcMar-Tigger    (2)    237    137 200  
 1087   18.8  0.0  0.5  chr1_140396_Sniffles2.INS.ES0   1545  1737 (10781) + AluJb                                SINE/Alu            117    308    (4) 201  
  589   25.0  5.7  0.6  chr1_140396_Sniffles2.INS.ES0   2318  2474 (10044) + AluJb                                SINE/Alu              9    173  (139) 202  
  787   23.9  3.4  2.1  chr1_140396_Sniffles2.INS.ES0   2492  2730  (9788) + teucerv2_3edge                       Unknown             421    662  (601) 203 *
 2289   15.5  6.4  2.7  chr1_140396_Sniffles2.INS.ES0   2729  3152  (9366) C MER1A                                DNA/hAT-Charlie    (90)    439      1 204  
 2135    5.3  0.4  0.0  chr1_140396_Sniffles2.INS.ES0   3155  3417  (9101) + COMP-subunit_TELO_rnd-6_family-166   Unknown               1    264    (0) 205  
  759   20.3  0.0  0.0  chr1_140396_Sniffles2.INS.ES0   3418  3570  (8948) C LTR41                                LTR/ERVL            (2)    766    614 206  
 1338   20.7  4.6  1.4  chr1_140396_Sniffles2.INS.ES0   3574  3857  (8661) + AluJb                                SINE/Alu              1    293    (9) 207  
  472   25.2  0.6  7.0  chr1_140396_Sniffles2.INS.ES0   4074  4231  (8287) C AluJb                                SINE/Alu           (76)    226     11 198  
 1659   17.9  0.0  1.4  chr1_140396_Sniffles2.INS.ES0   4453  4752  (7766) C AluJb                                SINE/Alu           (16)    296      1 208  
  365   22.9  5.0  5.0  chr1_140396_Sniffles2.INS.ES0   4864  4964  (7554) C MER8                                 DNA/TcMar-Tigger    (2)    237    137 209  
 1072   19.2  0.0  0.5  chr1_140396_Sniffles2.INS.ES0   4965  5158  (7360) + AluJb                                SINE/Alu            117    309    (3) 210  
  589   25.0  5.7  0.6  chr1_140396_Sniffles2.INS.ES0   5739  5895  (6623) + AluJb                                SINE/Alu              9    173  (139) 211  
  787   23.9  3.4  2.1  chr1_140396_Sniffles2.INS.ES0   5913  6151  (6367) + teucerv2_3edge                       Unknown             421    662  (601) 212 *
 2315   15.1  6.9  1.8  chr1_140396_Sniffles2.INS.ES0   6150  6567  (5951) C MER1A                                DNA/hAT-Charlie    (90)    439      1 213  
 2013    4.8  0.4  0.4  chr1_140396_Sniffles2.INS.ES0   6570  6819  (5699) + COMP-subunit_TELO_rnd-6_family-166   Unknown               1    250   (14) 214  
  701   19.7  1.3  0.7  chr1_140396_Sniffles2.INS.ES0   6820  6972  (5546) C LTR41                                LTR/ERVL            (1)    767    614 215  
 1352   21.3  4.2  1.4  chr1_140396_Sniffles2.INS.ES0   6976  7260  (5258) + AluJb                                SINE/Alu              1    293    (9) 216  
  376   22.5  5.0  8.1  chr1_140396_Sniffles2.INS.ES0   7320  7485  (5033) + L1ME4c                               LINE/L1            5416   5578  (546) 217  
  450   25.7  1.1  2.0  chr1_140396_Sniffles2.INS.ES0   7488  7634  (4884) C FLAM_C                               SINE/Alu           (76)    226     11 198  
 1734   16.9  0.0  1.0  chr1_140396_Sniffles2.INS.ES0   7856  8153  (4365) C AluJb                                SINE/Alu           (17)    295      1 218  
  418   21.7  3.9  5.0  chr1_140396_Sniffles2.INS.ES0   8265  8366  (4152) C MER8                                 DNA/TcMar-Tigger    (2)    237    137 219  
  981   19.2  0.0  0.6  chr1_140396_Sniffles2.INS.ES0   8367  8539  (3979) + AluJb                                SINE/Alu            117    288   (24) 220  
   28    0.0  0.0  0.0  chr1_140396_Sniffles2.INS.ES0   8540  8566  (3952) + (AAAT)n                              Simple_repeat         1     27    (0) 221  
 1256   22.2  1.1  0.4  chr1_140396_Sniffles2.INS.ES0   9167  9433  (3085) + AluJb                                SINE/Alu             40    308    (4) 222  
  256   22.0 16.2  2.3  chr1_140396_Sniffles2.INS.ES0   9488  9678  (2840) C Charlie1a                            DNA/hAT-Charlie     (6)   1449   1233 223  
 2035   13.7  0.0  0.7  chr1_140396_Sniffles2.INS.ES0   9722 10014  (2504) C AluSx                                SINE/Alu           (17)    295      5 224  
 1327   23.1  1.0  1.0  chr1_140396_Sniffles2.INS.ES0  10174 10470  (2048) C AluJb                                SINE/Alu           (14)    298      2 225  
  577   23.3  0.0  0.0  chr1_140396_Sniffles2.INS.ES0  10496 10611  (1907) C FLAM_C                               SINE/Alu            (9)    124      9 198  
  735    2.3  0.0  0.0  chr1_140396_Sniffles2.INS.ES0  10624 10709  (1809) C COMP-subunit_TELO_rnd-6_family-10479 Unknown             (0)     86      1 226  
  353   19.5  3.9  0.0  chr1_140396_Sniffles2.INS.ES0  10718 10794  (1724) + L2a                                  LINE/L2            2563   2642  (777) 227  
  927   25.2 12.3  2.1  chr1_140396_Sniffles2.INS.ES0  10845 11364  (1154) + L2a                                  LINE/L2            2650   3209  (217) 227  
 1654   18.9  2.3  1.3  chr1_140396_Sniffles2.INS.ES0  11365 11535   (983) C AluJb                                SINE/Alu            (3)    309    136 228  
 2284   11.9  0.0  0.3  chr1_140396_Sniffles2.INS.ES0  11536 11847   (671) C AluSx                                SINE/Alu            (1)    311      1 229  
 1654   18.9  2.3  1.3  chr1_140396_Sniffles2.INS.ES0  11848 11980   (538) C AluJb                                SINE/Alu          (177)    135      2 228  
 1565   17.8  2.5  8.3  chr1_140396_Sniffles2.INS.ES0  11991 12345   (173) C MLT1D                                LTR/ERVL-MaLR       (8)    497    162 230  
  704   24.3  1.2  3.6  chr1_140396_Sniffles2.INS.ES0  12346 12516     (2) + AluJb                                SINE/Alu              2    168  (144) 231  
  975    8.5  0.0  0.0  chr1_157348_Sniffles2.INS.FS0      1   129   (15) + AluSx    SINE/Alu      170    298   (14) 232  
  559    5.9  0.0  0.0  chr1_174834_Sniffles2.INS.14S0      1    68    (0) + AluSx    SINE/Alu      147    214   (98) 233  
  661    9.8  0.8  4.7  chr1_180467_Sniffles2.INS.11S0      2  1176 (3367) + (CCTAAC)n Simple_repeat          1   1131    (0) 234  
 1689   25.8 13.0  0.4  chr1_180467_Sniffles2.INS.11S0   1229  2019 (2524) + L1M4      LINE/L1             4315   5205  (941) 235  
  704   17.5  7.0  0.0  chr1_180467_Sniffles2.INS.11S0   2070  2212 (2331) C MER21C    LTR/ERVL            (35)    903    751 236  
  896   21.4 11.2  8.6  chr1_180467_Sniffles2.INS.11S0   2231  2733 (1810) C LTR36     LTR/ERV1            (25)    586      1 237  
 1541   25.1  9.2  2.7  chr1_180467_Sniffles2.INS.11S0   2734  3244 (1299) C MER21C    LTR/ERVL           (188)    750    207 236  
  403   13.2  1.3  2.7  chr1_180467_Sniffles2.INS.11S0   3348  4095  (448) + (AACCCT)n Simple_repeat          1    738    (0) 238  
 2238   16.4  4.8  0.7  chr1_180467_Sniffles2.INS.11S0   4096  4540    (3) C TAR1      Satellite/subtelo    (0)    462      1 239  
   77    0.0  1.1  5.6  chr1_180656_Sniffles2.INS.FS0      3    96    (0) + (AACCCT)n Simple_repeat      1     90    (0) 240  
   46   10.0  1.3  1.3  chr1_180802_Sniffles2.INS.13S0      1    77    (0) + (ACCCTA)n Simple_repeat      1     77    (0) 241  
  936    3.5  1.0  0.0  chr1_181171_Sniffles2.INS.11S0      1   201    (1) C TAR1     Satellite/subtelo  (557)   1553   1351 242  
  226   27.3  3.6  2.0  chr1_191372_Sniffles2.INS.15S0     38   123 (1878) + L2b      LINE/L2      3255   3394   (32) 243  
  263   31.7  7.6  4.3  chr1_191372_Sniffles2.INS.15S0    170   327 (1674) + L3       LINE/CR1     3656   3818  (281) 244  
  264   25.4  7.3  7.3  chr1_191372_Sniffles2.INS.15S0   1174  1309  (692) + MIR      SINE/MIR       49    184   (84) 245  
  182   38.1  0.0  0.0  chr1_20849_Sniffles2.INS.6S0     67   129 (1867) + L2a      LINE/L2          3337   3399   (27) 246  
  294   25.7  1.7  9.3  chr1_20849_Sniffles2.INS.6S0    207   322 (1674) + L3       LINE/CR1         3711   3818  (281) 247  
  265   24.6 13.4  2.5  chr1_20849_Sniffles2.INS.6S0   1178  1319  (677) + MIR      SINE/MIR           46    202   (60) 248  
   25   19.2  3.9  6.9  chr1_20849_Sniffles2.INS.6S0   1590  1693  (303) + GA-rich  Low_complexity      1    101    (0) 249  
 1402    1.9  0.0  0.0  chr1_34044_Sniffles2.INS.5S0      1   155 (2902) C L1P1     LINE/L1     (519)   5635   5481 250  
 1534    4.0  0.0  0.0  chr1_34044_Sniffles2.INS.5S0    156   329 (2728) C AluY     SINE/Alu      (9)    302    129 251  
18100    5.8  1.1  0.1  chr1_34044_Sniffles2.INS.5S0    330  2772  (285) C L1P1     LINE/L1     (664)   5490   3021 250  
  783   14.0  0.0  0.0  chr1_34044_Sniffles2.INS.5S0   2950  3056    (1) C FLAM_C   SINE/Alu     (25)    108      2 252  
 2758    2.9  0.0  0.0  chr1_59598_Sniffles2.INS.8S0      6   313    (0) C AluY     SINE/Alu      (3)    308      1 253  
  117   10.0  4.0  4.5  chr1_66378_Sniffles2.INS.4S0      1   247    (2) + (ATATA)n Simple_repeat      1    246    (0) 254  
  486    4.9  0.0  0.0  chr1_95077_Sniffles2.INS.8S0      1    61   (48) C Alu      SINE/Alu       (251)     61      1 255  
  237   23.9  0.0  0.0  chr1_95077_Sniffles2.INS.8S0     62   107    (2) C MLT1H    LTR/ERVL-MaLR  (442)    107     62 256  
 1386    2.6  0.0  0.0  chr1_204560_Sniffles2.INS.DS0      1   155 (2911) C L1P1     LINE/L1     (519)   5635   5481 257  
 1346    4.6  0.0  0.0  chr1_204560_Sniffles2.INS.DS0    157   334 (2732) C AluY     SINE/Alu      (0)    311    129 258  
17679    5.7  1.5  0.8  chr1_204560_Sniffles2.INS.DS0    335  2788  (278) C L1P1     LINE/L1     (664)   5490   3021 257  
  849   10.2  0.0  0.0  chr1_204560_Sniffles2.INS.DS0   2959  3066    (0) C FLAM_C   SINE/Alu     (25)    108      1 259  
 2617    4.0  0.3  0.3  chr1_362691_Sniffles2.INS.FS0     12   313    (0) + AluY     SINE/Alu        1    302    (9) 260  
   16   24.2  1.9  3.9  chr1_382282_Sniffles2.INS.17S0    232   283  (513) + (GT)n    Simple_repeat      1     51    (0) 261  
   34   31.3  0.7  4.7  chr1_382282_Sniffles2.INS.17S0    617   770   (26) + (TG)n    Simple_repeat      1    148    (0) 262  
 1918    9.1  0.0  0.4  chr1_396685_Sniffles2.INS.24S0      1   244 (1101) C AluSx    SINE/Alu        (68)    244      2 263  
 1585   12.0  5.6  0.7  chr1_396685_Sniffles2.INS.24S0   1077  1345    (0) + MSTA     LTR/ERVL-MaLR      1    282  (146) 264  
  335   23.9  5.4  1.0  chr1_432863_Sniffles2.INS.1ES0     38   130 (2376) + L1PA10   LINE/L1      5946   6042  (126) 265 *
  359   20.4  5.3  2.0  chr1_432863_Sniffles2.INS.1ES0    115   209 (2297) + L1PA8    LINE/L1      5946   6043  (129) 266  
  235   19.1  6.8  1.5  chr1_432863_Sniffles2.INS.1ES0    263   352 (2154) + L1PA11   LINE/L1      5946   6048  (124) 267 *
  390   19.6  5.4  1.0  chr1_432863_Sniffles2.INS.1ES0    332   424 (2082) + L1PA10   LINE/L1      5946   6042  (126) 268  
  314   21.2  3.8  0.0  chr1_432863_Sniffles2.INS.1ES0    409   488 (2018) + L1PA10   LINE/L1      5946   6028  (140) 268 *
  339   17.9  5.6  1.2  chr1_432863_Sniffles2.INS.1ES0    487   579 (1927) + L1PA11   LINE/L1      5946   6044  (124) 269  
  262   17.7 11.5  0.2  chr1_432863_Sniffles2.INS.1ES0    567   660 (1846) + L1PA10   LINE/L1      5946   6048  (124) 270 *
  280   19.2 10.3  0.0  chr1_432863_Sniffles2.INS.1ES0    640   717 (1789) + L1PA10   LINE/L1      5946   6031  (137) 271 *
  307   21.0  7.9  0.5  chr1_432863_Sniffles2.INS.1ES0    695   805 (1701) + L1PA10   LINE/L1      5927   6045  (109) 272 *
  367   18.4  7.2  0.7  chr1_432863_Sniffles2.INS.1ES0    790   964 (1542) + L1PA10   LINE/L1      5946   6077   (77) 273  
  318   21.0  8.3  1.0  chr1_432863_Sniffles2.INS.1ES0    944  1039 (1467) + L1PA8    LINE/L1      5946   6048  (124) 274 *
  336   15.6  9.3  0.3  chr1_432863_Sniffles2.INS.1ES0   1019  1109 (1397) + L1PA10   LINE/L1      5946   6045  (109) 275  
  329   18.9  9.5  0.0  chr1_432863_Sniffles2.INS.1ES0   1094  1167 (1339) + L1PA13   LINE/L1      5946   6026  (148) 276 *
  298   19.2 10.3  0.0  chr1_432863_Sniffles2.INS.1ES0   1170  1247 (1259) + L1PA10   LINE/L1      5946   6031  (137) 277  
  264   25.0  7.2  1.0  chr1_432863_Sniffles2.INS.1ES0   1244  1340 (1166) + L1PA8    LINE/L1      5946   6048  (124) 278 *
  306   13.8  1.1  4.0  chr1_432863_Sniffles2.INS.1ES0   1320  1401 (1105) + L1PA11   LINE/L1      5946   6031  (137) 279  
  324   19.2 10.0  0.9  chr1_432863_Sniffles2.INS.1ES0   1443  1542  (964) + L1PA8    LINE/L1      5940   6048  (124) 280 *
  366   16.5  6.5  2.1  chr1_432863_Sniffles2.INS.1ES0   1522  1614  (892) + L1PA10   LINE/L1      5946   6042  (126) 281  
  276   18.4  3.0  1.5  chr1_432863_Sniffles2.INS.1ES0   1599  1664  (842) + L1PA11   LINE/L1      5946   6012  (162) 282 *
  233   27.8  1.9  3.9  chr1_432863_Sniffles2.INS.1ES0   1699  1803  (703) + L1PA8    LINE/L1      5946   6048  (124) 283  
  232   20.8 10.3  0.9  chr1_432863_Sniffles2.INS.1ES0   1802  1898  (608) + L1PA8    LINE/L1      5943   6048  (124) 283 *
  339   17.9  5.6  1.2  chr1_432863_Sniffles2.INS.1ES0   1878  1970  (536) + L1PA11   LINE/L1      5946   6044  (124) 284  
  262   17.7 11.5  0.2  chr1_432863_Sniffles2.INS.1ES0   1958  2051  (455) + L1PA10   LINE/L1      5946   6048  (124) 285 *
  280   19.2 10.3  0.0  chr1_432863_Sniffles2.INS.1ES0   2031  2108  (398) + L1PA10   LINE/L1      5946   6031  (137) 286  
  247   18.4  0.0  0.0  chr1_432863_Sniffles2.INS.1ES0   2163  2211  (295) + L1PA11   LINE/L1      5946   5994  (180) 287  
  288   15.7  0.0  0.0  chr1_432863_Sniffles2.INS.1ES0   2224  2274  (232) + L1PA11   LINE/L1      5946   5996  (178) 287  
  355   20.0  5.5  1.4  chr1_432863_Sniffles2.INS.1ES0   2289  2506    (0) + L1PA10   LINE/L1      5927   6077   (77) 288  
  233   24.4  7.8  3.8  chr1_432890_Sniffles2.INS.18S0      4   105 (1774) + L1PA8    LINE/L1      5938   6043  (129) 289 *
  262   18.8  5.4 14.6  chr1_432890_Sniffles2.INS.18S0     90   201 (1678) + L1PA8A   LINE/L1      5946   6048  (124) 290  
  260   20.1  0.0  5.5  chr1_432890_Sniffles2.INS.18S0    187   244 (1635) + L1PA11   LINE/L1      5948   6002  (172) 291 *
  261   19.5 10.1  2.1  chr1_432890_Sniffles2.INS.18S0    258   346 (1533) + L1PA8    LINE/L1      5948   6043  (129) 292 *
  276   19.8 13.0  1.0  chr1_432890_Sniffles2.INS.18S0    331   422 (1457) + L1PA8    LINE/L1      5946   6048  (124) 292 *
  363   16.7  7.6  0.3  chr1_432890_Sniffles2.INS.18S0    402   517 (1362) + L1PA11   LINE/L1      5946   6068   (86) 293  
  297   17.9  7.6  3.1  chr1_432890_Sniffles2.INS.18S0    485   576 (1303) + L1PA10   LINE/L1      5947   6042  (126) 294 *
  264   16.8 13.9  2.3  chr1_432890_Sniffles2.INS.18S0    561   639 (1240) + L1PA13   LINE/L1      5946   6033  (139) 295 *
  319   14.9  9.5  0.0  chr1_432890_Sniffles2.INS.18S0    730   803 (1076) + L1PA11   LINE/L1      5946   6026  (148) 296  
  313   20.2  8.4  1.0  chr1_432890_Sniffles2.INS.18S0    885   979  (900) + L1PA8    LINE/L1      5947   6048  (124) 297  
  313   18.9  7.6  2.1  chr1_432890_Sniffles2.INS.18S0    959  1050  (829) + L1PA10   LINE/L1      5946   6042  (126) 298 *
  337   19.1 10.0  1.0  chr1_432890_Sniffles2.INS.18S0   1035  1124  (755) + L1PA8    LINE/L1      5946   6043  (129) 299  
  261   17.5 12.0  1.2  chr1_432890_Sniffles2.INS.18S0   1109  1183  (696) + L1PA11   LINE/L1      5946   6028  (140) 300 *
  366   18.9  6.6  1.0  chr1_432890_Sniffles2.INS.18S0   1185  1275  (604) + L1PA10   LINE/L1      5947   6042  (126) 301  
  230   23.9 10.1  1.0  chr1_432890_Sniffles2.INS.18S0   1260  1348  (531) + L1PA10   LINE/L1      5946   6042  (126) 301 *
  324   20.0  3.0  2.6  chr1_432890_Sniffles2.INS.18S0   1333  1437  (442) + L1PA13   LINE/L1      5946   6051  (121) 302  
  278   20.5  1.0  1.3  chr1_432890_Sniffles2.INS.18S0   1571  1648  (231) + L1PA11   LINE/L1      5946   6028  (140) 303  
  320   20.8  0.0 13.6  chr1_432890_Sniffles2.INS.18S0   1658  1774  (105) + L1PA8    LINE/L1      5946   6048  (124) 304  
  311   16.0 13.5  0.0  chr1_432890_Sniffles2.INS.18S0   1754  1838   (41) + L1PA10   LINE/L1      5946   6044  (119) 305 *
  375   17.0  6.1  1.3  chr1_433549_Sniffles2.INS.15S0     36   134   (23) + L1PA10   LINE/L1      5946   6048  (124) 306  
  350    4.2  2.1  0.0  chr1_492213_Sniffles2.INS.14S0      9    56 (1787) + ajax              Unknown         1     49    (0) 307 *
  365    2.2  0.0  0.0  chr1_492213_Sniffles2.INS.14S0     40    85 (1758) + teucerv3_internal Unknown         1     46 (1010) 308  
  341    4.1  0.0  2.0  chr1_492213_Sniffles2.INS.14S0     57   106 (1737) + ajax              Unknown         1     49    (0) 309 *
  359    9.4  2.2  2.6  chr1_492213_Sniffles2.INS.14S0     89   171 (1672) + ajax              Unknown         1     80  (976) 310 *
  365    2.2  0.0  0.0  chr1_492213_Sniffles2.INS.14S0    138   183 (1660) + teucerv3_internal Unknown         1     46 (1010) 311  
  350    4.1  0.0  0.0  chr1_492213_Sniffles2.INS.14S0    155   203 (1640) + ajax              Unknown         1     49    (0) 312 *
  244    8.9  2.2  0.0  chr1_492213_Sniffles2.INS.14S0    187   231 (1612) + teucerv3_internal Unknown         1     46 (1010) 313 *
  285    6.4  4.3  0.0  chr1_492213_Sniffles2.INS.14S0    204   250 (1593) + ajax              Unknown         1     49    (0) 314 *
  327    2.2  2.2  0.0  chr1_492213_Sniffles2.INS.14S0    235   279 (1564) + teucerv3_internal Unknown         1     46 (1010) 315 *
  350    4.1  0.0  0.0  chr1_492213_Sniffles2.INS.14S0    251   299 (1544) + ajax              Unknown         1     49    (0) 316 *
  389   10.9  0.5  2.0  chr1_492213_Sniffles2.INS.14S0    283   365 (1478) + ajax              Unknown         1     80  (976) 317  
  361    4.7  0.0  6.5  chr1_492213_Sniffles2.INS.14S0    332   397 (1446) + teucerv3_internal Unknown         1     51 (1005) 318 *
  244    5.3  0.0  0.0  chr1_492213_Sniffles2.INS.14S0    381   418 (1425) + teucerv3_internal Unknown         1     38 (1018) 318 *
  255    8.3  2.1  0.0  chr1_492213_Sniffles2.INS.14S0    398   445 (1398) + ajax              Unknown         1     49    (0) 319 *
  286    6.5  0.0  0.0  chr1_492213_Sniffles2.INS.14S0    429   474 (1369) + teucerv3_internal Unknown         1     46 (1010) 320 *
  320    6.1  0.0  0.0  chr1_492213_Sniffles2.INS.14S0    446   494 (1349) + ajax              Unknown         1     49    (0) 321  
  248    6.7  2.2  0.0  chr1_492213_Sniffles2.INS.14S0    478   522 (1321) + teucerv3_internal Unknown         1     46 (1010) 322 *
  281    6.2  2.1  0.0  chr1_492213_Sniffles2.INS.14S0    495   542 (1301) + ajax              Unknown         1     49    (0) 323  
  325    6.2  2.1  0.0  chr1_492213_Sniffles2.INS.14S0    543   590 (1253) + ajax              Unknown         1     49    (0) 324 *
  329    2.4  0.0  0.0  chr1_492213_Sniffles2.INS.14S0    574   615 (1228) + teucerv3_internal Unknown         1     42 (1014) 325  
  319    6.4  0.0  0.0  chr1_492213_Sniffles2.INS.14S0    591   637 (1206) + ajax              Unknown         1     47    (2) 326 *
  295    2.4  2.4  0.0  chr1_492213_Sniffles2.INS.14S0    623   663 (1180) + teucerv3_internal Unknown         1     42 (1014) 327 *
  289    8.2  0.0  0.0  chr1_492213_Sniffles2.INS.14S0    639   687 (1156) + ajax              Unknown         1     49    (0) 328 *
  330    8.2  0.0  0.0  chr1_492213_Sniffles2.INS.14S0    688   736 (1107) + ajax              Unknown         1     49    (0) 329 *
  357    4.3  0.0  0.0  chr1_492213_Sniffles2.INS.14S0    720   765 (1078) + teucerv3_internal Unknown         1     46 (1010) 330  
  350    4.1  0.0  0.0  chr1_492213_Sniffles2.INS.14S0    737   785 (1058) + ajax              Unknown         1     49    (0) 331 *
  337    8.2  0.0  0.0  chr1_492213_Sniffles2.INS.14S0    786   834 (1009) + ajax              Unknown         1     49    (0) 332  
  329    2.4  0.0  0.0  chr1_492213_Sniffles2.INS.14S0    818   859  (984) + teucerv3_internal Unknown         1     42 (1014) 333 *
  339    6.1  0.0  0.0  chr1_492213_Sniffles2.INS.14S0    835   883  (960) + ajax              Unknown         1     49    (0) 334  
  322    6.7  2.2  0.0  chr1_492213_Sniffles2.INS.14S0    867   911  (932) + teucerv3_internal Unknown         1     46 (1010) 335 *
  347    8.3  2.1  0.0  chr1_492213_Sniffles2.INS.14S0    884   931  (912) + ajax              Unknown         1     49    (0) 336  
  323    7.1  0.0  0.0  chr1_492213_Sniffles2.INS.14S0    915   956  (887) + teucerv3_internal Unknown         1     42 (1014) 337 *
  278    8.5  4.3  0.0  chr1_492213_Sniffles2.INS.14S0    932   978  (865) + ajax              Unknown         1     49    (0) 338 *
  334    2.3  0.0  0.0  chr1_492213_Sniffles2.INS.14S0    965  1007  (836) + teucerv3_internal Unknown         4     46 (1010) 339 *
  350    4.1  0.0  0.0  chr1_492213_Sniffles2.INS.14S0    979  1027  (816) + ajax              Unknown         1     49    (0) 340  
  267   10.4  2.1  0.0  chr1_492213_Sniffles2.INS.14S0   1028  1075  (768) + ajax              Unknown         1     49    (0) 341 *
  336    4.3  0.0  0.0  chr1_492213_Sniffles2.INS.14S0   1059  1104  (739) + teucerv3_internal Unknown         1     46 (1010) 342  
  320    6.1  0.0  0.0  chr1_492213_Sniffles2.INS.14S0   1076  1124  (719) + ajax              Unknown         1     49    (0) 343 *
  240    2.7  0.0  0.0  chr1_492213_Sniffles2.INS.14S0   1165  1201  (642) + teucerv3_internal Unknown        10     46 (1010) 344 *
  320    6.1  0.0  0.0  chr1_492213_Sniffles2.INS.14S0   1173  1221  (622) + ajax              Unknown         1     49    (0) 345  
  229    7.0  7.0  0.0  chr1_492213_Sniffles2.INS.14S0   1205  1247  (596) + teucerv3_internal Unknown         1     46 (1010) 346 *
  261    6.5  6.5  0.0  chr1_492213_Sniffles2.INS.14S0   1222  1267  (576) + ajax              Unknown         1     49    (0) 347  
  272   10.9  6.5  0.0  chr1_492213_Sniffles2.INS.14S0   1268  1313  (530) + ajax              Unknown         1     49    (0) 348 *
  339   10.4  0.5  2.0  chr1_492213_Sniffles2.INS.14S0   1297  1379  (464) + ajax              Unknown         1     80  (976) 349  
  339   10.4  0.5  2.0  chr1_492213_Sniffles2.INS.14S0   1346  1428  (415) + ajax              Unknown         1     80  (976) 349  
  339   10.4  0.5  2.0  chr1_492213_Sniffles2.INS.14S0   1395  1477  (366) + ajax              Unknown         1     80  (976) 349  
  329    2.4  0.0  0.0  chr1_492213_Sniffles2.INS.14S0   1444  1485  (358) + teucerv3_internal Unknown         1     42 (1014) 350 *
  289    8.2  0.0  0.0  chr1_492213_Sniffles2.INS.14S0   1461  1509  (334) + ajax              Unknown         1     49    (0) 351 *
  289   10.2  0.0  2.0  chr1_492213_Sniffles2.INS.14S0   1510  1559  (284) + ajax              Unknown         1     49    (0) 352 *
  357    4.3  0.0  0.0  chr1_492213_Sniffles2.INS.14S0   1543  1588  (255) + teucerv3_internal Unknown         1     46 (1010) 353  
  350    4.1  0.0  0.0  chr1_492213_Sniffles2.INS.14S0   1560  1608  (235) + ajax              Unknown         1     49    (0) 354 *
  337    8.2  0.0  0.0  chr1_492213_Sniffles2.INS.14S0   1609  1657  (186) + ajax              Unknown         1     49    (0) 355  
  329    2.4  0.0  0.0  chr1_492213_Sniffles2.INS.14S0   1641  1682  (161) + teucerv3_internal Unknown         1     42 (1014) 356 *
  339    6.1  0.0  0.0  chr1_492213_Sniffles2.INS.14S0   1658  1706  (137) + ajax              Unknown         1     49    (0) 357  
  322    6.7  2.2  0.0  chr1_492213_Sniffles2.INS.14S0   1690  1734  (109) + teucerv3_internal Unknown         1     46 (1010) 358 *
  347    8.3  2.1  0.0  chr1_492213_Sniffles2.INS.14S0   1707  1754   (89) + ajax              Unknown         1     49    (0) 359  
  337   12.6  0.5  2.0  chr1_492213_Sniffles2.INS.14S0   1738  1820   (23) + ajax              Unknown         1     80  (976) 360 *
  365    2.2  0.0  0.0  chr1_492213_Sniffles2.INS.14S0   1787  1832   (11) + teucerv3_internal Unknown         1     46 (1010) 361  
  308    2.5  0.0  0.0  chr1_492213_Sniffles2.INS.14S0   1804  1843    (0) + ajax              Unknown         1     40    (9) 362 *
  254    5.0 10.0  0.0  chr1_492227_Sniffles2.INS.20S0      2    41 (1084) + ajax              Unknown         6     49    (0) 363 *
  334    2.3  0.0  0.0  chr1_492227_Sniffles2.INS.20S0     28    70 (1055) + teucerv3_internal Unknown         4     46 (1010) 364  
  265    8.2  0.0  2.0  chr1_492227_Sniffles2.INS.20S0     42    91 (1034) + ajax              Unknown         1     49    (0) 365 *
  233   13.2  5.1  3.8  chr1_492227_Sniffles2.INS.20S0     75   153  (972) + teucerv3_internal Unknown         1     80  (976) 366 *
  304    4.7  0.0  0.0  chr1_492227_Sniffles2.INS.20S0    123   165  (960) + teucerv3_internal Unknown         4     46 (1010) 367 *
  319    6.1  0.0  0.0  chr1_492227_Sniffles2.INS.20S0    137   185  (940) + ajax              Unknown         1     49    (0) 368  
  259    9.1  2.2  2.2  chr1_492227_Sniffles2.INS.20S0    195   239  (886) + ajax              Unknown         5     49    (0) 369  
  286    6.1  0.0  2.0  chr1_492227_Sniffles2.INS.20S0    240   289  (836) + ajax              Unknown         1     49    (0) 370  
  272   10.3  6.5  1.9  chr1_492227_Sniffles2.INS.20S0    273   334  (791) + ajax              Unknown         1     57  (999) 370 *
  307    4.9  0.0  0.0  chr1_492227_Sniffles2.INS.20S0    323   363  (762) + teucerv3_internal Unknown         6     46 (1010) 371 *
  348    6.1  0.0  0.0  chr1_492227_Sniffles2.INS.20S0    335   383  (742) + ajax              Unknown         1     49    (0) 372  
  289   10.2  0.0  0.0  chr1_492227_Sniffles2.INS.20S0    384   432  (693) + ajax              Unknown         1     49    (0) 373  
  254    8.7  0.0  0.0  chr1_492227_Sniffles2.INS.20S0    416   461  (664) + teucerv3_internal Unknown         1     46 (1010) 374 *
  289    8.2  0.0  0.0  chr1_492227_Sniffles2.INS.20S0    433   481  (644) + ajax              Unknown         1     49    (0) 375 *
  296    4.7  0.0  0.0  chr1_492227_Sniffles2.INS.20S0    465   507  (618) + teucerv3_internal Unknown         1     43 (1013) 376  
  290    6.1  0.0  2.0  chr1_492227_Sniffles2.INS.20S0    482   531  (594) + ajax              Unknown         1     49    (0) 377 *
  269    7.7  4.1  1.4  chr1_492227_Sniffles2.INS.20S0    515   576  (549) + ajax              Unknown         1     60  (996) 377 *
  339    9.8  1.0  2.0  chr1_492227_Sniffles2.INS.20S0    562   643  (482) + ajax              Unknown         1     80  (976) 378  
  281    4.8  0.0  2.4  chr1_492227_Sniffles2.INS.20S0    610   652  (473) + teucerv3_internal Unknown         1     42 (1014) 379 *
  261    8.2  0.0  4.1  chr1_492227_Sniffles2.INS.20S0    627   677  (448) + ajax              Unknown         1     49    (0) 380 *
  339   10.4  0.5  2.0  chr1_492227_Sniffles2.INS.20S0    661   743  (382) + ajax              Unknown         1     80  (976) 381  
  329    2.4  0.0  0.0  chr1_492227_Sniffles2.INS.20S0    710   751  (374) + teucerv3_internal Unknown         1     42 (1014) 382 *
  289    8.2  0.0  0.0  chr1_492227_Sniffles2.INS.20S0    727   775  (350) + ajax              Unknown         1     49    (0) 383 *
  343   10.4  0.5  3.6  chr1_492227_Sniffles2.INS.20S0    759   837  (288) + ajax              Unknown         1     73  (983) 384  
  323    4.4  2.2  0.0  chr1_492227_Sniffles2.INS.20S0    808   852  (273) + teucerv3_internal Unknown         1     46 (1010) 385 *
  346    4.2  0.0  0.0  chr1_492227_Sniffles2.INS.20S0    825   872  (253) + ajax              Unknown         2     49    (0) 386  
  286    8.7  0.0  0.0  chr1_492227_Sniffles2.INS.20S0    856   901  (224) + teucerv3_internal Unknown         1     46 (1010) 387 *
  365    6.1  0.0  0.0  chr1_492227_Sniffles2.INS.20S0    873   921  (204) + ajax              Unknown         1     49    (0) 388  
  287    2.4  0.0  7.1  chr1_492227_Sniffles2.INS.20S0    905   949  (176) + teucerv3_internal Unknown         1     42 (1014) 389 *
  307    8.2  0.0  2.0  chr1_492227_Sniffles2.INS.20S0    925   974  (151) + ajax              Unknown         1     49    (0) 390  
  292    6.7  2.2  2.2  chr1_492227_Sniffles2.INS.20S0    957  1002  (123) + teucerv3_internal Unknown         1     46 (1010) 391 *
  347    8.3  2.1  0.0  chr1_492227_Sniffles2.INS.20S0    975  1022  (103) + ajax              Unknown         1     49    (0) 392  
  302    9.3  0.0  0.0  chr1_492227_Sniffles2.INS.20S0   1031  1073   (52) + ajax              Unknown         7     49    (0) 393 *
  381    4.3  0.3  4.9  chr1_492227_Sniffles2.INS.20S0   1057  1121    (4) + teucerv3_internal Unknown         1     54 (1002) 394  
  693    0.0  1.1  2.3  chr1_498625_Sniffles2.INS.1FS0      1    87  (704) C COMP-subunit_TELO_rnd-6_family-10479 Unknown       (0)     86      1 395  
  291   26.9  2.6  0.0  chr1_498625_Sniffles2.INS.1FS0     96   173  (618) + L2a                                  LINE/L2      2563   2642  (777) 396  
  782   23.1  8.2  1.1  chr1_498625_Sniffles2.INS.1FS0    226   470  (321) + L2a                                  LINE/L2      2650   2911  (508) 396  
  313   24.2  7.8  3.0  chr1_498625_Sniffles2.INS.1FS0    477   668  (123) + L2a                                  LINE/L2      3030   3230  (196) 396  
  389   14.3  0.0 14.1  chr1_498625_Sniffles2.INS.1FS0    682   788    (3) C AluJb                                SINE/Alu    (130)    172     86 397  
 1016    8.5  0.0  0.0  chr1_515944_Sniffles2.INS.21S0      2   130   (15) + AluSx    SINE/Alu      171    299   (13) 398  
  272   25.3  0.0  1.3  chr1_600739_Sniffles2.INS.21S0      1    76  (164) C L1MD3    LINE/L1    (1376)   6619   6545 399  
  235   24.0  3.9  8.1  chr1_600739_Sniffles2.INS.21S0     79   155   (85) C L1MD3    LINE/L1    (1266)   6616   6543 399  
  378   19.8  6.7  0.5  chr1_668408_Sniffles2.INS.27S0      6   180  (281) + L1PA10   LINE/L1      5946   6077   (77) 400  
  331   18.1  6.9  0.0  chr1_668408_Sniffles2.INS.27S0    160   231  (230) + L1PA10   LINE/L1      5946   6022  (146) 401 *
  337   20.3  6.2  0.2  chr1_668408_Sniffles2.INS.27S0    280   377   (84) + L1PA10   LINE/L1      5946   6048  (124) 402  
  317    8.9  0.0  0.0  chr1_668408_Sniffles2.INS.27S0    416   460    (1) + L1PA11   LINE/L1      5946   5990  (184) 403  
  274   19.6  5.3  8.7  chr1_668544_Sniffles2.INS.15S0     32   126 (3274) + L1PA8    LINE/L1      5952   6043  (129) 404  
  236   20.2  8.7  3.1  chr1_668544_Sniffles2.INS.15S0    260   351 (3049) + L1PA10   LINE/L1      5946   6042  (126) 405  
  351   21.7  5.4  1.0  chr1_668544_Sniffles2.INS.15S0    404   496 (2904) + L1PA10   LINE/L1      5946   6042  (126) 406  
  301   17.2 12.4  2.0  chr1_668544_Sniffles2.INS.15S0    481   569 (2831) + L1PA8    LINE/L1      5946   6043  (129) 407 *
  258   15.2  6.8  0.0  chr1_668544_Sniffles2.INS.15S0    626   684 (2716) + L1PA11   LINE/L1      5946   6008  (166) 408  
  293   15.6 14.8  5.1  chr1_668544_Sniffles2.INS.15S0    839   946 (2454) + L1PA8    LINE/L1      5926   6043  (129) 409  
  335   20.4 10.1  1.0  chr1_668544_Sniffles2.INS.15S0   1000  1088 (2312) + L1PA10   LINE/L1      5946   6042  (126) 410  
  293   17.6 13.9  1.0  chr1_668544_Sniffles2.INS.15S0   1073  1158 (2242) + L1PA10   LINE/L1      5946   6042  (126) 410 *
  281   17.9  7.5  0.3  chr1_668544_Sniffles2.INS.15S0   1143  1235 (2165) + L1PA8A   LINE/L1      5946   6048  (124) 411 *
  238   16.2  8.9  0.6  chr1_668544_Sniffles2.INS.15S0   1270  1356 (2044) + L1PA11   LINE/L1      5946   6042  (126) 412 *
  287   15.9  9.0  0.0  chr1_668544_Sniffles2.INS.15S0   1341  1416 (1984) + L1PA8A   LINE/L1      5946   6033  (139) 413  
  278   21.5  8.9  0.0  chr1_668544_Sniffles2.INS.15S0   1412  1490 (1910) + L1PA10   LINE/L1      5946   6031  (137) 414 *
  282   18.1 10.9  4.1  chr1_668544_Sniffles2.INS.15S0   1487  1578 (1822) + L1PA8    LINE/L1      5946   6043  (129) 415  
  276   20.7 12.5  1.0  chr1_668544_Sniffles2.INS.15S0   1636  1723 (1677) + L1PA8    LINE/L1      5946   6043  (129) 416 *
  286   19.5 12.4  2.0  chr1_668544_Sniffles2.INS.15S0   1708  1796 (1604) + L1PA8    LINE/L1      5946   6043  (129) 416  
  276   17.5  4.8  2.8  chr1_668544_Sniffles2.INS.15S0   1780  1870 (1530) + L1PA11   LINE/L1      5946   6042  (126) 417 *
  312   19.5  2.8  0.0  chr1_668544_Sniffles2.INS.15S0   1855  1930 (1470) + L1PA11   LINE/L1      5946   6028  (140) 417  
  281   19.0  5.0  0.1  chr1_668544_Sniffles2.INS.15S0   1936  2024 (1376) + L1PA11   LINE/L1      5952   6048  (124) 418  
  274   16.4  9.5  1.2  chr1_668544_Sniffles2.INS.15S0   2004  2077 (1323) + L1PA10   LINE/L1      5946   6025  (143) 419 *
  246   15.2 10.3  7.5  chr1_668544_Sniffles2.INS.15S0   2086  2163 (1237) + L1PA10   LINE/L1      5952   6031  (137) 419 *
  258   20.5  2.7  3.0  chr1_668544_Sniffles2.INS.15S0   2160  2257 (1143) + L1PA11   LINE/L1      5946   6048  (124) 420 *
  276   23.2  8.7  1.3  chr1_668544_Sniffles2.INS.15S0   2237  2333 (1067) + L1PA10   LINE/L1      5946   6048  (124) 421  
  234   15.0  0.0  0.0  chr1_668544_Sniffles2.INS.15S0   2313  2352 (1048) + L1PA11   LINE/L1      5946   5985  (189) 422 *
  269   20.0  7.5  0.0  chr1_668544_Sniffles2.INS.15S0   2423  2502  (898) + L1PA10   LINE/L1      5946   6031  (137) 423  
  235   18.2 11.5  1.2  chr1_668544_Sniffles2.INS.15S0   2534  2611  (789) + L1PA10   LINE/L1      5946   6031  (137) 424  
  332   16.8 11.6  0.1  chr1_668544_Sniffles2.INS.15S0   2806  2897  (503) + L1PA8    LINE/L1      5946   6048  (115) 425  
  260   16.4 11.0  3.4  chr1_668544_Sniffles2.INS.15S0   2880  2961  (439) + L1PA8    LINE/L1      5946   6033  (139) 426 *
  268   17.1 12.9  0.0  chr1_668544_Sniffles2.INS.15S0   3032  3101  (299) + L1PA11   LINE/L1      5948   6026  (148) 427  
  296   17.6  5.1  0.0  chr1_668544_Sniffles2.INS.15S0   3136  3213  (187) + L1PA11   LINE/L1      5946   6033  (139) 428  
  279   22.1  6.9  1.1  chr1_668576_Sniffles2.INS.26S0      1    87 (14494) + L1PA8    LINE/L1      5957   6048  (124) 429 *
  366   19.1  6.2  0.2  chr1_668576_Sniffles2.INS.26S0     67   164 (14417) + L1PA10   LINE/L1      5946   6048  (124) 430  
  359   18.5  6.2  0.0  chr1_668576_Sniffles2.INS.26S0    144   224 (14357) + L1PA10   LINE/L1      5946   6031  (137) 431 *
  386   19.9  4.9  2.3  chr1_668576_Sniffles2.INS.26S0    221   415 (14166) + L1PA10   LINE/L1      5922   6064   (67) 432  
  308   15.7  0.0  0.0  chr1_668576_Sniffles2.INS.26S0    411   461 (14120) + L1PA12   LINE/L1      5946   5996  (172) 433 *
  242   17.1 12.9  0.0  chr1_668576_Sniffles2.INS.26S0    460   529 (14052) + L1PA10   LINE/L1      5953   6031  (137) 434 *
  394   18.2 10.0  3.9  chr1_668576_Sniffles2.INS.26S0    538   657 (13924) + L1PA8    LINE/L1      5922   6048  (124) 435  
  362   18.8  8.7  0.9  chr1_668576_Sniffles2.INS.26S0    637   808 (13773) + L1PA8    LINE/L1      5946   6077   (77) 436 *
  317   19.3  7.5  0.2  chr1_668576_Sniffles2.INS.26S0    788   884 (13697) + L1PA10   LINE/L1      5946   6048  (124) 437 *
  351   21.6  6.1  1.0  chr1_668576_Sniffles2.INS.26S0    864   961 (13620) + L1PA8    LINE/L1      5946   6048  (124) 438 *
  425   20.0  9.0  0.6  chr1_668576_Sniffles2.INS.26S0    941  1202 (13379) + L1PA10   LINE/L1      5946   6077   (77) 439  
  344   21.7  5.4  1.0  chr1_668576_Sniffles2.INS.26S0   1171  1263 (13318) + L1PA10   LINE/L1      5946   6042  (126) 440 *
  381   18.6  8.3  0.9  chr1_668576_Sniffles2.INS.26S0   1248  1480 (13101) + L1PA8    LINE/L1      5946   6077   (77) 441  
  345   22.7  6.1  1.0  chr1_668576_Sniffles2.INS.26S0   1477  1574 (13007) + L1PA8    LINE/L1      5946   6048  (124) 442 *
  391   17.9  7.3  0.4  chr1_668576_Sniffles2.INS.26S0   1554  1708 (12873) + L1PA8    LINE/L1      5946   6077   (77) 443  
  232   16.9 11.1  1.3  chr1_668576_Sniffles2.INS.26S0   1722  1793 (12788) + L1PA10   LINE/L1      5964   6042  (126) 444 *
  369   20.6  5.4  1.0  chr1_668576_Sniffles2.INS.26S0   1778  1870 (12711) + L1PA10   LINE/L1      5946   6042  (126) 445 *
  381   18.5  6.9  0.5  chr1_668576_Sniffles2.INS.26S0   1855  2028 (12553) + L1PA8    LINE/L1      5946   6077   (77) 446  
  351   20.8  7.2  1.0  chr1_668576_Sniffles2.INS.26S0   2008  2104 (12477) + L1PA8    LINE/L1      5946   6048  (124) 447 *
  379   17.9  6.2  0.2  chr1_668576_Sniffles2.INS.26S0   2084  2181 (12400) + L1PA10   LINE/L1      5946   6048  (124) 448  
  302   22.7  6.2  0.2  chr1_668576_Sniffles2.INS.26S0   2161  2258 (12323) + L1PA10   LINE/L1      5946   6048  (124) 448 *
  297   15.7  0.0  0.0  chr1_668576_Sniffles2.INS.26S0   2238  2288 (12293) + L1PA10   LINE/L1      5946   5996  (172) 449 *
  319   13.1  3.3  0.0  chr1_668576_Sniffles2.INS.26S0   2313  2373 (12208) + L1PA11   LINE/L1      5946   6008  (166) 450 *
  390   20.1  7.3  0.8  chr1_668576_Sniffles2.INS.26S0   2363  2712 (11869) + L1PA10   LINE/L1      5929   6077   (77) 451  
  337   20.3  6.2  0.2  chr1_668576_Sniffles2.INS.26S0   2692  2789 (11792) + L1PA10   LINE/L1      5946   6048  (124) 452 *
  325   21.5  6.2  0.2  chr1_668576_Sniffles2.INS.26S0   2769  2866 (11715) + L1PA10   LINE/L1      5946   6048  (124) 452 *
  359   19.1  6.2  0.2  chr1_668576_Sniffles2.INS.26S0   2846  2943 (11638) + L1PA10   LINE/L1      5946   6048  (124) 452 *
  379   20.6  6.1  1.0  chr1_668576_Sniffles2.INS.26S0   2923  3020 (11561) + L1PA8    LINE/L1      5946   6048  (124) 453  
  348   20.2  7.1  0.0  chr1_668576_Sniffles2.INS.26S0   3000  3083 (11498) + L1PA8    LINE/L1      5946   6035  (137) 453 *
  346   20.3  6.2  0.2  chr1_668576_Sniffles2.INS.26S0   3077  3174 (11407) + L1PA10   LINE/L1      5946   6048  (124) 454 *
  390   19.0  7.4  0.5  chr1_668576_Sniffles2.INS.26S0   3154  3387 (11194) + L1PA10   LINE/L1      5946   6077   (77) 455  
  390   19.1  7.7  0.5  chr1_668576_Sniffles2.INS.26S0   3384  3634 (10947) + L1PA10   LINE/L1      5946   6077   (77) 455  
  337   20.3  6.2  0.2  chr1_668576_Sniffles2.INS.26S0   3614  3711 (10870) + L1PA10   LINE/L1      5946   6048  (124) 456 *
  330   21.6  6.2  0.2  chr1_668576_Sniffles2.INS.26S0   3691  3788 (10793) + L1PA10   LINE/L1      5946   6048  (124) 456 *
  371   20.6  5.4  1.0  chr1_668576_Sniffles2.INS.26S0   3768  3860 (10721) + L1PA10   LINE/L1      5946   6042  (126) 456 *
  379   20.6  6.1  1.0  chr1_668576_Sniffles2.INS.26S0   3845  3942 (10639) + L1PA8    LINE/L1      5946   6048  (124) 457  
  333   21.5  6.2  0.2  chr1_668576_Sniffles2.INS.26S0   3922  4019 (10562) + L1PA10   LINE/L1      5946   6048  (124) 458 *
  325   21.5  6.2  0.2  chr1_668576_Sniffles2.INS.26S0   3999  4096 (10485) + L1PA10   LINE/L1      5946   6048  (124) 458 *
  337   20.3  6.2  0.2  chr1_668576_Sniffles2.INS.26S0   4076  4173 (10408) + L1PA10   LINE/L1      5946   6048  (124) 458 *
  350   20.9  3.7  0.2  chr1_668576_Sniffles2.INS.26S0   4153  4252 (10329) + L1PA10   LINE/L1      5946   6048  (124) 458  
  349   21.6  6.8  0.8  chr1_668576_Sniffles2.INS.26S0   4232  4406 (10175) + L1PA8    LINE/L1      5946   6077   (77) 459 *
  304   22.8  5.3  3.1  chr1_668576_Sniffles2.INS.26S0   4386  4480 (10101) + L1PA10   LINE/L1      5946   6042  (126) 460 *
  379   17.9  6.2  0.2  chr1_668576_Sniffles2.INS.26S0   4465  4562 (10019) + L1PA10   LINE/L1      5946   6048  (124) 460  
  337   20.3  6.2  0.2  chr1_668576_Sniffles2.INS.26S0   4542  4639  (9942) + L1PA10   LINE/L1      5946   6048  (124) 460 *
  296   20.9  1.6  0.0  chr1_668576_Sniffles2.INS.26S0   4619  4700  (9881) + L1PA7    LINE/L1      5946   6033  (139) 461 *
  311   19.5  7.5  0.2  chr1_668576_Sniffles2.INS.26S0   4696  4792  (9789) + L1PA10   LINE/L1      5946   6048  (124) 462  
  308   21.5  6.2  0.2  chr1_668576_Sniffles2.INS.26S0   4772  4869  (9712) + L1PA10   LINE/L1      5946   6048  (124) 462 *
  337   20.3  6.2  0.2  chr1_668576_Sniffles2.INS.26S0   4849  4946  (9635) + L1PA10   LINE/L1      5946   6048  (124) 462  
  325   21.0  6.2  0.0  chr1_668576_Sniffles2.INS.26S0   4926  5006  (9575) + L1PA10   LINE/L1      5946   6031  (137) 463 *
  311   19.5  7.5  0.2  chr1_668576_Sniffles2.INS.26S0   5003  5099  (9482) + L1PA10   LINE/L1      5946   6048  (124) 464 *
  337   20.3  6.2  0.2  chr1_668576_Sniffles2.INS.26S0   5079  5176  (9405) + L1PA10   LINE/L1      5946   6048  (124) 464  
  337   19.8  6.2  0.0  chr1_668576_Sniffles2.INS.26S0   5156  5236  (9345) + L1PA10   LINE/L1      5946   6031  (137) 465 *
  362   17.9  6.2  0.2  chr1_668576_Sniffles2.INS.26S0   5233  5330  (9251) + L1PA10   LINE/L1      5946   6048  (124) 466  
  304   18.1  2.5  1.5  chr1_668576_Sniffles2.INS.26S0   5310  5407  (9174) + L1PA11   LINE/L1      5946   6048  (124) 467 *
  337   20.3  6.2  0.2  chr1_668576_Sniffles2.INS.26S0   5387  5484  (9097) + L1PA10   LINE/L1      5946   6048  (124) 468  
  337   20.3  6.2  0.2  chr1_668576_Sniffles2.INS.26S0   5464  5561  (9020) + L1PA10   LINE/L1      5946   6048  (124) 468  
  337   20.3  6.2  0.2  chr1_668576_Sniffles2.INS.26S0   5541  5638  (8943) + L1PA10   LINE/L1      5946   6048  (124) 468  
  325   21.5  6.2  0.2  chr1_668576_Sniffles2.INS.26S0   5618  5715  (8866) + L1PA10   LINE/L1      5946   6048  (124) 468 *
  359   21.7  5.4  1.0  chr1_668576_Sniffles2.INS.26S0   5695  5787  (8794) + L1PA10   LINE/L1      5946   6042  (126) 468 *
  379   17.9  6.2  0.2  chr1_668576_Sniffles2.INS.26S0   5772  5869  (8712) + L1PA10   LINE/L1      5946   6048  (124) 468  
  317   21.5  6.2  0.2  chr1_668576_Sniffles2.INS.26S0   5849  5946  (8635) + L1PA10   LINE/L1      5946   6048  (124) 468 *
  325   21.0  6.2  0.0  chr1_668576_Sniffles2.INS.26S0   5926  6006  (8575) + L1PA10   LINE/L1      5946   6031  (137) 469  
  308   22.7  6.2  0.2  chr1_668576_Sniffles2.INS.26S0   6003  6100  (8481) + L1PA10   LINE/L1      5946   6048  (124) 470 *
  355   20.3  6.2  0.2  chr1_668576_Sniffles2.INS.26S0   6080  6177  (8404) + L1PA10   LINE/L1      5946   6048  (124) 470 *
  359   19.1  6.2  0.2  chr1_668576_Sniffles2.INS.26S0   6157  6254  (8327) + L1PA10   LINE/L1      5946   6048  (124) 470  
  359   19.1  6.2  0.2  chr1_668576_Sniffles2.INS.26S0   6234  6331  (8250) + L1PA10   LINE/L1      5946   6048  (124) 470  
  337   20.3  6.2  0.2  chr1_668576_Sniffles2.INS.26S0   6311  6408  (8173) + L1PA10   LINE/L1      5946   6048  (124) 470 *
  349   21.6  6.8  0.8  chr1_668576_Sniffles2.INS.26S0   6388  6562  (8019) + L1PA8    LINE/L1      5946   6077   (77) 471 *
  359   21.7  5.4  1.0  chr1_668576_Sniffles2.INS.26S0   6542  6634  (7947) + L1PA10   LINE/L1      5946   6042  (126) 472 *
  379   17.9  6.2  0.2  chr1_668576_Sniffles2.INS.26S0   6619  6716  (7865) + L1PA10   LINE/L1      5946   6048  (124) 472  
  337   20.3  6.2  0.2  chr1_668576_Sniffles2.INS.26S0   6696  6793  (7788) + L1PA10   LINE/L1      5946   6048  (124) 472 *
  325   21.0  6.2  0.0  chr1_668576_Sniffles2.INS.26S0   6773  6853  (7728) + L1PA10   LINE/L1      5946   6031  (137) 473 *
  311   19.5  7.5  0.2  chr1_668576_Sniffles2.INS.26S0   6850  6946  (7635) + L1PA10   LINE/L1      5946   6048  (124) 474 *
  337   20.3  6.2  0.2  chr1_668576_Sniffles2.INS.26S0   6926  7023  (7558) + L1PA10   LINE/L1      5946   6048  (124) 474  
  337   20.3  6.2  0.2  chr1_668576_Sniffles2.INS.26S0   7003  7100  (7481) + L1PA10   LINE/L1      5946   6048  (124) 474  
  325   21.0  6.2  0.0  chr1_668576_Sniffles2.INS.26S0   7080  7160  (7421) + L1PA10   LINE/L1      5946   6031  (137) 475 *
  311   19.5  7.5  0.2  chr1_668576_Sniffles2.INS.26S0   7157  7253  (7328) + L1PA10   LINE/L1      5946   6048  (124) 476 *
  337   20.3  6.2  0.2  chr1_668576_Sniffles2.INS.26S0   7233  7330  (7251) + L1PA10   LINE/L1      5946   6048  (124) 476  
  337   19.8  6.2  0.0  chr1_668576_Sniffles2.INS.26S0   7310  7390  (7191) + L1PA10   LINE/L1      5946   6031  (137) 477 *
  362   17.9  6.2  0.2  chr1_668576_Sniffles2.INS.26S0   7387  7484  (7097) + L1PA10   LINE/L1      5946   6048  (124) 478  
  337   20.3  6.2  0.2  chr1_668576_Sniffles2.INS.26S0   7464  7561  (7020) + L1PA10   LINE/L1      5946   6048  (124) 478 *
  337   20.3  6.2  0.2  chr1_668576_Sniffles2.INS.26S0   7541  7638  (6943) + L1PA10   LINE/L1      5946   6048  (124) 478  
  337   20.3  6.2  0.2  chr1_668576_Sniffles2.INS.26S0   7618  7715  (6866) + L1PA10   LINE/L1      5946   6048  (124) 478  
  337   20.3  6.2  0.2  chr1_668576_Sniffles2.INS.26S0   7695  7792  (6789) + L1PA10   LINE/L1      5946   6048  (124) 478  
  325   21.5  6.2  0.2  chr1_668576_Sniffles2.INS.26S0   7772  7869  (6712) + L1PA10   LINE/L1      5946   6048  (124) 478 *
  374   20.3  6.3  0.5  chr1_668576_Sniffles2.INS.26S0   7849  8023  (6558) + L1PA10   LINE/L1      5946   6077   (77) 479  
  317   21.5  6.2  0.2  chr1_668576_Sniffles2.INS.26S0   8003  8100  (6481) + L1PA10   LINE/L1      5946   6048  (124) 480 *
  325   21.0  6.2  0.0  chr1_668576_Sniffles2.INS.26S0   8080  8160  (6421) + L1PA10   LINE/L1      5946   6031  (137) 481  
  321   21.5  6.2  0.2  chr1_668576_Sniffles2.INS.26S0   8157  8254  (6327) + L1PA10   LINE/L1      5946   6048  (124) 482 *
  355   20.3  6.2  0.2  chr1_668576_Sniffles2.INS.26S0   8234  8331  (6250) + L1PA10   LINE/L1      5946   6048  (124) 482 *
  359   19.1  6.2  0.2  chr1_668576_Sniffles2.INS.26S0   8311  8408  (6173) + L1PA10   LINE/L1      5946   6048  (124) 482  
  359   19.1  6.2  0.2  chr1_668576_Sniffles2.INS.26S0   8388  8485  (6096) + L1PA10   LINE/L1      5946   6048  (124) 482  
  337   20.3  6.2  0.2  chr1_668576_Sniffles2.INS.26S0   8465  8562  (6019) + L1PA10   LINE/L1      5946   6048  (124) 482 *
  323   19.3  7.5  0.2  chr1_668576_Sniffles2.INS.26S0   8542  8638  (5943) + L1PA10   LINE/L1      5946   6048  (124) 482 *
  335   19.5  8.8  0.2  chr1_668576_Sniffles2.INS.26S0   8618  8713  (5868) + L1PA10   LINE/L1      5946   6048  (124) 482 *
  379   19.4  6.3  0.5  chr1_668576_Sniffles2.INS.26S0   8693  8867  (5714) + L1PA10   LINE/L1      5946   6077   (77) 483  
  337   20.3  6.2  0.2  chr1_668576_Sniffles2.INS.26S0   8847  8944  (5637) + L1PA10   LINE/L1      5946   6048  (124) 484 *
  359   19.1  6.2  0.2  chr1_668576_Sniffles2.INS.26S0   8924  9021  (5560) + L1PA10   LINE/L1      5946   6048  (124) 484 *
  396   18.6  8.1  0.9  chr1_668576_Sniffles2.INS.26S0   9001  9235  (5346) + L1PA8    LINE/L1      5946   6077   (77) 485  
  272   21.5 10.5  1.9  chr1_668576_Sniffles2.INS.26S0   9232  9326  (5255) + L1PA8    LINE/L1      5946   6048  (124) 486 *
  356   18.5  6.2  0.0  chr1_668576_Sniffles2.INS.26S0   9306  9386  (5195) + L1PA10   LINE/L1      5946   6031  (137) 487  
  309   21.3  8.9  1.0  chr1_668576_Sniffles2.INS.26S0   9383  9472  (5109) + L1PA10   LINE/L1      5946   6042  (126) 487 *
  390   19.6  5.4  1.0  chr1_668576_Sniffles2.INS.26S0   9457  9549  (5032) + L1PA10   LINE/L1      5946   6042  (126) 487  
  304   23.7  6.1  1.0  chr1_668576_Sniffles2.INS.26S0   9534  9631  (4950) + L1PA8    LINE/L1      5946   6048  (124) 488 *
  390   20.1  7.0  0.8  chr1_668576_Sniffles2.INS.26S0   9611  9934  (4647) + L1PA10   LINE/L1      5946   6077   (77) 489  
  390   20.2  6.1  0.9  chr1_668576_Sniffles2.INS.26S0   9919 10088  (4493) + L1PA10   LINE/L1      5946   6077   (77) 489  
  371   18.9  7.8  3.3  chr1_668576_Sniffles2.INS.26S0  10073 10409  (4172) + L1PA10   LINE/L1      5927   6077   (77) 490 *
  337   20.3  6.2  0.2  chr1_668576_Sniffles2.INS.26S0  10389 10486  (4095) + L1PA10   LINE/L1      5946   6048  (124) 491 *
  335   21.2  4.6  1.1  chr1_668576_Sniffles2.INS.26S0  10466 10639  (3942) + L1PA10   LINE/L1      5946   6077   (77) 492 *
  359   19.1  6.2  0.2  chr1_668576_Sniffles2.INS.26S0  10619 10716  (3865) + L1PA10   LINE/L1      5946   6048  (124) 493  
  329   21.0  8.3  1.0  chr1_668576_Sniffles2.INS.26S0  10696 10791  (3790) + L1PA8    LINE/L1      5946   6048  (124) 494 *
  321   18.3  7.5  0.2  chr1_668576_Sniffles2.INS.26S0  10771 10867  (3714) + L1PA10   LINE/L1      5946   6048  (124) 495 *
  348   19.3  8.6  0.5  chr1_668576_Sniffles2.INS.26S0  10847 11019  (3562) + L1PA8    LINE/L1      5946   6077   (77) 496 *
  379   19.1  6.3  0.5  chr1_668576_Sniffles2.INS.26S0  10999 11173  (3408) + L1PA10   LINE/L1      5946   6077   (77) 497  
  359   19.1  6.2  0.2  chr1_668576_Sniffles2.INS.26S0  11153 11250  (3331) + L1PA10   LINE/L1      5946   6048  (124) 498 *
  355   20.3  6.2  0.2  chr1_668576_Sniffles2.INS.26S0  11230 11327  (3254) + L1PA10   LINE/L1      5946   6048  (124) 498 *
  359   19.1  6.2  0.2  chr1_668576_Sniffles2.INS.26S0  11307 11404  (3177) + L1PA10   LINE/L1      5946   6048  (124) 498  
  359   19.1  6.2  0.2  chr1_668576_Sniffles2.INS.26S0  11384 11481  (3100) + L1PA10   LINE/L1      5946   6048  (124) 498  
  359   19.1  6.2  0.2  chr1_668576_Sniffles2.INS.26S0  11461 11558  (3023) + L1PA10   LINE/L1      5946   6048  (124) 498  
  320   18.3  8.8  0.2  chr1_668576_Sniffles2.INS.26S0  11538 11633  (2948) + L1PA10   LINE/L1      5946   6048  (124) 498 *
  331   20.3  6.2  0.2  chr1_668576_Sniffles2.INS.26S0  11613 11710  (2871) + L1PA10   LINE/L1      5946   6048  (124) 498 *
  361   17.7  7.1  1.9  chr1_668576_Sniffles2.INS.26S0  11690 11787  (2794) + L1PA8    LINE/L1      5946   6048  (124) 499  
  322   18.8  8.9  0.2  chr1_668576_Sniffles2.INS.26S0  11766 11862  (2719) + L1PA11   LINE/L1      5946   6048  (124) 500 *
  379   19.1  6.3  0.5  chr1_668576_Sniffles2.INS.26S0  11842 12016  (2565) + L1PA10   LINE/L1      5946   6077   (77) 501  
  331   20.3  6.2  0.2  chr1_668576_Sniffles2.INS.26S0  11996 12093  (2488) + L1PA10   LINE/L1      5946   6048  (124) 502 *
  321   22.7  6.2  0.2  chr1_668576_Sniffles2.INS.26S0  12073 12170  (2411) + L1PA10   LINE/L1      5946   6048  (124) 502 *
  379   18.9  6.9  0.5  chr1_668576_Sniffles2.INS.26S0  12150 12323  (2258) + L1PA10   LINE/L1      5946   6077   (77) 503  
  338   18.1  7.5  0.2  chr1_668576_Sniffles2.INS.26S0  12303 12399  (2182) + L1PA10   LINE/L1      5946   6048  (124) 504 *
  371   19.8  7.7  0.5  chr1_668576_Sniffles2.INS.26S0  12379 12629  (1952) + L1PA8    LINE/L1      5946   6077   (77) 505  
  323   19.3  7.5  0.2  chr1_668576_Sniffles2.INS.26S0  12609 12705  (1876) + L1PA10   LINE/L1      5946   6048  (124) 506 *
  337   20.3  6.2  0.2  chr1_668576_Sniffles2.INS.26S0  12685 12782  (1799) + L1PA10   LINE/L1      5946   6048  (124) 506  
  301   20.5  7.5  0.2  chr1_668576_Sniffles2.INS.26S0  12762 12858  (1723) + L1PA10   LINE/L1      5946   6048  (124) 506 *
  323   19.3  7.5  0.2  chr1_668576_Sniffles2.INS.26S0  12838 12934  (1647) + L1PA10   LINE/L1      5946   6048  (124) 506 *
  347   21.4  5.2  0.9  chr1_668576_Sniffles2.INS.26S0  12914 13083  (1498) + L1PA10   LINE/L1      5927   6048  (124) 507 *
  378   20.2  7.4  0.9  chr1_668576_Sniffles2.INS.26S0  13068 13236  (1345) + L1PA10   LINE/L1      5946   6077   (77) 508  
  356   19.1  6.2  0.2  chr1_668576_Sniffles2.INS.26S0  13221 13318  (1263) + L1PA10   LINE/L1      5946   6048  (124) 509 *
  356   20.3  6.3  0.5  chr1_668576_Sniffles2.INS.26S0  13298 13472  (1109) + L1PA10   LINE/L1      5946   6077   (77) 510 *
  364   20.8  5.6  0.8  chr1_668576_Sniffles2.INS.26S0  13452 13621   (960) + L1PA8    LINE/L1      5927   6048  (124) 511  
  334   20.9  6.5  1.0  chr1_668576_Sniffles2.INS.26S0  13606 13697   (884) + L1PA10   LINE/L1      5946   6042  (126) 512 *
  378   20.6  5.4  1.0  chr1_668576_Sniffles2.INS.26S0  13682 13774   (807) + L1PA10   LINE/L1      5946   6042  (126) 512  
  356   19.1  6.2  0.2  chr1_668576_Sniffles2.INS.26S0  13759 13856   (725) + L1PA10   LINE/L1      5946   6048  (124) 512 *
  349   21.1  6.4  0.5  chr1_668576_Sniffles2.INS.26S0  13836 14010   (571) + L1PA10   LINE/L1      5946   6077   (77) 513 *
  359   19.1  6.2  0.2  chr1_668576_Sniffles2.INS.26S0  13990 14087   (494) + L1PA10   LINE/L1      5946   6048  (124) 514  
  349   17.1  7.5  0.2  chr1_668576_Sniffles2.INS.26S0  14067 14163   (418) + L1PA10   LINE/L1      5946   6048  (124) 514 *
  351   21.2  7.4  0.9  chr1_668576_Sniffles2.INS.26S0  14143 14311   (270) + L1PA8    LINE/L1      5946   6077   (77) 515  
  343   20.3  6.2  0.2  chr1_668576_Sniffles2.INS.26S0  14296 14393   (188) + L1PA10   LINE/L1      5946   6048  (124) 516 *
  348   20.3  6.2  0.2  chr1_668576_Sniffles2.INS.26S0  14373 14470   (111) + L1PA10   LINE/L1      5946   6048  (124) 516 *
  369   21.7  5.4  1.0  chr1_668576_Sniffles2.INS.26S0  14450 14542    (39) + L1PA10   LINE/L1      5946   6042  (126) 516  
  318   13.7  0.0  0.0  chr1_668576_Sniffles2.INS.26S0  14527 14577     (4) + L1PA10   LINE/L1      5946   5996  (172) 517 *
  337   19.3  6.6  0.2  chr1_668647_Sniffles2.INS.28S0      2    93 (6023) + L1PA10   LINE/L1      5952   6048  (124)  518 *
  359   18.5  6.2  0.0  chr1_668647_Sniffles2.INS.28S0     73   153 (5963) + L1PA10   LINE/L1      5946   6031  (137)  519  
  299   21.1 10.0  0.0  chr1_668647_Sniffles2.INS.28S0    150   239 (5877) + L1PA10   LINE/L1      5946   6044  (119)  519 *
  333   20.3  6.2  0.2  chr1_668647_Sniffles2.INS.28S0    227   324 (5792) + L1PA10   LINE/L1      5946   6048  (124)  519 *
  359   18.5  6.2  0.0  chr1_668647_Sniffles2.INS.28S0    304   384 (5732) + L1PA10   LINE/L1      5946   6031  (137)  520  
  319   18.8  7.5  0.0  chr1_668647_Sniffles2.INS.28S0    381   460 (5656) + L1PA12   LINE/L1      5946   6031  (137)  521 *
  334   23.7  6.1  1.0  chr1_668647_Sniffles2.INS.28S0    457   554 (5562) + L1PA8    LINE/L1      5946   6048  (124)  522  
  297   16.7  5.0  0.1  chr1_668647_Sniffles2.INS.28S0    534   628 (5488) + L1PA8A   LINE/L1      5946   6048  (124)  523 *
  358   20.0  7.7  1.0  chr1_668647_Sniffles2.INS.28S0    608   698 (5418) + L1PA10   LINE/L1      5946   6042  (126)  524  
  352   19.1  6.2  0.2  chr1_668647_Sniffles2.INS.28S0    683   780 (5336) + L1PA10   LINE/L1      5946   6048  (124)  524 *
  359   21.7  5.4  1.0  chr1_668647_Sniffles2.INS.28S0    760   852 (5264) + L1PA10   LINE/L1      5946   6042  (126)  524  
  322   17.7 10.1  0.0  chr1_668647_Sniffles2.INS.28S0    837   991 (5125) + L1PA11   LINE/L1      5946   6077   (77)  525 *
  374   18.7  7.2  1.0  chr1_668647_Sniffles2.INS.28S0   1015  1111 (5005) + L1PA8    LINE/L1      5946   6048  (124)  526 *
  396   17.7  7.2  1.0  chr1_668647_Sniffles2.INS.28S0   1091  1187 (4929) + L1PA8    LINE/L1      5946   6048  (124)  526  
  373   19.4  8.0  0.9  chr1_668647_Sniffles2.INS.28S0   1168  1339 (4777) + L1PA8    LINE/L1      5946   6077   (77)  527 *
  349   21.6  6.1  1.0  chr1_668647_Sniffles2.INS.28S0   1319  1416 (4700) + L1PA8    LINE/L1      5946   6048  (124)  528 *
  351   21.6  6.1  1.0  chr1_668647_Sniffles2.INS.28S0   1396  1493 (4623) + L1PA8    LINE/L1      5946   6048  (124)  528 *
  425   20.0  9.0  0.6  chr1_668647_Sniffles2.INS.28S0   1473  1734 (4382) + L1PA10   LINE/L1      5946   6077   (77)  529  
  344   21.7  5.4  1.0  chr1_668647_Sniffles2.INS.28S0   1703  1795 (4321) + L1PA10   LINE/L1      5946   6042  (126)  530 *
  384   18.2 10.0  0.7  chr1_668647_Sniffles2.INS.28S0   1780  2011 (4105) + L1PA8    LINE/L1      5946   6077   (77)  531  
  345   22.7  6.1  1.0  chr1_668647_Sniffles2.INS.28S0   2008  2105 (4011) + L1PA8    LINE/L1      5946   6048  (124)  532 *
  411   18.6  6.1  1.0  chr1_668647_Sniffles2.INS.28S0   2085  2182 (3934) + L1PA8    LINE/L1      5946   6048  (124)  532  
  409   20.3  8.0  0.7  chr1_668647_Sniffles2.INS.28S0   2162  2562 (3554) + L1PA10   LINE/L1      5946   6077   (77)  533 *
  381   18.5  6.9  0.5  chr1_668647_Sniffles2.INS.28S0   2547  2720 (3396) + L1PA8    LINE/L1      5946   6077   (77)  534 *
  359   19.1  6.2  0.2  chr1_668647_Sniffles2.INS.28S0   2700  2797 (3319) + L1PA10   LINE/L1      5946   6048  (124)  535 *
  359   21.7  5.4  1.0  chr1_668647_Sniffles2.INS.28S0   2777  2869 (3247) + L1PA10   LINE/L1      5946   6042  (126)  535 *
  379   17.9  6.2  0.2  chr1_668647_Sniffles2.INS.28S0   2854  2951 (3165) + L1PA10   LINE/L1      5946   6048  (124)  535  
  325   21.5  6.2  0.2  chr1_668647_Sniffles2.INS.28S0   2931  3028 (3088) + L1PA10   LINE/L1      5946   6048  (124)  535 *
  347   20.3  6.2  0.2  chr1_668647_Sniffles2.INS.28S0   3008  3105 (3011) + L1PA10   LINE/L1      5946   6048  (124)  535 *
  390   20.1  7.3  0.5  chr1_668647_Sniffles2.INS.28S0   3085  3413 (2703) + L1PA10   LINE/L1      5946   6077   (77)  536  
  359   19.1  6.2  0.2  chr1_668647_Sniffles2.INS.28S0   3393  3490 (2626) + L1PA10   LINE/L1      5946   6048  (124)  537 *
  379   20.6  6.1  1.0  chr1_668647_Sniffles2.INS.28S0   3470  3567 (2549) + L1PA8    LINE/L1      5946   6048  (124)  538  
  375   20.5  7.0  0.4  chr1_668647_Sniffles2.INS.28S0   3547  3707 (2409) + L1PA8    LINE/L1      5946   6077   (77)  539 *
  346   20.3  6.2  0.2  chr1_668647_Sniffles2.INS.28S0   3701  3798 (2318) + L1PA10   LINE/L1      5946   6048  (124)  540 *
  371   20.6  5.4  1.0  chr1_668647_Sniffles2.INS.28S0   3778  3870 (2246) + L1PA10   LINE/L1      5946   6042  (126)  540  
  247   19.0  1.0  0.8  chr1_668647_Sniffles2.INS.28S0   3855  3947 (2169) + L1PA8A   LINE/L1      5946   6042  (126)  541 *
  366   19.1  6.2  0.2  chr1_668647_Sniffles2.INS.28S0   3932  4029 (2087) + L1PA10   LINE/L1      5946   6048  (124)  542  
  285   18.4  1.7  0.0  chr1_668647_Sniffles2.INS.28S0   4009  4104 (2012) + L1PA12   LINE/L1      5946   6048  (124)  543 *
  297   18.8  9.4  0.2  chr1_668647_Sniffles2.INS.28S0   4085  4179 (1937) + L1PA10   LINE/L1      5947   6048  (124)  544 *
  304   22.3  8.4  1.0  chr1_668647_Sniffles2.INS.28S0   4160  4254 (1862) + L1PA8    LINE/L1      5947   6048  (124)  545 *
  356   20.0  6.3  0.4  chr1_668647_Sniffles2.INS.28S0   4234  4392 (1724) + L1PA8    LINE/L1      5946   6077   (77)  546  
  315   18.2 10.1  1.0  chr1_668647_Sniffles2.INS.28S0   4389  4477 (1639) + L1PA10   LINE/L1      5946   6042  (126)  547 *
  399   18.8  6.5  0.5  chr1_668647_Sniffles2.INS.28S0   4462  4636 (1480) + L1PA8    LINE/L1      5946   6077   (77)  548  
  373   20.6  6.1  1.0  chr1_668647_Sniffles2.INS.28S0   4616  4713 (1403) + L1PA8    LINE/L1      5946   6048  (124)  549 *
  411   18.6  6.1  1.0  chr1_668647_Sniffles2.INS.28S0   4693  4790 (1326) + L1PA8    LINE/L1      5946   6048  (124)  549  
  397   19.6  5.4  1.0  chr1_668647_Sniffles2.INS.28S0   4770  4862 (1254) + L1PA10   LINE/L1      5946   6042  (126)  550 *
  356   19.1  6.2  0.2  chr1_668647_Sniffles2.INS.28S0   4847  4944 (1172) + L1PA10   LINE/L1      5946   6048  (124)  550 *
  359   19.1  6.2  0.2  chr1_668647_Sniffles2.INS.28S0   4924  5021 (1095) + L1PA10   LINE/L1      5946   6048  (124)  550 *
  379   19.1  6.3  0.5  chr1_668647_Sniffles2.INS.28S0   5001  5175  (941) + L1PA10   LINE/L1      5946   6077   (77)  551  
  375   21.7  5.4  1.0  chr1_668647_Sniffles2.INS.28S0   5155  5247  (869) + L1PA10   LINE/L1      5946   6042  (126)  552 *
  297   23.1  8.3  1.0  chr1_668647_Sniffles2.INS.28S0   5232  5327  (789) + L1PA8    LINE/L1      5946   6048  (124)  553 *
  324   20.8  2.9  0.3  chr1_668647_Sniffles2.INS.28S0   5307  5402  (714) + L1PA10   LINE/L1      5946   6048  (124)  554 *
  372   19.0  6.7  0.5  chr1_668647_Sniffles2.INS.28S0   5382  5556  (560) + L1PA10   LINE/L1      5946   6077   (77)  555  
  328   21.3  7.8  1.0  chr1_668647_Sniffles2.INS.28S0   5537  5626  (490) + L1PA10   LINE/L1      5947   6042  (126)  556 *
  356   19.1  6.2  0.2  chr1_668647_Sniffles2.INS.28S0   5611  5708  (408) + L1PA10   LINE/L1      5946   6048  (124)  556  
  350   21.9  7.2  1.0  chr1_668647_Sniffles2.INS.28S0   5688  5784  (332) + L1PA8    LINE/L1      5946   6048  (124)  557 *
  375   21.7  5.4  1.0  chr1_668647_Sniffles2.INS.28S0   5764  5856  (260) + L1PA10   LINE/L1      5946   6042  (126)  558  
  290   21.1  8.9  0.2  chr1_668647_Sniffles2.INS.28S0   5841  5937  (179) + L1PA11   LINE/L1      5946   6048  (124)  559 *
  311   17.2  0.0  1.6  chr1_668647_Sniffles2.INS.28S0   5917  5981  (135) + L1PA11   LINE/L1      5946   6009  (165)  560  
  292   20.4 10.6  1.0  chr1_668647_Sniffles2.INS.28S0   5993  6086   (30) + L1PA8    LINE/L1      5946   6048  (124)  561  
  285   16.3  0.0  0.0  chr1_668647_Sniffles2.INS.28S0   6066  6114    (2) + L1PA10   LINE/L1      5946   5994  (174)  562 *
  359   19.1  6.2  0.2  chr1_668668_Sniffles2.INS.39S0     50   147 (4458) + L1PA10   LINE/L1      5946   6048  (124)  563  
  326   22.8  5.4  1.0  chr1_668668_Sniffles2.INS.39S0    127   219 (4386) + L1PA10   LINE/L1      5946   6042  (126)  563 *
  390   18.6  8.1  0.6  chr1_668668_Sniffles2.INS.39S0    204   514 (4091) + L1PA10   LINE/L1      5946   6077   (77)  564  
  312   20.3  6.2  0.2  chr1_668668_Sniffles2.INS.39S0    510   607 (3998) + L1PA10   LINE/L1      5946   6048  (124)  565 *
  379   18.8  7.6  0.4  chr1_668668_Sniffles2.INS.39S0    587   742 (3863) + L1PA10   LINE/L1      5946   6077   (77)  566  
  355   20.3  6.2  0.2  chr1_668668_Sniffles2.INS.39S0    739   836 (3769) + L1PA10   LINE/L1      5946   6048  (124)  567 *
  337   20.3  6.2  0.2  chr1_668668_Sniffles2.INS.39S0    816   913 (3692) + L1PA10   LINE/L1      5946   6048  (124)  567 *
  323   19.3  7.5  0.2  chr1_668668_Sniffles2.INS.39S0    893   989 (3616) + L1PA10   LINE/L1      5946   6048  (124)  567 *
  359   20.4  9.3  0.3  chr1_668668_Sniffles2.INS.39S0    969  1101 (3504) + L1PA10   LINE/L1      5946   6096   (76)  568  
  247   15.2  2.2  0.0  chr1_668668_Sniffles2.INS.39S0   1102  1147 (3458) + L1PA11   LINE/L1      5946   5992  (182)  569  
  382   20.9  3.3  1.2  chr1_668668_Sniffles2.INS.39S0   1167  1347 (3258) + L1PA10   LINE/L1      5946   6078   (76)  570  
  373   17.9  6.2  0.2  chr1_668668_Sniffles2.INS.39S0   1327  1424 (3181) + L1PA10   LINE/L1      5946   6048  (124)  571 *
  348   19.8  7.2  1.0  chr1_668668_Sniffles2.INS.39S0   1404  1500 (3105) + L1PA8    LINE/L1      5946   6048  (124)  572 *
  328   23.9  5.4  1.0  chr1_668668_Sniffles2.INS.39S0   1480  1572 (3033) + L1PA10   LINE/L1      5946   6042  (126)  573 *
  379   17.9  6.2  0.2  chr1_668668_Sniffles2.INS.39S0   1557  1654 (2951) + L1PA10   LINE/L1      5946   6048  (124)  573  
  359   19.1  6.2  0.2  chr1_668668_Sniffles2.INS.39S0   1634  1731 (2874) + L1PA10   LINE/L1      5946   6048  (124)  573 *
  390   20.2  6.1  0.9  chr1_668668_Sniffles2.INS.39S0   1711  1880 (2725) + L1PA10   LINE/L1      5946   6077   (77)  574  
  386   19.6  6.9  0.5  chr1_668668_Sniffles2.INS.39S0   1865  2116 (2489) + L1PA10   LINE/L1      5946   6077   (77)  574 *
  340   20.8  7.2  1.0  chr1_668668_Sniffles2.INS.39S0   2096  2192 (2413) + L1PA8    LINE/L1      5946   6048  (124)  575 *
  357   16.9  7.5  0.2  chr1_668668_Sniffles2.INS.39S0   2172  2268 (2337) + L1PA10   LINE/L1      5946   6048  (124)  576 *
  382   18.8  6.4  0.5  chr1_668668_Sniffles2.INS.39S0   2248  2422 (2183) + L1PA10   LINE/L1      5946   6077   (77)  577  
  359   19.1  6.2  0.2  chr1_668668_Sniffles2.INS.39S0   2402  2499 (2106) + L1PA10   LINE/L1      5946   6048  (124)  578 *
  337   20.3  6.2  0.2  chr1_668668_Sniffles2.INS.39S0   2479  2576 (2029) + L1PA10   LINE/L1      5946   6048  (124)  578 *
  307   19.8  3.6  2.4  chr1_668668_Sniffles2.INS.39S0   2556  2638 (1967) + L1PA10   LINE/L1      5946   6029  (139)  579 *
  354   19.1  6.2  0.2  chr1_668668_Sniffles2.INS.39S0   2637  2734 (1871) + L1PA10   LINE/L1      5946   6048  (124)  580  
  315   19.8  7.9  0.2  chr1_668668_Sniffles2.INS.39S0   2714  2809 (1796) + L1PA10   LINE/L1      5946   6048  (124)  580 *
  367   18.8  7.7  0.8  chr1_668668_Sniffles2.INS.39S0   2789  2962 (1643) + L1PA8    LINE/L1      5946   6077   (77)  581  
  323   18.8  7.5  0.0  chr1_668668_Sniffles2.INS.39S0   2942  3021 (1584) + L1PA10   LINE/L1      5946   6031  (137)  582 *
  231   22.4  0.0  0.0  chr1_668668_Sniffles2.INS.39S0   3018  3075 (1530) + L1PA8A   LINE/L1      5946   6003  (128)  583 *
  313   21.7  5.0  1.1  chr1_668668_Sniffles2.INS.39S0   3089  3191 (1414) + L1PA10   LINE/L1      5936   6042  (126)  584 *
  362   20.4  5.0  1.0  chr1_668668_Sniffles2.INS.39S0   3176  3274 (1331) + L1PA8    LINE/L1      5946   6048  (124)  585 *
  390   20.4  7.6  0.8  chr1_668668_Sniffles2.INS.39S0   3254  3581 (1024) + L1PA10   LINE/L1      5946   6077   (77)  586  
  381   17.9  6.2  0.2  chr1_668668_Sniffles2.INS.39S0   3561  3658  (947) + L1PA10   LINE/L1      5946   6048  (124)  587 *
  361   20.6  5.4  1.0  chr1_668668_Sniffles2.INS.39S0   3638  3730  (875) + L1PA10   LINE/L1      5946   6042  (126)  587 *
  330   18.9  8.2  1.9  chr1_668668_Sniffles2.INS.39S0   3715  3811  (794) + L1PA8    LINE/L1      5946   6048  (124)  588 *
  350   17.9  6.2  0.2  chr1_668668_Sniffles2.INS.39S0   3791  3888  (717) + L1PA10   LINE/L1      5946   6048  (124)  589 *
  359   19.1  6.2  0.2  chr1_668668_Sniffles2.INS.39S0   3868  3965  (640) + L1PA10   LINE/L1      5946   6048  (124)  589  
  325   18.3  7.5  0.2  chr1_668668_Sniffles2.INS.39S0   3945  4041  (564) + L1PA10   LINE/L1      5946   6048  (124)  589 *
  338   16.2  7.5  0.0  chr1_668668_Sniffles2.INS.39S0   4021  4100  (505) + L1PA10   LINE/L1      5946   6031  (137)  590  
  312   20.3  6.2  0.2  chr1_668668_Sniffles2.INS.39S0   4097  4194  (411) + L1PA10   LINE/L1      5946   6048  (124)  591 *
  359   19.1  6.2  0.2  chr1_668668_Sniffles2.INS.39S0   4174  4271  (334) + L1PA10   LINE/L1      5946   6048  (124)  591  
  359   21.7  5.4  1.0  chr1_668668_Sniffles2.INS.39S0   4251  4343  (262) + L1PA10   LINE/L1      5946   6042  (126)  591 *
  403   18.6  6.0  0.4  chr1_668668_Sniffles2.INS.39S0   4328  4486  (119) + L1PA10   LINE/L1      5946   6077   (77)  592  
  344   20.3  6.2  0.2  chr1_668668_Sniffles2.INS.39S0   4483  4580   (25) + L1PA10   LINE/L1      5946   6048  (124)  593 *
  269   13.3  0.0  0.0  chr1_668668_Sniffles2.INS.39S0   4560  4604    (1) + L1PA11   LINE/L1      5946   5990  (184)  594 *
  296   16.5  8.3  0.2  chr1_668728_Sniffles2.INS.21S0      1    88 (2893) + L1PA10   LINE/L1      5955   6048  (124)  595 *
  390   19.1  7.7  0.6  chr1_668728_Sniffles2.INS.21S0     68   394 (2587) + L1PA10   LINE/L1      5946   6077   (77)  596  
  338   18.1  7.5  0.2  chr1_668728_Sniffles2.INS.21S0    374   470 (2511) + L1PA10   LINE/L1      5946   6048  (124)  597 *
  390   19.1  7.0  0.5  chr1_668728_Sniffles2.INS.21S0    450   700 (2281) + L1PA10   LINE/L1      5946   6077   (77)  598  
  390   20.2  7.3  0.8  chr1_668728_Sniffles2.INS.21S0    680   925 (2056) + L1PA10   LINE/L1      5946   6077   (77)  598  
  390   20.1  7.4  1.2  chr1_668728_Sniffles2.INS.21S0    910  1317 (1664) + L1PA10   LINE/L1      5946   6077   (77)  598  
  330   16.3  9.0  0.9  chr1_668728_Sniffles2.INS.21S0   1297  1394 (1587) + L1PA10   LINE/L1      5946   6047  (125)  599 *
  323   20.1  6.2  1.1  chr1_668728_Sniffles2.INS.21S0   1427  1534 (1447) + L1PA10   LINE/L1      5927   6042  (126)  600 *
  349   20.9  8.6  0.2  chr1_668728_Sniffles2.INS.21S0   1519  1693 (1288) + L1PA10   LINE/L1      5946   6077   (77)  601  
  338   18.1  7.5  0.2  chr1_668728_Sniffles2.INS.21S0   1673  1769 (1212) + L1PA10   LINE/L1      5946   6048  (124)  602 *
  350   21.9  7.2  1.0  chr1_668728_Sniffles2.INS.21S0   1749  1845 (1136) + L1PA8    LINE/L1      5946   6048  (124)  603 *
  364   20.1  8.1  0.8  chr1_668728_Sniffles2.INS.21S0   1825  2073  (908) + L1PA8    LINE/L1      5946   6077   (77)  604  
  308   22.1  8.3  1.0  chr1_668728_Sniffles2.INS.21S0   2053  2148  (833) + L1PA8    LINE/L1      5946   6048  (124)  605 *
  370   17.7  6.3  0.3  chr1_668728_Sniffles2.INS.21S0   2128  2225  (756) + L1PA10   LINE/L1      5946   6048  (124)  606  
  370   17.7  6.3  0.3  chr1_668728_Sniffles2.INS.21S0   2205  2302  (679) + L1PA10   LINE/L1      5946   6048  (124)  606  
  350   21.9  7.2  1.0  chr1_668728_Sniffles2.INS.21S0   2282  2378  (603) + L1PA8    LINE/L1      5946   6048  (124)  607 *
  359   18.5  6.2  0.0  chr1_668728_Sniffles2.INS.21S0   2358  2438  (543) + L1PA10   LINE/L1      5946   6031  (137)  608  
  369   20.6  5.4  1.0  chr1_668728_Sniffles2.INS.21S0   2490  2582  (399) + L1PA10   LINE/L1      5946   6042  (126)  609  
  324   21.2  7.9  0.2  chr1_668728_Sniffles2.INS.21S0   2567  2662  (319) + L1PA10   LINE/L1      5946   6048  (124)  609 *
  390   19.2  6.3  2.0  chr1_668728_Sniffles2.INS.21S0   2642  2864  (117) + L1PA10   LINE/L1      5946   6087   (67)  610  
  379   18.0  5.0  0.5  chr1_668728_Sniffles2.INS.21S0   2852  2978    (3) + L1PA8    LINE/L1      5946   6077   (77)  611 *
  260   18.4 12.9  0.2  chr1_668728_Sniffles2.INS.24S0      1    85 (1286) + L1PA10   LINE/L1      5955   6048  (124)  612 *
  390   19.3  7.8  0.9  chr1_668728_Sniffles2.INS.24S0     65   237 (1134) + L1PA8    LINE/L1      5946   6077   (77)  613  
  361   18.7 10.3  0.4  chr1_668728_Sniffles2.INS.24S0    217   366 (1005) + L1PA8    LINE/L1      5946   6077   (77)  613 *
  360   20.6  7.5  0.9  chr1_668728_Sniffles2.INS.24S0    377   552  (819) + L1PA8    LINE/L1      5943   6077   (77)  613 *
  380   16.9  6.7  0.0  chr1_668728_Sniffles2.INS.24S0    532   622  (749) + L1PA10   LINE/L1      5946   6044  (124)  614 *
  390   20.6  8.0  1.3  chr1_668728_Sniffles2.INS.24S0    608   936  (435) + L1PA8    LINE/L1      5944   6077   (77)  615  
  301   20.5  7.5  0.2  chr1_668728_Sniffles2.INS.24S0    922  1018  (353) + L1PA10   LINE/L1      5946   6048  (124)  616 *
  378   20.3  7.1  1.6  chr1_668728_Sniffles2.INS.24S0    998  1167  (204) + L1PA10   LINE/L1      5946   6077   (77)  617  
  281   19.7  0.0 14.0  chr1_668728_Sniffles2.INS.24S0   1152  1257  (114) + L1PA8    LINE/L1      5946   6038  (134)  618 *
  308   15.5  8.4  0.0  chr1_668728_Sniffles2.INS.24S0   1295  1365    (6) + L1PA10   LINE/L1      5955   6031  (137)  619  
  270   18.2  1.8  0.0  chr1_668739_Sniffles2.INS.1CS0     51   105 (4094) + L1PA10   LINE/L1      5946   6001  (167)  620  
  289   20.4 10.6  1.0  chr1_668739_Sniffles2.INS.1CS0    198   291 (3908) + L1PA8    LINE/L1      5946   6048  (124)  621 *
  305   19.9  6.2  2.5  chr1_668739_Sniffles2.INS.1CS0    271   370 (3829) + L1PA10   LINE/L1      5946   6048  (124)  622  
  261   21.5 11.4  0.0  chr1_668739_Sniffles2.INS.1CS0    350   428 (3771) + L1PA8    LINE/L1      5946   6033  (139)  623 *
  317   18.2  9.5  2.0  chr1_668739_Sniffles2.INS.1CS0    427   521 (3678) + L1PA8    LINE/L1      5947   6048  (124)  624  
  301   15.2  6.7  0.0  chr1_668739_Sniffles2.INS.1CS0    501   577 (3622) + L1PA13   LINE/L1      5946   6033  (139)  625 *
  233   19.5 11.5  1.2  chr1_668739_Sniffles2.INS.1CS0    573   650 (3549) + L1PA10   LINE/L1      5946   6031  (137)  626 *
  382   19.7  8.9  1.0  chr1_668739_Sniffles2.INS.1CS0    722  1017 (3182) + L1PA8    LINE/L1      5927   6077   (77)  627  
  298   19.8  6.2  2.5  chr1_668739_Sniffles2.INS.1CS0   1025  1121 (3078) + L1PA10   LINE/L1      5949   6048  (124)  628  
  263   20.3 12.9  0.2  chr1_668739_Sniffles2.INS.1CS0   1101  1193 (3006) + L1PA10   LINE/L1      5946   6048  (124)  628 *
  337   25.0  5.4  0.0  chr1_668739_Sniffles2.INS.1CS0   1173  1264 (2935) + L1PA10   LINE/L1      5946   6042  (126)  628  
  320   20.8  5.7  4.7  chr1_668739_Sniffles2.INS.1CS0   1235  1340 (2859) + L1PA10   LINE/L1      5936   6042  (126)  628 *
  280   22.6 10.6  1.0  chr1_668739_Sniffles2.INS.1CS0   1325  1418 (2781) + L1PA8    LINE/L1      5946   6048  (124)  629 *
  309   16.1  1.7  2.2  chr1_668739_Sniffles2.INS.1CS0   1400  1496 (2703) + L1PA11   LINE/L1      5948   6048  (124)  630 *
  337   19.8  6.2  0.0  chr1_668739_Sniffles2.INS.1CS0   1476  1556 (2643) + L1PA10   LINE/L1      5946   6031  (137)  631  
  234   18.6 12.5  2.1  chr1_668739_Sniffles2.INS.1CS0   1553  1640 (2559) + L1PA10   LINE/L1      5946   6042  (126)  631 *
  250   16.8  6.4  0.0  chr1_668739_Sniffles2.INS.1CS0   1625  1693 (2506) + L1PA11   LINE/L1      5946   6025  (143)  632  
  304   21.2  7.3  2.0  chr1_668739_Sniffles2.INS.1CS0   1697  1792 (2407) + L1PA8    LINE/L1      5948   6048  (124)  633  
  292   18.9  2.3  3.0  chr1_668739_Sniffles2.INS.1CS0   1772  1870 (2329) + L1PA11   LINE/L1      5946   6048  (124)  634 *
  294   18.7  8.0  1.0  chr1_668739_Sniffles2.INS.1CS0   1850  1939 (2260) + L1PA10   LINE/L1      5946   6044  (130)  635 *
  317   17.7  6.2  4.5  chr1_668739_Sniffles2.INS.1CS0   1907  2017 (2182) + L1PA10   LINE/L1      5927   6042  (126)  636  
  289   17.5  9.6  0.1  chr1_668739_Sniffles2.INS.1CS0   2006  2091 (2108) + L1PA10   LINE/L1      5950   6044  (119)  637 *
  316   20.7  8.5  1.5  chr1_668739_Sniffles2.INS.1CS0   2103  2273 (1926) + L1PA8    LINE/L1      5926   6048  (124)  638 *
  321   13.2  2.7  1.4  chr1_668739_Sniffles2.INS.1CS0   2253  2325 (1874) + L1PA11   LINE/L1      5946   6025  (143)  639  
  287   20.8  7.8  0.0  chr1_668739_Sniffles2.INS.1CS0   2477  2553 (1646) + L1PA10   LINE/L1      5946   6028  (140)  640  
  304   21.5  9.6  1.0  chr1_668739_Sniffles2.INS.1CS0   2631  2724 (1475) + L1PA8    LINE/L1      5946   6047  (125)  641  
  272   22.4  8.9  1.0  chr1_668739_Sniffles2.INS.1CS0   2705  2794 (1405) + L1PA10   LINE/L1      5946   6042  (126)  642 *
  280   19.4  2.5  0.0  chr1_668739_Sniffles2.INS.1CS0   2779  2849 (1350) + L1PA11   LINE/L1      5946   6022  (146)  643  
  306   20.5  7.5  0.2  chr1_668739_Sniffles2.INS.1CS0   2984  3080 (1119) + L1PA10   LINE/L1      5946   6048  (124)  644  
  251   23.7  2.4  0.2  chr1_668739_Sniffles2.INS.1CS0   3060  3161 (1038) + L1PA11   LINE/L1      5946   6048  (124)  645 *
  299   20.5  7.5  0.2  chr1_668739_Sniffles2.INS.1CS0   3141  3237  (962) + L1PA10   LINE/L1      5946   6048  (124)  646 *
  316   19.5  7.5  0.2  chr1_668739_Sniffles2.INS.1CS0   3217  3313  (886) + L1PA10   LINE/L1      5946   6048  (124)  646 *
  353   20.6 10.2  0.6  chr1_668739_Sniffles2.INS.1CS0   3293  3459  (740) + L1PA10   LINE/L1      5946   6077   (77)  647  
  311   15.4 10.1  1.2  chr1_668739_Sniffles2.INS.1CS0   3444  3522  (677) + L1PA10   LINE/L1      5946   6031  (137)  648 *
  335   17.8 10.3  1.0  chr1_668739_Sniffles2.INS.1CS0   3565  3674  (525) + L1PA10   LINE/L1      5926   6042  (126)  649  
  315   19.7  3.9  0.7  chr1_668739_Sniffles2.INS.1CS0   3659  3755  (444) + L1PA13   LINE/L1      5946   6048  (124)  650 *
  319   17.8  2.6  1.2  chr1_668739_Sniffles2.INS.1CS0   3735  3831  (368) + L1PA8A   LINE/L1      5946   6048  (124)  651 *
  352   18.5  6.6  0.4  chr1_668739_Sniffles2.INS.1CS0   3811  3908  (291) + L1PA10   LINE/L1      5946   6048  (124)  652  
  275   22.0  8.8  0.2  chr1_668739_Sniffles2.INS.1CS0   3929  4024  (175) + L1PA10   LINE/L1      5946   6048  (124)  652 *
  291   15.3 12.5  0.0  chr1_668739_Sniffles2.INS.1CS0   4004  4075  (124) + L1PA11   LINE/L1      5946   6026  (148)  653  
  261   23.5  8.6  0.0  chr1_668739_Sniffles2.INS.1CS0   4078  4158   (41) + L1PA8    LINE/L1      5946   6033  (139)  654  
  307   18.7  6.9  0.2  chr1_668881_Sniffles2.INS.30S0      1    89 (6745) + L1PA10   LINE/L1      5955   6048  (124)  655 *
  349   16.2  7.5  0.0  chr1_668881_Sniffles2.INS.30S0     69   148 (6686) + L1PA10   LINE/L1      5946   6031  (137)  656  
  304   21.0  8.3  1.0  chr1_668881_Sniffles2.INS.30S0    145   240 (6594) + L1PA8    LINE/L1      5946   6048  (124)  657 *
  422   17.7  7.2  1.0  chr1_668881_Sniffles2.INS.30S0    220   316 (6518) + L1PA8    LINE/L1      5946   6048  (124)  657  
  345   19.8  7.2  1.0  chr1_668881_Sniffles2.INS.30S0    296   392 (6442) + L1PA8    LINE/L1      5946   6048  (124)  657 *
  374   19.1  6.2  0.2  chr1_668881_Sniffles2.INS.30S0    372   469 (6365) + L1PA10   LINE/L1      5946   6048  (124)  658  
  329   19.0  6.1  1.3  chr1_668881_Sniffles2.INS.30S0    449   547 (6287) + L1PA10   LINE/L1      5946   6048  (124)  658 *
  338   18.1  7.5  0.2  chr1_668881_Sniffles2.INS.30S0    527   623 (6211) + L1PA10   LINE/L1      5946   6048  (124)  658  
  324   19.8  7.6  1.0  chr1_668881_Sniffles2.INS.30S0    603   694 (6140) + L1PA8    LINE/L1      5946   6043  (129)  659 *
  385   19.1  6.3  0.5  chr1_668881_Sniffles2.INS.30S0    678   853 (5981) + L1PA10   LINE/L1      5945   6077   (77)  660 *
  423   20.1  6.3  1.1  chr1_668881_Sniffles2.INS.30S0    833  1165 (5669) + L1PA8    LINE/L1      5946   6077   (77)  661  
  378   19.8  6.5  0.9  chr1_668881_Sniffles2.INS.30S0   1145  1319 (5515) + L1PA10   LINE/L1      5926   6048  (124)  662 *
  337   23.7  6.2  0.0  chr1_668881_Sniffles2.INS.30S0   1299  1395 (5439) + L1PA8    LINE/L1      5946   6048  (124)  663 *
  320   21.4  8.1  0.9  chr1_668881_Sniffles2.INS.30S0   1376  1543 (5291) + L1PA8    LINE/L1      5946   6077   (77)  664 *
  376   19.1  7.8  0.4  chr1_668881_Sniffles2.INS.30S0   1528  1685 (5149) + L1PA8    LINE/L1      5946   6077   (77)  664  
  371   20.8  7.2  1.0  chr1_668881_Sniffles2.INS.30S0   1714  1810 (5024) + L1PA8    LINE/L1      5946   6048  (124)  665  
  370   17.7  6.3  0.3  chr1_668881_Sniffles2.INS.30S0   1790  1887 (4947) + L1PA10   LINE/L1      5946   6048  (124)  666 *
  332   19.2  6.4  0.0  chr1_668881_Sniffles2.INS.30S0   1867  1944 (4890) + L1PA10   LINE/L1      5946   6028  (140)  667 *
  346   20.7  6.0  0.2  chr1_668881_Sniffles2.INS.30S0   1940  2040 (4794) + L1PA10   LINE/L1      5943   6048  (124)  668 *
  359   19.1  6.2  0.2  chr1_668881_Sniffles2.INS.30S0   2020  2117 (4717) + L1PA10   LINE/L1      5946   6048  (124)  668  
  350   21.9  7.2  1.0  chr1_668881_Sniffles2.INS.30S0   2097  2193 (4641) + L1PA8    LINE/L1      5946   6048  (124)  669 *
  402   19.6  6.1  0.9  chr1_668881_Sniffles2.INS.30S0   2173  2342 (4492) + L1PA10   LINE/L1      5946   6077   (77)  670  
  378   19.2  6.2  0.2  chr1_668881_Sniffles2.INS.30S0   2327  2424 (4410) + L1PA10   LINE/L1      5946   6048  (124)  671 *
  325   21.5  6.2  0.2  chr1_668881_Sniffles2.INS.30S0   2404  2501 (4333) + L1PA10   LINE/L1      5946   6048  (124)  671 *
  361   20.6  5.4  1.0  chr1_668881_Sniffles2.INS.30S0   2481  2573 (4261) + L1PA10   LINE/L1      5946   6042  (126)  671 *
  371   20.6  5.4  1.0  chr1_668881_Sniffles2.INS.30S0   2558  2650 (4184) + L1PA10   LINE/L1      5946   6042  (126)  671  
  343   20.3  6.2  0.2  chr1_668881_Sniffles2.INS.30S0   2635  2732 (4102) + L1PA10   LINE/L1      5946   6048  (124)  671 *
  361   20.6  7.4  0.9  chr1_668881_Sniffles2.INS.30S0   2712  2885 (3949) + L1PA10   LINE/L1      5946   6077   (77)  672 *
  379   21.5  8.1  0.5  chr1_668881_Sniffles2.INS.30S0   2865  3346 (3488) + L1PA10   LINE/L1      5946   6077   (77)  672  
  379   17.9  6.2  0.2  chr1_668881_Sniffles2.INS.30S0   3326  3423 (3411) + L1PA10   LINE/L1      5946   6048  (124)  673  
  337   20.3  6.2  0.2  chr1_668881_Sniffles2.INS.30S0   3403  3500 (3334) + L1PA10   LINE/L1      5946   6048  (124)  673 *
  335   21.6  6.1  1.0  chr1_668881_Sniffles2.INS.30S0   3480  3577 (3257) + L1PA8    LINE/L1      5946   6048  (124)  674 *
  379   17.9  6.2  0.2  chr1_668881_Sniffles2.INS.30S0   3557  3654 (3180) + L1PA10   LINE/L1      5946   6048  (124)  675 *
  402   19.7  6.7  0.9  chr1_668881_Sniffles2.INS.30S0   3634  3880 (2954) + L1PA10   LINE/L1      5946   6077   (77)  676  
  402   20.1  6.1  0.9  chr1_668881_Sniffles2.INS.30S0   3865  4034 (2800) + L1PA10   LINE/L1      5946   6077   (77)  676  
  343   20.3  6.2  0.2  chr1_668881_Sniffles2.INS.30S0   4019  4116 (2718) + L1PA10   LINE/L1      5946   6048  (124)  677 *
  337   20.3  6.2  0.2  chr1_668881_Sniffles2.INS.30S0   4096  4193 (2641) + L1PA10   LINE/L1      5946   6048  (124)  677 *
  337   20.3  6.2  0.2  chr1_668881_Sniffles2.INS.30S0   4173  4270 (2564) + L1PA10   LINE/L1      5946   6048  (124)  677 *
  402   19.8  9.1  0.6  chr1_668881_Sniffles2.INS.30S0   4250  4958 (1876) + L1PA10   LINE/L1      5946   6077   (77)  678  
  359   20.9  6.4  0.5  chr1_668881_Sniffles2.INS.30S0   4938  5112 (1722) + L1PA10   LINE/L1      5946   6077   (77)  678 *
  351   21.7  5.4  1.0  chr1_668881_Sniffles2.INS.30S0   5092  5184 (1650) + L1PA10   LINE/L1      5946   6042  (126)  679 *
  378   17.7  6.3  0.3  chr1_668881_Sniffles2.INS.30S0   5169  5266 (1568) + L1PA10   LINE/L1      5946   6048  (124)  679  
  359   19.1  6.2  0.2  chr1_668881_Sniffles2.INS.30S0   5246  5343 (1491) + L1PA10   LINE/L1      5946   6048  (124)  679 *
  390   18.3  6.6  0.8  chr1_668881_Sniffles2.INS.30S0   5323  5497 (1337) + L1PA10   LINE/L1      5946   6077   (77)  680  
  361   20.6  5.4  1.0  chr1_668881_Sniffles2.INS.30S0   5477  5569 (1265) + L1PA10   LINE/L1      5946   6042  (126)  681 *
  361   20.9  6.7  0.5  chr1_668881_Sniffles2.INS.30S0   5554  5805 (1029) + L1PA10   LINE/L1      5946   6077   (77)  682 *
  371   20.7  6.4  0.5  chr1_668881_Sniffles2.INS.30S0   5785  5959  (875) + L1PA10   LINE/L1      5946   6077   (77)  682 *
  379   20.0  6.7  0.6  chr1_668881_Sniffles2.INS.30S0   5939  6190  (644) + L1PA10   LINE/L1      5946   6077   (77)  682  
  326   17.1  2.0  1.7  chr1_668881_Sniffles2.INS.30S0   6170  6262  (572) + L1PA11   LINE/L1      5946   6042  (126)  683 *
  341   17.8  5.3  0.3  chr1_668881_Sniffles2.INS.30S0   6247  6417  (417) + L1PA10   LINE/L1      5946   6077   (77)  684 *
  348   20.3  6.2  0.2  chr1_668881_Sniffles2.INS.30S0   6397  6494  (340) + L1PA10   LINE/L1      5946   6048  (124)  685 *
  351   21.7  5.4  1.0  chr1_668881_Sniffles2.INS.30S0   6474  6566  (268) + L1PA10   LINE/L1      5946   6042  (126)  685 *
  356   19.1  6.2  0.2  chr1_668881_Sniffles2.INS.30S0   6551  6648  (186) + L1PA10   LINE/L1      5946   6048  (124)  685 *
  371   20.6  5.4  1.0  chr1_668881_Sniffles2.INS.30S0   6628  6720  (114) + L1PA10   LINE/L1      5946   6042  (126)  685  
  351   20.8  7.2  1.0  chr1_668881_Sniffles2.INS.30S0   6705  6801   (33) + L1PA8    LINE/L1      5946   6048  (124)  686 *
  318   13.7  0.0  0.0  chr1_668881_Sniffles2.INS.30S0   6781  6831    (3) + L1PA10   LINE/L1      5946   5996  (172)  687 *
  265   16.4  4.9  0.0  chr1_669002_Sniffles2.INS.14S0     41   101  (185) + L1PA11   LINE/L1      5946   6009  (165)  688  
  235   13.9  0.0  0.0  chr1_669002_Sniffles2.INS.14S0    117   152  (134) + L1PA11   LINE/L1      5951   5986  (188)  689  
  269   18.4  1.9  0.0  chr1_669002_Sniffles2.INS.14S0    155   218   (68) + L1PA11   LINE/L1      5943   6011  (161)  690  
  283   21.9  6.0  1.1  chr1_668821_Sniffles2.INS.32S0      2    84 (19857) + L1PA10   LINE/L1      5949   6035  (133)  691  
  244   23.8 11.7  1.6  chr1_668821_Sniffles2.INS.32S0     57   167 (19774) + L1PA8    LINE/L1      5927   6048  (124)  692 *
  382   19.8  7.2  1.0  chr1_668821_Sniffles2.INS.32S0    147   243 (19698) + L1PA8    LINE/L1      5946   6048  (124)  693  
  306   21.3  9.5  1.0  chr1_668821_Sniffles2.INS.32S0    223   317 (19624) + L1PA8    LINE/L1      5946   6048  (124)  693 *
  379   17.3  6.2  0.0  chr1_668821_Sniffles2.INS.32S0    297   377 (19564) + L1PA10   LINE/L1      5946   6031  (137)  694  
  301   20.0  7.5  0.0  chr1_668821_Sniffles2.INS.32S0    374   453 (19488) + L1PA10   LINE/L1      5946   6031  (137)  694 *
  334   23.7  6.1  1.0  chr1_668821_Sniffles2.INS.32S0    450   547 (19394) + L1PA8    LINE/L1      5946   6048  (124)  695 *
  379   17.9  6.2  0.2  chr1_668821_Sniffles2.INS.32S0    527   624 (19317) + L1PA10   LINE/L1      5946   6048  (124)  696  
  377   20.6  6.1  1.0  chr1_668821_Sniffles2.INS.32S0    604   701 (19240) + L1PA8    LINE/L1      5946   6048  (124)  697 *
  330   19.8  6.2  0.0  chr1_668821_Sniffles2.INS.32S0    681   761 (19180) + L1PA10   LINE/L1      5946   6031  (137)  698 *
  287   19.4  3.8  1.7  chr1_668821_Sniffles2.INS.32S0    758   854 (19087) + L1PA12   LINE/L1      5946   6048  (124)  699 *
  359   19.1  6.2  0.2  chr1_668821_Sniffles2.INS.32S0    834   931 (19010) + L1PA10   LINE/L1      5946   6048  (124)  700  
  348   20.3  6.2  0.2  chr1_668821_Sniffles2.INS.32S0    911  1008 (18933) + L1PA10   LINE/L1      5946   6048  (124)  700 *
  359   21.7  5.4  1.0  chr1_668821_Sniffles2.INS.32S0    988  1080 (18861) + L1PA10   LINE/L1      5946   6042  (126)  700  
  350   19.5  7.8  2.2  chr1_668821_Sniffles2.INS.32S0   1065  1235 (18706) + L1PA8    LINE/L1      5927   6048  (124)  701 *
  416   16.6  7.2  1.0  chr1_668821_Sniffles2.INS.32S0   1215  1311 (18630) + L1PA8    LINE/L1      5946   6048  (124)  702  
  372   20.2  8.3  1.4  chr1_668821_Sniffles2.INS.32S0   1291  1462 (18479) + L1PA8    LINE/L1      5927   6048  (124)  703 *
  307   18.3  8.8  0.2  chr1_668821_Sniffles2.INS.32S0   1442  1537 (18404) + L1PA10   LINE/L1      5946   6048  (124)  704 *
  381   21.6  6.2  0.0  chr1_668821_Sniffles2.INS.32S0   1517  1613 (18328) + L1PA8    LINE/L1      5946   6048  (124)  705  
  341   19.8  6.5  1.0  chr1_668821_Sniffles2.INS.32S0   1594  1685 (18256) + L1PA10   LINE/L1      5946   6042  (126)  706 *
  366   16.1  8.6  0.0  chr1_668821_Sniffles2.INS.32S0   1670  1750 (18191) + L1PA8    LINE/L1      5946   6033  (139)  707  
  284   17.6  0.0  0.0  chr1_668821_Sniffles2.INS.32S0   1776  1826 (18115) + L1PA11   LINE/L1      5946   5996  (178)  708  
  291   17.5  2.3  0.1  chr1_668821_Sniffles2.INS.32S0   1835  1929 (18012) + L1PA11   LINE/L1      5946   6048  (124)  709 *
  359   21.7  5.4  1.0  chr1_668821_Sniffles2.INS.32S0   1909  2001 (17940) + L1PA10   LINE/L1      5946   6042  (126)  710 *
  379   17.9  6.2  0.2  chr1_668821_Sniffles2.INS.32S0   1986  2083 (17858) + L1PA10   LINE/L1      5946   6048  (124)  710  
  337   20.3  6.2  0.2  chr1_668821_Sniffles2.INS.32S0   2063  2160 (17781) + L1PA10   LINE/L1      5946   6048  (124)  710 *
  325   21.0  6.2  0.0  chr1_668821_Sniffles2.INS.32S0   2140  2220 (17721) + L1PA10   LINE/L1      5946   6031  (137)  711 *
  311   19.5  7.5  0.2  chr1_668821_Sniffles2.INS.32S0   2217  2313 (17628) + L1PA10   LINE/L1      5946   6048  (124)  712 *
  337   20.3  6.2  0.2  chr1_668821_Sniffles2.INS.32S0   2293  2390 (17551) + L1PA10   LINE/L1      5946   6048  (124)  712  
  300   22.1  8.3  1.0  chr1_668821_Sniffles2.INS.32S0   2370  2465 (17476) + L1PA8    LINE/L1      5946   6048  (124)  713 *
  325   21.0  6.2  0.0  chr1_668821_Sniffles2.INS.32S0   2445  2525 (17416) + L1PA10   LINE/L1      5946   6031  (137)  714  
  311   19.5  7.5  0.2  chr1_668821_Sniffles2.INS.32S0   2522  2618 (17323) + L1PA10   LINE/L1      5946   6048  (124)  715 *
  337   20.3  6.2  0.2  chr1_668821_Sniffles2.INS.32S0   2598  2695 (17246) + L1PA10   LINE/L1      5946   6048  (124)  715  
  337   20.3  6.2  0.2  chr1_668821_Sniffles2.INS.32S0   2675  2772 (17169) + L1PA10   LINE/L1      5946   6048  (124)  715 *
  359   19.1  6.2  0.2  chr1_668821_Sniffles2.INS.32S0   2752  2849 (17092) + L1PA10   LINE/L1      5946   6048  (124)  715  
  337   20.3  6.2  0.2  chr1_668821_Sniffles2.INS.32S0   2829  2926 (17015) + L1PA10   LINE/L1      5946   6048  (124)  715 *
  337   20.3  6.2  0.2  chr1_668821_Sniffles2.INS.32S0   2906  3003 (16938) + L1PA10   LINE/L1      5946   6048  (124)  715  
  337   20.3  6.2  0.2  chr1_668821_Sniffles2.INS.32S0   2983  3080 (16861) + L1PA10   LINE/L1      5946   6048  (124)  715  
  337   20.3  6.2  0.2  chr1_668821_Sniffles2.INS.32S0   3060  3157 (16784) + L1PA10   LINE/L1      5946   6048  (124)  715  
  325   21.5  6.2  0.2  chr1_668821_Sniffles2.INS.32S0   3137  3234 (16707) + L1PA10   LINE/L1      5946   6048  (124)  715 *
  359   21.7  5.4  1.0  chr1_668821_Sniffles2.INS.32S0   3214  3306 (16635) + L1PA10   LINE/L1      5946   6042  (126)  715  
  297   19.6  7.5  1.4  chr1_668821_Sniffles2.INS.32S0   3291  3389 (16552) + L1PA11   LINE/L1      5946   6048  (124)  716 *
  317   21.5  6.2  0.2  chr1_668821_Sniffles2.INS.32S0   3369  3466 (16475) + L1PA10   LINE/L1      5946   6048  (124)  717 *
  325   21.0  6.2  0.0  chr1_668821_Sniffles2.INS.32S0   3446  3526 (16415) + L1PA10   LINE/L1      5946   6031  (137)  718  
  320   23.9  5.4  1.0  chr1_668821_Sniffles2.INS.32S0   3523  3615 (16326) + L1PA10   LINE/L1      5946   6042  (126)  718 *
  374   19.1  6.2  0.2  chr1_668821_Sniffles2.INS.32S0   3600  3697 (16244) + L1PA10   LINE/L1      5946   6048  (124)  718  
  359   19.1  6.2  0.2  chr1_668821_Sniffles2.INS.32S0   3677  3774 (16167) + L1PA10   LINE/L1      5946   6048  (124)  718 *
  367   21.7  5.4  1.0  chr1_668821_Sniffles2.INS.32S0   3754  3846 (16095) + L1PA10   LINE/L1      5946   6042  (126)  718 *
  396   19.1  7.7  0.9  chr1_668821_Sniffles2.INS.32S0   3831  4082 (15859) + L1PA8    LINE/L1      5946   6077   (77)  719  
  371   20.9  6.4  0.5  chr1_668821_Sniffles2.INS.32S0   4062  4236 (15705) + L1PA10   LINE/L1      5946   6077   (77)  720 *
  402   18.6  7.0  3.1  chr1_668821_Sniffles2.INS.32S0   4216  4471 (15470) + L1PA8    LINE/L1      5946   6077   (77)  721  
  378   20.8  6.7  0.9  chr1_668821_Sniffles2.INS.32S0   4451  4619 (15322) + L1PA10   LINE/L1      5946   6077   (77)  722 *
  343   20.3  6.2  0.2  chr1_668821_Sniffles2.INS.32S0   4604  4701 (15240) + L1PA10   LINE/L1      5946   6048  (124)  723 *
  325   21.0  6.2  0.0  chr1_668821_Sniffles2.INS.32S0   4681  4761 (15180) + L1PA10   LINE/L1      5946   6031  (137)  724 *
  314   24.7  6.1  1.0  chr1_668821_Sniffles2.INS.32S0   4758  4855 (15086) + L1PA8    LINE/L1      5946   6048  (124)  725 *
  399   16.6  7.2  1.0  chr1_668821_Sniffles2.INS.32S0   4835  4931 (15010) + L1PA8    LINE/L1      5946   6048  (124)  725  
  378   20.6  5.4  1.0  chr1_668821_Sniffles2.INS.32S0   4911  5003 (14938) + L1PA10   LINE/L1      5946   6042  (126)  726 *
  390   19.8  7.2  0.9  chr1_668821_Sniffles2.INS.32S0   4988  5155 (14786) + L1PA10   LINE/L1      5946   6077   (77)  727  
  297   20.2  9.5  1.0  chr1_668821_Sniffles2.INS.32S0   5140  5234 (14707) + L1PA8    LINE/L1      5946   6048  (124)  728 *
  329   22.9  7.2  1.0  chr1_668821_Sniffles2.INS.32S0   5214  5310 (14631) + L1PA8    LINE/L1      5946   6048  (124)  728 *
  359   19.1  6.2  0.2  chr1_668821_Sniffles2.INS.32S0   5290  5387 (14554) + L1PA10   LINE/L1      5946   6048  (124)  729  
  326   23.5  5.0  1.0  chr1_668821_Sniffles2.INS.32S0   5367  5465 (14476) + L1PA8    LINE/L1      5946   6048  (124)  730 *
  390   19.9  7.6  0.5  chr1_668821_Sniffles2.INS.32S0   5445  5772 (14169) + L1PA10   LINE/L1      5946   6077   (77)  731  
  337   20.3  6.2  0.2  chr1_668821_Sniffles2.INS.32S0   5752  5849 (14092) + L1PA10   LINE/L1      5946   6048  (124)  732 *
  325   21.5  6.2  0.2  chr1_668821_Sniffles2.INS.32S0   5829  5926 (14015) + L1PA10   LINE/L1      5946   6048  (124)  732 *
  359   19.1  6.2  0.2  chr1_668821_Sniffles2.INS.32S0   5906  6003 (13938) + L1PA10   LINE/L1      5946   6048  (124)  732 *
  379   20.6  6.1  1.0  chr1_668821_Sniffles2.INS.32S0   5983  6080 (13861) + L1PA8    LINE/L1      5946   6048  (124)  733  
  335   21.0  8.3  1.0  chr1_668821_Sniffles2.INS.32S0   6060  6155 (13786) + L1PA8    LINE/L1      5946   6048  (124)  733 *
  381   20.6  6.1  1.0  chr1_668821_Sniffles2.INS.32S0   6135  6232 (13709) + L1PA8    LINE/L1      5946   6048  (124)  733 *
  390   20.1  6.4  0.9  chr1_668821_Sniffles2.INS.32S0   6212  6381 (13560) + L1PA10   LINE/L1      5946   6077   (77)  734  
  390   20.1  8.3  0.5  chr1_668821_Sniffles2.INS.32S0   6366  6906 (13035) + L1PA10   LINE/L1      5946   6077   (77)  734  
  390   19.1  7.7  0.5  chr1_668821_Sniffles2.INS.32S0   6903  7153 (12788) + L1PA10   LINE/L1      5946   6077   (77)  734  
  337   20.3  6.2  0.2  chr1_668821_Sniffles2.INS.32S0   7133  7230 (12711) + L1PA10   LINE/L1      5946   6048  (124)  735 *
  330   21.6  6.2  0.2  chr1_668821_Sniffles2.INS.32S0   7210  7307 (12634) + L1PA10   LINE/L1      5946   6048  (124)  735 *
  371   20.6  5.4  1.0  chr1_668821_Sniffles2.INS.32S0   7287  7379 (12562) + L1PA10   LINE/L1      5946   6042  (126)  735 *
  379   20.6  6.1  1.0  chr1_668821_Sniffles2.INS.32S0   7364  7461 (12480) + L1PA8    LINE/L1      5946   6048  (124)  736  
  333   21.5  6.2  0.2  chr1_668821_Sniffles2.INS.32S0   7441  7538 (12403) + L1PA10   LINE/L1      5946   6048  (124)  737 *
  319   20.0  6.7  0.0  chr1_668821_Sniffles2.INS.32S0   7518  7592 (12349) + L1PA10   LINE/L1      5946   6025  (143)  738 *
  337   20.3  6.2  0.2  chr1_668821_Sniffles2.INS.32S0   7598  7695 (12246) + L1PA10   LINE/L1      5946   6048  (124)  739  
  337   20.3  6.2  0.2  chr1_668821_Sniffles2.INS.32S0   7675  7772 (12169) + L1PA10   LINE/L1      5946   6048  (124)  739 *
  350   21.9  6.9  0.5  chr1_668821_Sniffles2.INS.32S0   7752  7925 (12016) + L1PA8    LINE/L1      5946   6077   (77)  740 *
  359   21.7  5.4  1.0  chr1_668821_Sniffles2.INS.32S0   7905  7997 (11944) + L1PA10   LINE/L1      5946   6042  (126)  741 *
  379   17.9  6.2  0.2  chr1_668821_Sniffles2.INS.32S0   7982  8079 (11862) + L1PA10   LINE/L1      5946   6048  (124)  741  
  337   20.3  6.2  0.2  chr1_668821_Sniffles2.INS.32S0   8059  8156 (11785) + L1PA10   LINE/L1      5946   6048  (124)  741 *
  325   21.0  6.2  0.0  chr1_668821_Sniffles2.INS.32S0   8136  8216 (11725) + L1PA10   LINE/L1      5946   6031  (137)  742 *
  300   20.7  7.5  0.2  chr1_668821_Sniffles2.INS.32S0   8213  8309 (11632) + L1PA10   LINE/L1      5946   6048  (124)  743 *
  376   18.2  6.2  0.2  chr1_668821_Sniffles2.INS.32S0   8289  8386 (11555) + L1PA10   LINE/L1      5946   6048  (124)  743  
  337   20.3  6.2  0.2  chr1_668821_Sniffles2.INS.32S0   8366  8463 (11478) + L1PA10   LINE/L1      5946   6048  (124)  743 *
  325   21.0  6.2  0.0  chr1_668821_Sniffles2.INS.32S0   8443  8523 (11418) + L1PA10   LINE/L1      5946   6031  (137)  744 *
  302   20.4  2.5  0.1  chr1_668821_Sniffles2.INS.32S0   8520  8616 (11325) + L1PA12   LINE/L1      5946   6048  (124)  745 *
  337   20.3  6.2  0.2  chr1_668821_Sniffles2.INS.32S0   8596  8693 (11248) + L1PA10   LINE/L1      5946   6048  (124)  746  
  337   20.3  6.2  0.2  chr1_668821_Sniffles2.INS.32S0   8673  8770 (11171) + L1PA10   LINE/L1      5946   6048  (124)  746 *
  359   19.1  6.2  0.2  chr1_668821_Sniffles2.INS.32S0   8750  8847 (11094) + L1PA10   LINE/L1      5946   6048  (124)  746  
  337   20.3  6.2  0.2  chr1_668821_Sniffles2.INS.32S0   8827  8924 (11017) + L1PA10   LINE/L1      5946   6048  (124)  746 *
  285   22.3  9.5  1.0  chr1_668821_Sniffles2.INS.32S0   8904  8998 (10943) + L1PA8    LINE/L1      5946   6048  (124)  747 *
  325   21.5  6.2  0.2  chr1_668821_Sniffles2.INS.32S0   8978  9075 (10866) + L1PA10   LINE/L1      5946   6048  (124)  748 *
  337   20.3  6.2  0.2  chr1_668821_Sniffles2.INS.32S0   9055  9152 (10789) + L1PA10   LINE/L1      5946   6048  (124)  748  
  287   20.8  8.8  0.2  chr1_668821_Sniffles2.INS.32S0   9132  9227 (10714) + L1PA10   LINE/L1      5946   6048  (124)  748 *
  272   23.4  9.5  1.0  chr1_668821_Sniffles2.INS.32S0   9207  9301 (10640) + L1PA8    LINE/L1      5946   6048  (124)  749 *
  359   21.7  5.4  1.0  chr1_668821_Sniffles2.INS.32S0   9281  9373 (10568) + L1PA10   LINE/L1      5946   6042  (126)  750 *
  379   17.9  6.2  0.2  chr1_668821_Sniffles2.INS.32S0   9358  9455 (10486) + L1PA10   LINE/L1      5946   6048  (124)  750  
  337   20.3  6.2  0.2  chr1_668821_Sniffles2.INS.32S0   9435  9532 (10409) + L1PA10   LINE/L1      5946   6048  (124)  750 *
  325   21.5  6.2  0.2  chr1_668821_Sniffles2.INS.32S0   9512  9609 (10332) + L1PA10   LINE/L1      5946   6048  (124)  750 *
  379   19.4  6.1  0.5  chr1_668821_Sniffles2.INS.32S0   9589  9764 (10177) + L1PA10   LINE/L1      5946   6077   (77)  751  
  317   21.5  6.2  0.2  chr1_668821_Sniffles2.INS.32S0   9744  9841 (10100) + L1PA10   LINE/L1      5946   6048  (124)  752 *
  325   21.0  6.2  0.0  chr1_668821_Sniffles2.INS.32S0   9821  9901 (10040) + L1PA10   LINE/L1      5946   6031  (137)  753  
  320   23.9  5.4  1.0  chr1_668821_Sniffles2.INS.32S0   9898  9990  (9951) + L1PA10   LINE/L1      5946   6042  (126)  753 *
  374   19.1  6.2  0.2  chr1_668821_Sniffles2.INS.32S0   9975 10072  (9869) + L1PA10   LINE/L1      5946   6048  (124)  753  
  359   18.7  6.6  0.2  chr1_668821_Sniffles2.INS.32S0  10052 10148  (9793) + L1PA10   LINE/L1      5946   6048  (124)  753 *
  366   19.1  6.2  0.2  chr1_668821_Sniffles2.INS.32S0  10128 10225  (9716) + L1PA10   LINE/L1      5946   6048  (124)  753 *
  396   19.1  7.9  0.9  chr1_668821_Sniffles2.INS.32S0  10205 10454  (9487) + L1PA8    LINE/L1      5946   6077   (77)  754  
  371   20.1  6.4  0.5  chr1_668821_Sniffles2.INS.32S0  10434 10608  (9333) + L1PA10   LINE/L1      5946   6077   (77)  755 *
  396   19.1  7.7  0.9  chr1_668821_Sniffles2.INS.32S0  10588 10839  (9102) + L1PA8    LINE/L1      5946   6077   (77)  756  
  378   20.8  6.1  0.9  chr1_668821_Sniffles2.INS.32S0  10819 10988  (8953) + L1PA10   LINE/L1      5946   6077   (77)  757 *
  343   20.3  6.2  0.2  chr1_668821_Sniffles2.INS.32S0  10973 11070  (8871) + L1PA10   LINE/L1      5946   6048  (124)  758 *
  322   21.0  8.6  0.0  chr1_668821_Sniffles2.INS.32S0  11050 11130  (8811) + L1PA8    LINE/L1      5946   6033  (139)  759 *
  314   24.7  6.1  1.0  chr1_668821_Sniffles2.INS.32S0  11126 11223  (8718) + L1PA8    LINE/L1      5946   6048  (124)  760 *
  390   19.6  5.4  1.0  chr1_668821_Sniffles2.INS.32S0  11203 11295  (8646) + L1PA10   LINE/L1      5946   6042  (126)  761  
  366   19.1  6.2  0.2  chr1_668821_Sniffles2.INS.32S0  11280 11377  (8564) + L1PA10   LINE/L1      5946   6048  (124)  761 *
  371   20.6  5.4  1.0  chr1_668821_Sniffles2.INS.32S0  11357 11449  (8492) + L1PA10   LINE/L1      5946   6042  (126)  761  
  359   18.7  6.5  1.0  chr1_668821_Sniffles2.INS.32S0  11434 11525  (8416) + L1PA10   LINE/L1      5946   6042  (126)  761 *
  390   20.2  6.1  0.9  chr1_668821_Sniffles2.INS.32S0  11510 11679  (8262) + L1PA10   LINE/L1      5946   6077   (77)  762  
  390   18.8  9.5  0.6  chr1_668821_Sniffles2.INS.32S0  11664 11990  (7951) + L1PA10   LINE/L1      5946   6077   (77)  762  
  335   21.5  6.2  0.2  chr1_668821_Sniffles2.INS.32S0  11970 12067  (7874) + L1PA10   LINE/L1      5946   6048  (124)  763 *
  371   19.9  6.4  0.5  chr1_668821_Sniffles2.INS.32S0  12047 12221  (7720) + L1PA10   LINE/L1      5946   6077   (77)  764  
  320   18.2  8.9  0.3  chr1_668821_Sniffles2.INS.32S0  12201 12296  (7645) + L1PA10   LINE/L1      5946   6048  (124)  765 *
  337   20.3  6.2  0.2  chr1_668821_Sniffles2.INS.32S0  12276 12373  (7568) + L1PA10   LINE/L1      5946   6048  (124)  765  
  335   21.5  6.2  0.2  chr1_668821_Sniffles2.INS.32S0  12353 12450  (7491) + L1PA10   LINE/L1      5946   6048  (124)  765 *
  359   19.1  6.2  0.2  chr1_668821_Sniffles2.INS.32S0  12430 12527  (7414) + L1PA10   LINE/L1      5946   6048  (124)  765 *
  382   19.6  5.4  1.0  chr1_668821_Sniffles2.INS.32S0  12507 12599  (7342) + L1PA10   LINE/L1      5946   6042  (126)  765  
  353   20.3  6.2  0.2  chr1_668821_Sniffles2.INS.32S0  12584 12681  (7260) + L1PA10   LINE/L1      5946   6048  (124)  765 *
  359   18.9  6.3  0.3  chr1_668821_Sniffles2.INS.32S0  12661 12758  (7183) + L1PA10   LINE/L1      5946   6048  (124)  765 *
  382   20.2  7.0  0.9  chr1_668821_Sniffles2.INS.32S0  12738 12911  (7030) + L1PA10   LINE/L1      5946   6077   (77)  766  
  366   19.1  6.2  0.2  chr1_668821_Sniffles2.INS.32S0  12891 12988  (6953) + L1PA10   LINE/L1      5946   6048  (124)  767 *
  371   19.9  6.4  0.5  chr1_668821_Sniffles2.INS.32S0  12968 13142  (6799) + L1PA10   LINE/L1      5946   6077   (77)  768  
  337   20.3  6.2  0.2  chr1_668821_Sniffles2.INS.32S0  13122 13219  (6722) + L1PA10   LINE/L1      5946   6048  (124)  769 *
  314   20.2  9.5  1.0  chr1_668821_Sniffles2.INS.32S0  13199 13293  (6648) + L1PA8    LINE/L1      5946   6048  (124)  770 *
  340   21.5  6.2  0.2  chr1_668821_Sniffles2.INS.32S0  13273 13370  (6571) + L1PA10   LINE/L1      5946   6048  (124)  771 *
  371   18.8  4.9  0.2  chr1_668821_Sniffles2.INS.32S0  13350 13448  (6493) + L1PA10   LINE/L1      5946   6048  (124)  771  
  329   21.0  8.3  1.0  chr1_668821_Sniffles2.INS.32S0  13428 13523  (6418) + L1PA8    LINE/L1      5946   6048  (124)  772 *
  359   19.1  6.2  0.2  chr1_668821_Sniffles2.INS.32S0  13503 13600  (6341) + L1PA10   LINE/L1      5946   6048  (124)  773  
  295   20.5  7.5  0.2  chr1_668821_Sniffles2.INS.32S0  13580 13676  (6265) + L1PA10   LINE/L1      5946   6048  (124)  773 *
  313   19.1  9.5  1.0  chr1_668821_Sniffles2.INS.32S0  13656 13750  (6191) + L1PA8    LINE/L1      5946   6048  (124)  774 *
  322   18.6  8.9  0.2  chr1_668821_Sniffles2.INS.32S0  13730 13826  (6115) + L1PA11   LINE/L1      5946   6048  (124)  775 *
  371   19.1  6.2  2.2  chr1_668821_Sniffles2.INS.32S0  13806 13982  (5959) + L1PA10   LINE/L1      5946   6077   (77)  776  
  329   21.0  8.3  1.0  chr1_668821_Sniffles2.INS.32S0  13962 14057  (5884) + L1PA8    LINE/L1      5946   6048  (124)  777 *
  331   20.3  6.2  0.2  chr1_668821_Sniffles2.INS.32S0  14037 14134  (5807) + L1PA10   LINE/L1      5946   6048  (124)  778  
  321   22.7  6.2  0.2  chr1_668821_Sniffles2.INS.32S0  14114 14211  (5730) + L1PA10   LINE/L1      5946   6048  (124)  778 *
  379   18.9  6.9  0.5  chr1_668821_Sniffles2.INS.32S0  14191 14364  (5577) + L1PA10   LINE/L1      5946   6077   (77)  779  
  338   18.1  7.5  0.2  chr1_668821_Sniffles2.INS.32S0  14344 14440  (5501) + L1PA10   LINE/L1      5946   6048  (124)  780 *
  337   20.3  6.2  0.2  chr1_668821_Sniffles2.INS.32S0  14420 14517  (5424) + L1PA10   LINE/L1      5946   6048  (124)  780 *
  396   18.9  8.2  1.0  chr1_668821_Sniffles2.INS.32S0  14497 14902  (5039) + L1PA8    LINE/L1      5927   6077   (77)  781  
  335   21.5  6.2  0.2  chr1_668821_Sniffles2.INS.32S0  14882 14979  (4962) + L1PA10   LINE/L1      5946   6048  (124)  782 *
  371   19.9  6.4  0.5  chr1_668821_Sniffles2.INS.32S0  14959 15133  (4808) + L1PA10   LINE/L1      5946   6077   (77)  783  
  349   17.1  7.5  0.2  chr1_668821_Sniffles2.INS.32S0  15113 15209  (4732) + L1PA10   LINE/L1      5946   6048  (124)  784 *
  337   20.3  6.2  0.2  chr1_668821_Sniffles2.INS.32S0  15189 15286  (4655) + L1PA10   LINE/L1      5946   6048  (124)  784 *
  335   21.5  6.2  0.2  chr1_668821_Sniffles2.INS.32S0  15266 15363  (4578) + L1PA10   LINE/L1      5946   6048  (124)  784 *
  359   19.1  6.2  0.2  chr1_668821_Sniffles2.INS.32S0  15343 15440  (4501) + L1PA10   LINE/L1      5946   6048  (124)  784 *
  382   19.6  5.4  1.0  chr1_668821_Sniffles2.INS.32S0  15420 15512  (4429) + L1PA10   LINE/L1      5946   6042  (126)  784  
  353   20.3  6.2  0.2  chr1_668821_Sniffles2.INS.32S0  15497 15594  (4347) + L1PA10   LINE/L1      5946   6048  (124)  784 *
  359   18.9  6.3  0.3  chr1_668821_Sniffles2.INS.32S0  15574 15671  (4270) + L1PA10   LINE/L1      5946   6048  (124)  784 *
  390   19.7  6.1  0.9  chr1_668821_Sniffles2.INS.32S0  15651 15820  (4121) + L1PA10   LINE/L1      5946   6077   (77)  785  
  366   19.1  6.2  0.2  chr1_668821_Sniffles2.INS.32S0  15805 15902  (4039) + L1PA10   LINE/L1      5946   6048  (124)  786 *
  371   19.9  6.4  0.5  chr1_668821_Sniffles2.INS.32S0  15882 16056  (3885) + L1PA10   LINE/L1      5946   6077   (77)  787  
  337   20.3  6.2  0.2  chr1_668821_Sniffles2.INS.32S0  16036 16133  (3808) + L1PA10   LINE/L1      5946   6048  (124)  788 *
  340   21.5  6.8  0.5  chr1_668821_Sniffles2.INS.32S0  16113 16286  (3655) + L1PA10   LINE/L1      5946   6077   (77)  789 *
  359   19.1  6.2  0.2  chr1_668821_Sniffles2.INS.32S0  16266 16363  (3578) + L1PA10   LINE/L1      5946   6048  (124)  790  
  329   21.0  8.3  1.0  chr1_668821_Sniffles2.INS.32S0  16343 16438  (3503) + L1PA8    LINE/L1      5946   6048  (124)  791 *
  359   19.1  6.2  0.2  chr1_668821_Sniffles2.INS.32S0  16418 16515  (3426) + L1PA10   LINE/L1      5946   6048  (124)  792  
  331   20.3  6.2  0.2  chr1_668821_Sniffles2.INS.32S0  16495 16592  (3349) + L1PA10   LINE/L1      5946   6048  (124)  792 *
  353   19.6  8.2  0.5  chr1_668821_Sniffles2.INS.32S0  16572 16745  (3196) + L1PA8    LINE/L1      5946   6077   (77)  793 *
  379   19.1  6.3  0.5  chr1_668821_Sniffles2.INS.32S0  16725 16899  (3042) + L1PA10   LINE/L1      5946   6077   (77)  794  
  329   21.0  8.3  1.0  chr1_668821_Sniffles2.INS.32S0  16879 16974  (2967) + L1PA8    LINE/L1      5946   6048  (124)  795 *
  331   20.3  6.2  0.2  chr1_668821_Sniffles2.INS.32S0  16954 17051  (2890) + L1PA10   LINE/L1      5946   6048  (124)  796  
  321   22.7  6.2  0.2  chr1_668821_Sniffles2.INS.32S0  17031 17128  (2813) + L1PA10   LINE/L1      5946   6048  (124)  796 *
  379   19.4  7.2  0.4  chr1_668821_Sniffles2.INS.32S0  17108 17294  (2647) + L1PA10   LINE/L1      5946   6077   (77)  797  
  303   20.2  9.5  1.0  chr1_668821_Sniffles2.INS.32S0  17261 17355  (2586) + L1PA8    LINE/L1      5946   6048  (124)  798 *
  337   20.3  6.2  0.2  chr1_668821_Sniffles2.INS.32S0  17335 17432  (2509) + L1PA10   LINE/L1      5946   6048  (124)  799 *
  396   19.3  7.4  0.9  chr1_668821_Sniffles2.INS.32S0  17412 17740  (2201) + L1PA8    LINE/L1      5927   6077   (77)  800  
  337   20.3  6.2  0.2  chr1_668821_Sniffles2.INS.32S0  17720 17817  (2124) + L1PA10   LINE/L1      5946   6048  (124)  801 *
  359   19.1  6.2  0.2  chr1_668821_Sniffles2.INS.32S0  17797 17894  (2047) + L1PA10   LINE/L1      5946   6048  (124)  801  
  329   21.0  8.3  1.0  chr1_668821_Sniffles2.INS.32S0  17874 17969  (1972) + L1PA8    LINE/L1      5946   6048  (124)  802 *
  337   20.3  6.2  0.2  chr1_668821_Sniffles2.INS.32S0  17949 18046  (1895) + L1PA10   LINE/L1      5946   6048  (124)  803  
  337   20.3  6.2  0.2  chr1_668821_Sniffles2.INS.32S0  18026 18123  (1818) + L1PA10   LINE/L1      5946   6048  (124)  803 *
  389   20.1  6.5  0.9  chr1_668821_Sniffles2.INS.32S0  18103 18277  (1664) + L1PA8    LINE/L1      5946   6077   (77)  804  
  349   18.2  5.9  1.1  chr1_668821_Sniffles2.INS.32S0  18257 18355  (1586) + L1PA10   LINE/L1      5946   6048  (124)  805 *
  348   20.3  6.2  0.2  chr1_668821_Sniffles2.INS.32S0  18335 18432  (1509) + L1PA10   LINE/L1      5946   6048  (124)  805 *
  329   21.0  8.3  1.0  chr1_668821_Sniffles2.INS.32S0  18412 18507  (1434) + L1PA8    LINE/L1      5946   6048  (124)  806 *
  301   20.5  7.5  0.2  chr1_668821_Sniffles2.INS.32S0  18487 18583  (1358) + L1PA10   LINE/L1      5946   6048  (124)  807 *
  337   20.3  6.2  0.2  chr1_668821_Sniffles2.INS.32S0  18563 18660  (1281) + L1PA10   LINE/L1      5946   6048  (124)  807 *
  347   22.8  5.4  1.0  chr1_668821_Sniffles2.INS.32S0  18640 18732  (1209) + L1PA10   LINE/L1      5946   6042  (126)  807 *
  378   20.6  5.4  1.0  chr1_668821_Sniffles2.INS.32S0  18717 18809  (1132) + L1PA10   LINE/L1      5946   6042  (126)  807  
  356   19.1  6.2  0.2  chr1_668821_Sniffles2.INS.32S0  18794 18891  (1050) + L1PA10   LINE/L1      5946   6048  (124)  807 *
  371   18.8  4.9  0.2  chr1_668821_Sniffles2.INS.32S0  18871 18969   (972) + L1PA10   LINE/L1      5946   6048  (124)  807 *
  375   21.7  5.4  1.0  chr1_668821_Sniffles2.INS.32S0  18949 19041   (900) + L1PA10   LINE/L1      5946   6042  (126)  807  
  290   21.1  8.9  0.2  chr1_668821_Sniffles2.INS.32S0  19026 19122   (819) + L1PA11   LINE/L1      5946   6048  (124)  808 *
  339   18.7  8.8  0.2  chr1_668821_Sniffles2.INS.32S0  19102 19197   (744) + L1PA10   LINE/L1      5946   6048  (124)  809 *
  359   19.1  6.2  0.2  chr1_668821_Sniffles2.INS.32S0  19177 19274   (667) + L1PA10   LINE/L1      5946   6048  (124)  809  
  359   19.1  6.2  0.2  chr1_668821_Sniffles2.INS.32S0  19254 19351   (590) + L1PA10   LINE/L1      5946   6048  (124)  809  
  351   21.2  7.4  0.9  chr1_668821_Sniffles2.INS.32S0  19331 19499   (442) + L1PA8    LINE/L1      5946   6077   (77)  810 *
  343   20.3  6.2  0.2  chr1_668821_Sniffles2.INS.32S0  19484 19581   (360) + L1PA10   LINE/L1      5946   6048  (124)  811 *
  371   19.9  6.4  0.5  chr1_668821_Sniffles2.INS.32S0  19561 19735   (206) + L1PA10   LINE/L1      5946   6077   (77)  812 *
  379   19.4  6.1  0.5  chr1_668821_Sniffles2.INS.32S0  19715 19890    (51) + L1PA10   LINE/L1      5946   6077   (77)  812  
  331   15.6  0.0  3.1  chr1_668821_Sniffles2.INS.32S0  19870 19935     (6) + L1PA11   LINE/L1      5946   6009  (165)  813 *
  226   18.2  0.0  0.0  chr1_668967_Sniffles2.INS.27S0      1    44 (14557) + L1PA10   LINE/L1      5964   6007  (161)  814  
  359   19.1  6.2  0.2  chr1_668967_Sniffles2.INS.27S0    103   200 (14401) + L1PA10   LINE/L1      5946   6048  (124)  815  
  338   18.1  7.5  0.2  chr1_668967_Sniffles2.INS.27S0    180   276 (14325) + L1PA10   LINE/L1      5946   6048  (124)  815 *
  370   20.6  6.1  1.0  chr1_668967_Sniffles2.INS.27S0    256   353 (14248) + L1PA8    LINE/L1      5946   6048  (124)  816  
  339   22.4  0.0  2.9  chr1_668967_Sniffles2.INS.27S0    333   438 (14163) + L1PA8    LINE/L1      5946   6048  (124)  816 *
  359   19.1  6.2  0.2  chr1_668967_Sniffles2.INS.27S0    418   515 (14086) + L1PA10   LINE/L1      5946   6048  (124)  817 *
  384   21.0  6.9  1.2  chr1_668967_Sniffles2.INS.27S0    495   740 (13861) + L1PA10   LINE/L1      5926   6077   (77)  818  
  366   19.1  6.2  0.2  chr1_668967_Sniffles2.INS.27S0    725   822 (13779) + L1PA10   LINE/L1      5946   6048  (124)  819 *
  359   19.1  6.2  0.2  chr1_668967_Sniffles2.INS.27S0    802   899 (13702) + L1PA10   LINE/L1      5946   6048  (124)  819 *
  371   20.7  6.4  0.5  chr1_668967_Sniffles2.INS.27S0    879  1053 (13548) + L1PA10   LINE/L1      5946   6077   (77)  820 *
  390   20.1  7.3  0.8  chr1_668967_Sniffles2.INS.27S0   1033  1283 (13318) + L1PA10   LINE/L1      5946   6077   (77)  820  
  282   24.2  6.5  1.0  chr1_668967_Sniffles2.INS.27S0   1263  1354 (13247) + L1PA10   LINE/L1      5946   6042  (126)  821 *
  378   20.4  6.1  1.0  chr1_668967_Sniffles2.INS.27S0   1339  1437 (13164) + L1PA8    LINE/L1      5946   6049  (123)  822  
  349   21.9  7.2  1.0  chr1_668967_Sniffles2.INS.27S0   1416  1512 (13089) + L1PA8    LINE/L1      5946   6048  (124)  822 *
  351   17.3  6.7  0.0  chr1_668967_Sniffles2.INS.27S0   1492  1566 (13035) + L1PA10   LINE/L1      5946   6025  (143)  823 *
  371   20.8  8.5  3.1  chr1_668967_Sniffles2.INS.27S0   1550  1742 (12859) + L1PA8    LINE/L1      5927   6077   (77)  824  
  330   22.9  7.2  1.0  chr1_668967_Sniffles2.INS.27S0   1722  1818 (12783) + L1PA8    LINE/L1      5946   6048  (124)  825 *
  371   21.2  7.0  0.9  chr1_668967_Sniffles2.INS.27S0   1798  1971 (12630) + L1PA10   LINE/L1      5946   6077   (77)  826 *
  390   19.9  7.0  0.6  chr1_668967_Sniffles2.INS.27S0   1951  2279 (12322) + L1PA10   LINE/L1      5946   6077   (77)  826  
  325   21.5  6.2  0.2  chr1_668967_Sniffles2.INS.27S0   2259  2356 (12245) + L1PA10   LINE/L1      5946   6048  (124)  827 *
  338   18.1  7.5  0.2  chr1_668967_Sniffles2.INS.27S0   2336  2432 (12169) + L1PA10   LINE/L1      5946   6048  (124)  827 *
  373   17.6  7.6  1.0  chr1_668967_Sniffles2.INS.27S0   2412  2503 (12098) + L1PA8    LINE/L1      5946   6043  (129)  828  
  307   22.1  8.3  1.0  chr1_668967_Sniffles2.INS.27S0   2488  2583 (12018) + L1PA8    LINE/L1      5946   6048  (124)  828 *
  379   17.9  6.2  0.2  chr1_668967_Sniffles2.INS.27S0   2563  2660 (11941) + L1PA10   LINE/L1      5946   6048  (124)  829 *
  390   20.2  6.7  0.9  chr1_668967_Sniffles2.INS.27S0   2640  2808 (11793) + L1PA10   LINE/L1      5946   6077   (77)  830  
  390   20.1  7.1  0.5  chr1_668967_Sniffles2.INS.27S0   2793  3044 (11557) + L1PA10   LINE/L1      5946   6077   (77)  830  
  359   19.1  6.2  0.2  chr1_668967_Sniffles2.INS.27S0   3024  3121 (11480) + L1PA10   LINE/L1      5946   6048  (124)  831 *
  390   20.0  7.3  0.6  chr1_668967_Sniffles2.INS.27S0   3101  3506 (11095) + L1PA10   LINE/L1      5946   6077   (77)  832 *
  400   19.9  7.0  1.4  chr1_668967_Sniffles2.INS.27S0   3486  3814 (10787) + L1PA10   LINE/L1      5926   6077   (77)  833  
  379   19.1  6.3  0.5  chr1_668967_Sniffles2.INS.27S0   3794  3968 (10633) + L1PA10   LINE/L1      5946   6077   (77)  834 *
  371   20.0  6.6  0.4  chr1_668967_Sniffles2.INS.27S0   3948  4103 (10498) + L1PA10   LINE/L1      5946   6077   (77)  834 *
  390   20.7  7.1  0.5  chr1_668967_Sniffles2.INS.27S0   4102  4353 (10248) + L1PA10   LINE/L1      5946   6077   (77)  834  
  390   20.2  6.1  0.9  chr1_668967_Sniffles2.INS.27S0   4333  4502 (10099) + L1PA10   LINE/L1      5946   6077   (77)  834  
  306   21.3  9.5  1.0  chr1_668967_Sniffles2.INS.27S0   4487  4581 (10020) + L1PA8    LINE/L1      5946   6048  (124)  835 *
  351   20.8  8.9  1.6  chr1_668967_Sniffles2.INS.27S0   4561  4738  (9863) + L1PA10   LINE/L1      5946   6077   (77)  836  
  349   21.9  7.2  1.0  chr1_668967_Sniffles2.INS.27S0   4717  4813  (9788) + L1PA8    LINE/L1      5946   6048  (124)  837 *
  351   17.3  6.7  0.0  chr1_668967_Sniffles2.INS.27S0   4793  4867  (9734) + L1PA10   LINE/L1      5946   6025  (143)  838 *
  371   20.8  8.5  3.1  chr1_668967_Sniffles2.INS.27S0   4851  5043  (9558) + L1PA8    LINE/L1      5927   6077   (77)  839  
  371   21.2  7.0  0.9  chr1_668967_Sniffles2.INS.27S0   5023  5196  (9405) + L1PA10   LINE/L1      5946   6077   (77)  840  
  359   19.1  6.2  0.2  chr1_668967_Sniffles2.INS.27S0   5176  5273  (9328) + L1PA10   LINE/L1      5946   6048  (124)  841 *
  370   17.7  6.3  0.3  chr1_668967_Sniffles2.INS.27S0   5253  5350  (9251) + L1PA10   LINE/L1      5946   6048  (124)  841  
  359   19.1  6.2  0.2  chr1_668967_Sniffles2.INS.27S0   5330  5427  (9174) + L1PA10   LINE/L1      5946   6048  (124)  841 *
  382   20.0  6.7  1.0  chr1_668967_Sniffles2.INS.27S0   5407  5581  (9020) + L1PA8    LINE/L1      5946   6077   (77)  842  
  341   16.4  4.8  2.4  chr1_668967_Sniffles2.INS.27S0   5561  5661  (8940) + L1PA10   LINE/L1      5946   6048  (124)  843 *
  337   20.1  6.3  0.3  chr1_668967_Sniffles2.INS.27S0   5641  5738  (8863) + L1PA10   LINE/L1      5946   6048  (124)  843 *
  250   21.8 13.6  1.0  chr1_668967_Sniffles2.INS.27S0   5718  5805  (8796) + L1PA11   LINE/L1      5946   6044  (119)  844 *
  334   17.5  7.5  0.0  chr1_668967_Sniffles2.INS.27S0   5793  5872  (8729) + L1PA10   LINE/L1      5946   6031  (137)  845  
  304   23.3  5.8  4.1  chr1_668967_Sniffles2.INS.27S0   5845  5965  (8636) + L1PA8    LINE/L1      5926   6048  (124)  846 *
  348   20.3  6.2  0.2  chr1_668967_Sniffles2.INS.27S0   5945  6042  (8559) + L1PA10   LINE/L1      5946   6048  (124)  847 *
  370   17.7  6.3  0.3  chr1_668967_Sniffles2.INS.27S0   6022  6119  (8482) + L1PA10   LINE/L1      5946   6048  (124)  847  
  359   21.7  5.4  1.0  chr1_668967_Sniffles2.INS.27S0   6099  6191  (8410) + L1PA10   LINE/L1      5946   6042  (126)  847 *
  379   17.9  6.2  0.2  chr1_668967_Sniffles2.INS.27S0   6176  6273  (8328) + L1PA10   LINE/L1      5946   6048  (124)  847  
  359   19.1  6.2  0.2  chr1_668967_Sniffles2.INS.27S0   6253  6350  (8251) + L1PA10   LINE/L1      5946   6048  (124)  847 *
  366   20.1  8.6  0.2  chr1_668967_Sniffles2.INS.27S0   6330  6504  (8097) + L1PA10   LINE/L1      5946   6077   (77)  848  
  359   19.1  6.2  0.2  chr1_668967_Sniffles2.INS.27S0   6484  6581  (8020) + L1PA10   LINE/L1      5946   6048  (124)  849 *
  371   20.9  7.1  0.9  chr1_668967_Sniffles2.INS.27S0   6561  6734  (7867) + L1PA10   LINE/L1      5946   6077   (77)  850  
  366   20.1  8.6  0.2  chr1_668967_Sniffles2.INS.27S0   6714  6888  (7713) + L1PA10   LINE/L1      5946   6077   (77)  850 *
  359   19.1  6.2  0.2  chr1_668967_Sniffles2.INS.27S0   6868  6965  (7636) + L1PA10   LINE/L1      5946   6048  (124)  851 *
  359   19.1  6.2  0.2  chr1_668967_Sniffles2.INS.27S0   6945  7042  (7559) + L1PA10   LINE/L1      5946   6048  (124)  851  
  359   19.1  6.2  0.2  chr1_668967_Sniffles2.INS.27S0   7022  7119  (7482) + L1PA10   LINE/L1      5946   6048  (124)  851  
  359   19.1  6.2  0.2  chr1_668967_Sniffles2.INS.27S0   7099  7196  (7405) + L1PA10   LINE/L1      5946   6048  (124)  851 *
  379   19.1  6.3  0.5  chr1_668967_Sniffles2.INS.27S0   7176  7350  (7251) + L1PA10   LINE/L1      5946   6077   (77)  852  
  359   19.1  6.2  0.2  chr1_668967_Sniffles2.INS.27S0   7330  7427  (7174) + L1PA10   LINE/L1      5946   6048  (124)  853 *
  339   20.3  6.2  0.2  chr1_668967_Sniffles2.INS.27S0   7407  7504  (7097) + L1PA10   LINE/L1      5946   6048  (124)  853 *
  359   19.1  6.2  0.2  chr1_668967_Sniffles2.INS.27S0   7484  7581  (7020) + L1PA10   LINE/L1      5946   6048  (124)  853  
  355   19.8  6.2  0.5  chr1_668967_Sniffles2.INS.27S0   7561  7736  (6865) + L1PA10   LINE/L1      5946   6077   (77)  854 *
  359   19.1  6.2  0.2  chr1_668967_Sniffles2.INS.27S0   7716  7813  (6788) + L1PA10   LINE/L1      5946   6048  (124)  855  
  351   21.7  5.4  1.0  chr1_668967_Sniffles2.INS.27S0   7793  7885  (6716) + L1PA10   LINE/L1      5946   6042  (126)  855 *
  374   16.1  6.9  0.5  chr1_668967_Sniffles2.INS.27S0   7871  7967  (6634) + L1PA10   LINE/L1      5947   6048  (124)  855  
  362   17.9  6.4  0.3  chr1_668967_Sniffles2.INS.27S0   7948  8044  (6557) + L1PA10   LINE/L1      5947   6048  (124)  855 *
  305   20.8  7.1  2.9  chr1_668967_Sniffles2.INS.27S0   8024  8122  (6479) + L1PA8    LINE/L1      5946   6048  (124)  856 *
  390   18.8  6.9  0.5  chr1_668967_Sniffles2.INS.27S0   8102  8275  (6326) + L1PA8    LINE/L1      5946   6077   (77)  857  
  359   19.1  6.2  0.2  chr1_668967_Sniffles2.INS.27S0   8255  8352  (6249) + L1PA10   LINE/L1      5946   6048  (124)  858 *
  371   21.1  9.2  0.6  chr1_668967_Sniffles2.INS.27S0   8332  8500  (6101) + L1PA10   LINE/L1      5946   6077   (77)  859  
  328   22.0  6.5  1.0  chr1_668967_Sniffles2.INS.27S0   8485  8576  (6025) + L1PA10   LINE/L1      5946   6042  (126)  860 *
  393   17.7  6.5  0.5  chr1_668967_Sniffles2.INS.27S0   8562  8735  (5866) + L1PA10   LINE/L1      5946   6077   (77)  861  
  390   18.5  7.8  0.8  chr1_668967_Sniffles2.INS.27S0   8715  8964  (5637) + L1PA8    LINE/L1      5946   6077   (77)  862 *
  338   18.1  7.5  0.2  chr1_668967_Sniffles2.INS.27S0   8944  9040  (5561) + L1PA10   LINE/L1      5946   6048  (124)  863 *
  392   19.6 10.3  0.7  chr1_668967_Sniffles2.INS.27S0   9020  9335  (5266) + L1PA8    LINE/L1      5946   6077   (77)  864  
  390   19.2  6.7  0.7  chr1_668967_Sniffles2.INS.27S0   9320  9571  (5030) + L1PA10   LINE/L1      5926   6077   (77)  865 *
  390   20.3  5.6  0.7  chr1_668967_Sniffles2.INS.27S0   9551  9865  (4736) + L1PA10   LINE/L1      5946   6077   (77)  866  
  336   20.4  6.2  0.2  chr1_668967_Sniffles2.INS.27S0   9835  9932  (4669) + L1PA10   LINE/L1      5946   6048  (124)  867 *
  390   19.6  5.3  0.5  chr1_668967_Sniffles2.INS.27S0   9912 10127  (4474) + L1PA10   LINE/L1      5946   6077   (77)  868  
  370   17.7  6.3  0.3  chr1_668967_Sniffles2.INS.27S0  10147 10244  (4357) + L1PA10   LINE/L1      5946   6048  (124)  869 *
  371   19.8  6.6  0.8  chr1_668967_Sniffles2.INS.27S0  10224 10398  (4203) + L1PA10   LINE/L1      5946   6077   (77)  870 *
  402   18.9  7.3  0.7  chr1_668967_Sniffles2.INS.27S0  10378 10629  (3972) + L1PA10   LINE/L1      5946   6077   (77)  870  
  325   23.9  5.4  1.0  chr1_668967_Sniffles2.INS.27S0  10609 10701  (3900) + L1PA10   LINE/L1      5946   6042  (126)  871 *
  402   19.5  7.0  0.9  chr1_668967_Sniffles2.INS.27S0  10686 10859  (3742) + L1PA10   LINE/L1      5946   6077   (77)  872  
  378   19.2  6.2  0.2  chr1_668967_Sniffles2.INS.27S0  10839 10936  (3665) + L1PA10   LINE/L1      5946   6048  (124)  873 *
  361   20.6  5.4  1.0  chr1_668967_Sniffles2.INS.27S0  10916 11008  (3593) + L1PA10   LINE/L1      5946   6042  (126)  873 *
  390   19.6  5.4  1.0  chr1_668967_Sniffles2.INS.27S0  10993 11085  (3516) + L1PA10   LINE/L1      5946   6042  (126)  873  
  343   20.3  6.2  0.2  chr1_668967_Sniffles2.INS.27S0  11070 11167  (3434) + L1PA10   LINE/L1      5946   6048  (124)  873 *
  349   22.1  7.4  0.5  chr1_668967_Sniffles2.INS.27S0  11147 11475  (3126) + L1PA10   LINE/L1      5946   6077   (77)  874 *
  402   19.6  6.1  0.9  chr1_668967_Sniffles2.INS.27S0  11455 11624  (2977) + L1PA10   LINE/L1      5946   6077   (77)  874  
  335   18.0  8.6  1.2  chr1_668967_Sniffles2.INS.27S0  11609 11706  (2895) + L1PA11   LINE/L1      5946   6048  (124)  875 *
  382   19.4  6.8  0.5  chr1_668967_Sniffles2.INS.27S0  11686 11937  (2664) + L1PA10   LINE/L1      5946   6077   (77)  876  
  370   20.0  6.5  0.7  chr1_668967_Sniffles2.INS.27S0  11917 12091  (2510) + L1PA10   LINE/L1      5946   6077   (77)  876 *
  402   19.5  8.0  0.6  chr1_668967_Sniffles2.INS.27S0  12071 12398  (2203) + L1PA10   LINE/L1      5946   6077   (77)  876  
  297   22.4  5.0  1.9  chr1_668967_Sniffles2.INS.27S0  12378 12477  (2124) + L1PA8    LINE/L1      5946   6048  (124)  877 *
  390   18.9  6.9  0.7  chr1_668967_Sniffles2.INS.27S0  12457 12630  (1971) + L1PA10   LINE/L1      5946   6077   (77)  878  
  390   18.3  6.6  0.8  chr1_668967_Sniffles2.INS.27S0  12610 12784  (1817) + L1PA10   LINE/L1      5946   6077   (77)  878  
  372   19.8  6.5  1.0  chr1_668967_Sniffles2.INS.27S0  12764 12855  (1746) + L1PA10   LINE/L1      5946   6042  (126)  879 *
  357   21.9  7.2  1.0  chr1_668967_Sniffles2.INS.27S0  12840 12936  (1665) + L1PA8    LINE/L1      5946   6048  (124)  880 *
  343   20.6  6.3  0.3  chr1_668967_Sniffles2.INS.27S0  12916 13090  (1511) + L1PA10   LINE/L1      5946   6077   (77)  881 *
  339   20.5  6.4  0.3  chr1_668967_Sniffles2.INS.27S0  13070 13244  (1357) + L1PA10   LINE/L1      5946   6077   (77)  881 *
  390   18.3  6.6  0.8  chr1_668967_Sniffles2.INS.27S0  13224 13398  (1203) + L1PA10   LINE/L1      5946   6077   (77)  881  
  371   20.6  5.4  1.0  chr1_668967_Sniffles2.INS.27S0  13378 13470  (1131) + L1PA10   LINE/L1      5946   6042  (126)  882 *
  356   21.7  5.4  1.0  chr1_668967_Sniffles2.INS.27S0  13455 13547  (1054) + L1PA10   LINE/L1      5946   6042  (126)  882 *
  361   20.3  6.7  0.5  chr1_668967_Sniffles2.INS.27S0  13532 13783   (818) + L1PA10   LINE/L1      5946   6077   (77)  883 *
  379   19.1  6.3  0.5  chr1_668967_Sniffles2.INS.27S0  13763 13937   (664) + L1PA10   LINE/L1      5946   6077   (77)  883  
  359   18.9  6.3  0.3  chr1_668967_Sniffles2.INS.27S0  13917 14014   (587) + L1PA10   LINE/L1      5946   6048  (124)  884 *
  361   20.3  6.7  0.5  chr1_668967_Sniffles2.INS.27S0  13994 14245   (356) + L1PA10   LINE/L1      5946   6077   (77)  885 *
  371   20.6  5.4  1.0  chr1_668967_Sniffles2.INS.27S0  14225 14317   (284) + L1PA10   LINE/L1      5946   6042  (126)  886 *
  379   19.1  6.3  0.5  chr1_668967_Sniffles2.INS.27S0  14302 14476   (125) + L1PA10   LINE/L1      5946   6077   (77)  887  
  346   20.0  8.3  1.0  chr1_668967_Sniffles2.INS.27S0  14456 14551    (50) + L1PA8    LINE/L1      5946   6048  (124)  888 *
  323   18.3  7.0  0.0  chr1_668967_Sniffles2.INS.27S0  14531 14601     (0) + L1PA10   LINE/L1      5946   6021  (147)  889 *
  371   20.2  8.5  0.7  chr1_669149_Sniffles2.INS.2CS0     28   272 (5150) + L1PA8    LINE/L1      5946   6077   (77)  890  
  289   20.4 10.6  1.0  chr1_669149_Sniffles2.INS.2CS0    257   350 (5072) + L1PA8    LINE/L1      5946   6048  (124)  891 *
  337   19.8  6.2  0.0  chr1_669149_Sniffles2.INS.2CS0    330   410 (5012) + L1PA10   LINE/L1      5946   6031  (137)  892  
  263   22.9  7.2  1.0  chr1_669149_Sniffles2.INS.2CS0    407   503 (4919) + L1PA8    LINE/L1      5946   6048  (124)  893 *
  337   20.3  6.2  0.2  chr1_669149_Sniffles2.INS.2CS0    483   580 (4842) + L1PA10   LINE/L1      5946   6048  (124)  894 *
  371   20.9  7.1  0.9  chr1_669149_Sniffles2.INS.2CS0    560   733 (4689) + L1PA10   LINE/L1      5946   6077   (77)  895  
  364   21.6  6.9  0.5  chr1_669149_Sniffles2.INS.2CS0    713   922 (4500) + L1PA8    LINE/L1      5946   6077   (77)  896 *
  231   22.5  8.4  0.0  chr1_669149_Sniffles2.INS.2CS0    910   980 (4442) + L1PA10   LINE/L1      5955   6031  (137)  897 *
  338   17.5  7.5  0.0  chr1_669149_Sniffles2.INS.2CS0    977  1056 (4366) + L1PA10   LINE/L1      5946   6031  (137)  897 *
  339   19.1  6.2  0.2  chr1_669149_Sniffles2.INS.2CS0   1053  1150 (4272) + L1PA10   LINE/L1      5946   6048  (124)  898 *
  353   21.7  5.4  1.0  chr1_669149_Sniffles2.INS.2CS0   1130  1222 (4200) + L1PA10   LINE/L1      5946   6042  (126)  898  
  349   17.1  6.6  0.0  chr1_669149_Sniffles2.INS.2CS0   1207  1282 (4140) + L1PA11   LINE/L1      5946   6026  (148)  899 *
  334   18.1  7.5  0.2  chr1_669149_Sniffles2.INS.2CS0   1325  1421 (4001) + L1PA10   LINE/L1      5946   6048  (124)  900 *
  381   18.8  6.9  0.5  chr1_669149_Sniffles2.INS.2CS0   1401  1574 (3848) + L1PA8    LINE/L1      5946   6077   (77)  901  
  370   19.8  6.7  0.8  chr1_669149_Sniffles2.INS.2CS0   1554  1728 (3694) + L1PA8    LINE/L1      5946   6077   (77)  901 *
  361   18.7  6.5  1.0  chr1_669149_Sniffles2.INS.2CS0   1708  1799 (3623) + L1PA10   LINE/L1      5946   6042  (126)  902 *
  241   19.0  5.2  0.0  chr1_669149_Sniffles2.INS.2CS0   1784  1841 (3581) + L1PA7    LINE/L1      5946   6006  (148)  903 *
  314   20.1  9.7  0.9  chr1_669149_Sniffles2.INS.2CS0   1850  2020 (3402) + L1PA8    LINE/L1      5946   6077   (77)  904 *
  371   21.0  8.1  0.9  chr1_669149_Sniffles2.INS.2CS0   2000  2166 (3256) + L1PA8    LINE/L1      5946   6077   (77)  904 *
  378   20.0  9.0  0.5  chr1_669149_Sniffles2.INS.2CS0   2151  2474 (2948) + L1PA10   LINE/L1      5946   6077   (77)  905  
  361   19.9 10.2  0.3  chr1_669149_Sniffles2.INS.2CS0   2459  2626 (2796) + L1PA10   LINE/L1      5946   6077   (77)  905 *
  359   19.4  6.7  1.0  chr1_669149_Sniffles2.INS.2CS0   2611  2786 (2636) + L1PA10   LINE/L1      5946   6077   (77)  905 *
  355   19.5  6.3  0.4  chr1_669149_Sniffles2.INS.2CS0   2766  2864 (2558) + L1PA10   LINE/L1      5946   6048  (124)  906 *
  402   20.3  8.9  1.9  chr1_669149_Sniffles2.INS.2CS0   2844  3167 (2255) + L1PA10   LINE/L1      5946   6077   (77)  907  
  309   19.7  8.1  1.5  chr1_669149_Sniffles2.INS.2CS0   3152  3328 (2094) + L1PA11   LINE/L1      5946   6077   (77)  908 *
  369   20.3  7.2  0.5  chr1_669149_Sniffles2.INS.2CS0   3308  3481 (1941) + L1PA10   LINE/L1      5946   6077   (77)  909 *
  382   19.6  5.4  1.0  chr1_669149_Sniffles2.INS.2CS0   3461  3553 (1869) + L1PA10   LINE/L1      5946   6042  (126)  910  
  344   18.1  7.5  0.2  chr1_669149_Sniffles2.INS.2CS0   3538  3634 (1788) + L1PA10   LINE/L1      5946   6048  (124)  910 *
  382   19.6  5.4  1.0  chr1_669149_Sniffles2.INS.2CS0   3614  3706 (1716) + L1PA10   LINE/L1      5946   6042  (126)  910  
  267   18.8 11.4  0.6  chr1_669149_Sniffles2.INS.2CS0   3691  3786 (1636) + L1PA10   LINE/L1      5946   6048  (124)  910 *
  352   20.4  4.2  3.1  chr1_669149_Sniffles2.INS.2CS0   3764  3859 (1563) + L1PA10   LINE/L1      5946   6042  (126)  910  
  346   19.4  6.2  0.2  chr1_669149_Sniffles2.INS.2CS0   3844  3941 (1481) + L1PA10   LINE/L1      5946   6048  (124)  910 *
  335   21.7  5.4  1.0  chr1_669149_Sniffles2.INS.2CS0   3921  4013 (1409) + L1PA10   LINE/L1      5946   6042  (126)  910 *
  344   18.0  8.3  1.0  chr1_669149_Sniffles2.INS.2CS0   3998  4170 (1252) + L1PA10   LINE/L1      5946   6076   (78)  911  
  282   19.1 15.6  1.0  chr1_669149_Sniffles2.INS.2CS0   4150  4239 (1183) + L1PA8    LINE/L1      5946   6048  (124)  912 *
  341   19.1  9.7  0.2  chr1_669149_Sniffles2.INS.2CS0   4219  4465  (957) + L1PA8    LINE/L1      5946   6077   (77)  913 *
  382   19.4  6.6  0.6  chr1_669149_Sniffles2.INS.2CS0   4445  4619  (803) + L1PA10   LINE/L1      5946   6077   (77)  914  
  370   20.8  6.4  0.7  chr1_669149_Sniffles2.INS.2CS0   4599  4777  (645) + L1PA10   LINE/L1      5946   6077   (77)  914 *
  402   19.9  9.1  0.6  chr1_669149_Sniffles2.INS.2CS0   4757  5005  (417) + L1PA10   LINE/L1      5946   6077   (77)  914  
  355   20.1  6.3  0.3  chr1_669149_Sniffles2.INS.2CS0   4985  5082  (340) + L1PA10   LINE/L1      5946   6048  (124)  915 *
  382   19.6  5.4  1.0  chr1_669149_Sniffles2.INS.2CS0   5062  5154  (268) + L1PA10   LINE/L1      5946   6042  (126)  915  
  378   18.3  7.3  0.4  chr1_669149_Sniffles2.INS.2CS0   5139  5292  (130) + L1PA10   LINE/L1      5946   6077   (77)  916 *
  389   18.5  4.7  0.2  chr1_669149_Sniffles2.INS.2CS0   5288  5389   (33) + L1PA10   LINE/L1      5943   6048  (124)  917  
  297   15.7  0.0  0.0  chr1_669149_Sniffles2.INS.2CS0   5369  5419    (3) + L1PA10   LINE/L1      5946   5996  (172)  918 *
  232   13.3  0.0  2.2  chr1_669688_Sniffles2.INS.1DS0     30    75    (1) + L1PA11   LINE/L1      5946   5990  (184)  919  
  302   22.7  6.2  0.2  chr1_669926_Sniffles2.INS.19S0     25   122 (17452) + L1PA10   LINE/L1      5946   6048  (124)  920 *
  350   21.9  7.2  1.0  chr1_669926_Sniffles2.INS.19S0    102   198 (17376) + L1PA8    LINE/L1      5946   6048  (124)  921  
  347   20.3  6.2  0.2  chr1_669926_Sniffles2.INS.19S0    178   275 (17299) + L1PA10   LINE/L1      5946   6048  (124)  922 *
  390   20.1  7.3  0.5  chr1_669926_Sniffles2.INS.19S0    255   583 (16991) + L1PA10   LINE/L1      5946   6077   (77)  923  
  337   20.3  6.2  0.2  chr1_669926_Sniffles2.INS.19S0    563   660 (16914) + L1PA10   LINE/L1      5946   6048  (124)  924 *
  325   21.5  6.2  0.2  chr1_669926_Sniffles2.INS.19S0    640   737 (16837) + L1PA10   LINE/L1      5946   6048  (124)  924 *
  350   21.9  7.2  1.0  chr1_669926_Sniffles2.INS.19S0    717   813 (16761) + L1PA8    LINE/L1      5946   6048  (124)  925 *
  379   20.6  6.1  1.0  chr1_669926_Sniffles2.INS.19S0    793   890 (16684) + L1PA8    LINE/L1      5946   6048  (124)  925  
  348   20.2  7.1  0.0  chr1_669926_Sniffles2.INS.19S0    870   953 (16621) + L1PA8    LINE/L1      5946   6035  (137)  925 *
  346   20.3  6.2  0.2  chr1_669926_Sniffles2.INS.19S0    947  1044 (16530) + L1PA10   LINE/L1      5946   6048  (124)  926 *
  390   19.2  8.6  0.5  chr1_669926_Sniffles2.INS.19S0   1024  1256 (16318) + L1PA10   LINE/L1      5946   6077   (77)  927  
  390   19.1  8.5  0.5  chr1_669926_Sniffles2.INS.19S0   1252  1501 (16073) + L1PA10   LINE/L1      5946   6077   (77)  927  
  337   20.3  6.2  0.2  chr1_669926_Sniffles2.INS.19S0   1481  1578 (15996) + L1PA10   LINE/L1      5946   6048  (124)  928 *
  330   21.6  6.2  0.2  chr1_669926_Sniffles2.INS.19S0   1558  1655 (15919) + L1PA10   LINE/L1      5946   6048  (124)  928 *
  371   20.6  5.4  1.0  chr1_669926_Sniffles2.INS.19S0   1635  1727 (15847) + L1PA10   LINE/L1      5946   6042  (126)  928 *
  379   20.6  6.1  1.0  chr1_669926_Sniffles2.INS.19S0   1712  1809 (15765) + L1PA8    LINE/L1      5946   6048  (124)  929  
  297   21.7  7.5  0.2  chr1_669926_Sniffles2.INS.19S0   1789  1885 (15689) + L1PA10   LINE/L1      5946   6048  (124)  930 *
  325   21.5  6.2  0.2  chr1_669926_Sniffles2.INS.19S0   1865  1962 (15612) + L1PA10   LINE/L1      5946   6048  (124)  930 *
  337   20.3  6.2  0.2  chr1_669926_Sniffles2.INS.19S0   1942  2039 (15535) + L1PA10   LINE/L1      5946   6048  (124)  930  
  337   20.3  6.2  0.2  chr1_669926_Sniffles2.INS.19S0   2019  2116 (15458) + L1PA10   LINE/L1      5946   6048  (124)  930 *
  340   22.0  6.8  0.8  chr1_669926_Sniffles2.INS.19S0   2096  2270 (15304) + L1PA8    LINE/L1      5946   6077   (77)  931 *
  359   21.7  5.4  1.0  chr1_669926_Sniffles2.INS.19S0   2250  2342 (15232) + L1PA10   LINE/L1      5946   6042  (126)  932 *
  379   17.9  6.2  0.2  chr1_669926_Sniffles2.INS.19S0   2327  2424 (15150) + L1PA10   LINE/L1      5946   6048  (124)  932  
  337   20.3  6.2  0.2  chr1_669926_Sniffles2.INS.19S0   2404  2501 (15073) + L1PA10   LINE/L1      5946   6048  (124)  932 *
  335   21.0  6.2  0.0  chr1_669926_Sniffles2.INS.19S0   2481  2561 (15013) + L1PA10   LINE/L1      5946   6031  (137)  933 *
  311   19.5  7.5  0.2  chr1_669926_Sniffles2.INS.19S0   2558  2654 (14920) + L1PA10   LINE/L1      5946   6048  (124)  934 *
  337   20.3  6.2  0.2  chr1_669926_Sniffles2.INS.19S0   2634  2731 (14843) + L1PA10   LINE/L1      5946   6048  (124)  934  
  337   20.3  6.2  0.2  chr1_669926_Sniffles2.INS.19S0   2711  2808 (14766) + L1PA10   LINE/L1      5946   6048  (124)  934  
  325   21.0  6.2  0.0  chr1_669926_Sniffles2.INS.19S0   2788  2868 (14706) + L1PA10   LINE/L1      5946   6031  (137)  935 *
  311   19.5  7.5  0.2  chr1_669926_Sniffles2.INS.19S0   2865  2961 (14613) + L1PA10   LINE/L1      5946   6048  (124)  936 *
  337   20.3  6.2  0.2  chr1_669926_Sniffles2.INS.19S0   2941  3038 (14536) + L1PA10   LINE/L1      5946   6048  (124)  936  
  337   19.8  6.2  0.0  chr1_669926_Sniffles2.INS.19S0   3018  3098 (14476) + L1PA10   LINE/L1      5946   6031  (137)  937 *
  362   17.3  6.2  0.0  chr1_669926_Sniffles2.INS.19S0   3095  3175 (14399) + L1PA10   LINE/L1      5946   6031  (137)  937  
  339   19.1  6.2  0.2  chr1_669926_Sniffles2.INS.19S0   3172  3269 (14305) + L1PA10   LINE/L1      5946   6048  (124)  938 *
  337   20.3  6.2  0.2  chr1_669926_Sniffles2.INS.19S0   3249  3346 (14228) + L1PA10   LINE/L1      5946   6048  (124)  938 *
  369   21.3  6.1  0.9  chr1_669926_Sniffles2.INS.19S0   3326  3495 (14079) + L1PA10   LINE/L1      5946   6077   (77)  939 *
  381   18.5  6.9  0.5  chr1_669926_Sniffles2.INS.19S0   3480  3653 (13921) + L1PA8    LINE/L1      5946   6077   (77)  940  
  359   21.9  7.2  1.0  chr1_669926_Sniffles2.INS.19S0   3633  3729 (13845) + L1PA8    LINE/L1      5946   6048  (124)  941 *
  379   17.9  6.2  0.2  chr1_669926_Sniffles2.INS.19S0   3709  3806 (13768) + L1PA10   LINE/L1      5946   6048  (124)  942  
  302   22.7  6.2  0.2  chr1_669926_Sniffles2.INS.19S0   3786  3883 (13691) + L1PA10   LINE/L1      5946   6048  (124)  942 *
  350   21.9  7.2  1.0  chr1_669926_Sniffles2.INS.19S0   3863  3959 (13615) + L1PA8    LINE/L1      5946   6048  (124)  943  
  337   22.9  7.2  1.0  chr1_669926_Sniffles2.INS.19S0   3939  4035 (13539) + L1PA8    LINE/L1      5946   6048  (124)  943 *
  390   20.1  7.1  0.5  chr1_669926_Sniffles2.INS.19S0   4015  4266 (13308) + L1PA10   LINE/L1      5946   6077   (77)  944  
  337   20.3  6.2  0.2  chr1_669926_Sniffles2.INS.19S0   4246  4343 (13231) + L1PA10   LINE/L1      5946   6048  (124)  945 *
  325   21.5  6.2  0.2  chr1_669926_Sniffles2.INS.19S0   4323  4420 (13154) + L1PA10   LINE/L1      5946   6048  (124)  945 *
  359   19.1  6.2  0.2  chr1_669926_Sniffles2.INS.19S0   4400  4497 (13077) + L1PA10   LINE/L1      5946   6048  (124)  945 *
  374   21.9  7.2  1.0  chr1_669926_Sniffles2.INS.19S0   4477  4573 (13001) + L1PA8    LINE/L1      5946   6048  (124)  946  
  348   20.2  7.1  0.0  chr1_669926_Sniffles2.INS.19S0   4553  4636 (12938) + L1PA8    LINE/L1      5946   6035  (137)  946 *
  346   20.3  6.2  0.2  chr1_669926_Sniffles2.INS.19S0   4630  4727 (12847) + L1PA10   LINE/L1      5946   6048  (124)  947 *
  390   19.0  7.4  0.5  chr1_669926_Sniffles2.INS.19S0   4707  4940 (12634) + L1PA10   LINE/L1      5946   6077   (77)  948  
  390   19.1  7.7  0.5  chr1_669926_Sniffles2.INS.19S0   4937  5187 (12387) + L1PA10   LINE/L1      5946   6077   (77)  948  
  337   20.3  6.2  0.2  chr1_669926_Sniffles2.INS.19S0   5167  5264 (12310) + L1PA10   LINE/L1      5946   6048  (124)  949 *
  342   21.4  4.9  0.2  chr1_669926_Sniffles2.INS.19S0   5244  5342 (12232) + L1PA10   LINE/L1      5946   6048  (124)  949 *
  371   20.6  5.4  1.0  chr1_669926_Sniffles2.INS.19S0   5322  5414 (12160) + L1PA10   LINE/L1      5946   6042  (126)  949 *
  379   20.6  6.1  1.0  chr1_669926_Sniffles2.INS.19S0   5399  5496 (12078) + L1PA8    LINE/L1      5946   6048  (124)  950  
  253   21.2 10.1  0.2  chr1_669926_Sniffles2.INS.19S0   5476  5570 (12004) + L1PA10   LINE/L1      5946   6048  (124)  951 *
  319   21.1  6.5  0.2  chr1_669926_Sniffles2.INS.19S0   5550  5647 (11927) + L1PA10   LINE/L1      5946   6048  (124)  951 *
  329   20.5  6.2  0.2  chr1_669926_Sniffles2.INS.19S0   5628  5724 (11850) + L1PA10   LINE/L1      5947   6048  (124)  951  
  321   22.7  6.1  1.0  chr1_669926_Sniffles2.INS.19S0   5704  5801 (11773) + L1PA8    LINE/L1      5946   6048  (124)  952 *
  349   21.6  6.8  0.8  chr1_669926_Sniffles2.INS.19S0   5781  5955 (11619) + L1PA8    LINE/L1      5946   6077   (77)  953  
  338   22.8  5.4  1.0  chr1_669926_Sniffles2.INS.19S0   5935  6027 (11547) + L1PA10   LINE/L1      5946   6042  (126)  954 *
  379   17.9  6.2  0.2  chr1_669926_Sniffles2.INS.19S0   6012  6109 (11465) + L1PA10   LINE/L1      5946   6048  (124)  954  
  337   20.3  6.2  0.2  chr1_669926_Sniffles2.INS.19S0   6089  6186 (11388) + L1PA10   LINE/L1      5946   6048  (124)  954 *
  325   21.0  6.2  0.0  chr1_669926_Sniffles2.INS.19S0   6166  6246 (11328) + L1PA10   LINE/L1      5946   6031  (137)  955 *
  286   20.7  7.5  0.2  chr1_669926_Sniffles2.INS.19S0   6243  6339 (11235) + L1PA10   LINE/L1      5946   6048  (124)  956 *
  340   20.8  7.2  1.0  chr1_669926_Sniffles2.INS.19S0   6319  6415 (11159) + L1PA8    LINE/L1      5946   6048  (124)  957 *
  379   17.9  6.2  0.2  chr1_669926_Sniffles2.INS.19S0   6395  6492 (11082) + L1PA10   LINE/L1      5946   6048  (124)  958  
  337   20.3  6.2  0.2  chr1_669926_Sniffles2.INS.19S0   6472  6569 (11005) + L1PA10   LINE/L1      5946   6048  (124)  958 *
  311   20.3  6.8  0.3  chr1_669926_Sniffles2.INS.19S0   6549  6632 (10942) + L1PA10   LINE/L1      5946   6033  (139)  959 *
  314   19.2  8.6  0.4  chr1_669926_Sniffles2.INS.19S0   6628  6725 (10849) + L1PA11   LINE/L1      5946   6048  (124)  960 *
  337   20.3  6.2  0.2  chr1_669926_Sniffles2.INS.19S0   6705  6802 (10772) + L1PA10   LINE/L1      5946   6048  (124)  961  
  337   20.3  6.2  0.2  chr1_669926_Sniffles2.INS.19S0   6782  6879 (10695) + L1PA10   LINE/L1      5946   6048  (124)  961  
  325   21.0  6.2  0.0  chr1_669926_Sniffles2.INS.19S0   6859  6939 (10635) + L1PA10   LINE/L1      5946   6031  (137)  962 *
  281   19.5  7.4  1.3  chr1_669926_Sniffles2.INS.19S0   6936  7033 (10541) + L1PA10   LINE/L1      5946   6048  (124)  963 *
  337   20.3  6.2  0.2  chr1_669926_Sniffles2.INS.19S0   7013  7110 (10464) + L1PA10   LINE/L1      5946   6048  (124)  963  
  337   19.8  6.2  0.0  chr1_669926_Sniffles2.INS.19S0   7090  7170 (10404) + L1PA10   LINE/L1      5946   6031  (137)  964  
  328   17.9  7.6  0.3  chr1_669926_Sniffles2.INS.19S0   7167  7263 (10311) + L1PA10   LINE/L1      5946   6048  (124)  965 *
  337   20.3  6.2  0.2  chr1_669926_Sniffles2.INS.19S0   7243  7340 (10234) + L1PA10   LINE/L1      5946   6048  (124)  965  
  337   20.3  6.2  0.2  chr1_669926_Sniffles2.INS.19S0   7320  7417 (10157) + L1PA10   LINE/L1      5946   6048  (124)  965  
  337   20.3  6.2  0.2  chr1_669926_Sniffles2.INS.19S0   7397  7494 (10080) + L1PA10   LINE/L1      5946   6048  (124)  965  
  337   20.3  6.2  0.2  chr1_669926_Sniffles2.INS.19S0   7474  7571 (10003) + L1PA10   LINE/L1      5946   6048  (124)  965  
  295   20.7  2.1  1.1  chr1_669926_Sniffles2.INS.19S0   7551  7648  (9926) + L1PA11   LINE/L1      5946   6048  (124)  966 *
  359   19.1  6.2  0.2  chr1_669926_Sniffles2.INS.19S0   7628  7725  (9849) + L1PA10   LINE/L1      5946   6048  (124)  967  
  337   20.3  6.2  0.2  chr1_669926_Sniffles2.INS.19S0   7705  7802  (9772) + L1PA10   LINE/L1      5946   6048  (124)  967 *
  371   21.4  7.1  0.9  chr1_669926_Sniffles2.INS.19S0   7782  7955  (9619) + L1PA8    LINE/L1      5946   6077   (77)  968  
  337   20.3  6.2  0.2  chr1_669926_Sniffles2.INS.19S0   7935  8032  (9542) + L1PA10   LINE/L1      5946   6048  (124)  969 *
  359   19.1  6.2  0.2  chr1_669926_Sniffles2.INS.19S0   8012  8109  (9465) + L1PA10   LINE/L1      5946   6048  (124)  969 *
  396   19.0  7.8  0.9  chr1_669926_Sniffles2.INS.19S0   8089  8339  (9235) + L1PA8    LINE/L1      5946   6077   (77)  970  
  371   19.3  6.3  2.7  chr1_669926_Sniffles2.INS.19S0   8319  8496  (9078) + L1PA10   LINE/L1      5946   6077   (77)  971 *
  390   20.1  6.6  0.9  chr1_669926_Sniffles2.INS.19S0   8476  8722  (8852) + L1PA10   LINE/L1      5946   6077   (77)  971  
  307   21.9  7.2  1.0  chr1_669926_Sniffles2.INS.19S0   8707  8803  (8771) + L1PA8    LINE/L1      5946   6048  (124)  972 *
  371   19.7  7.1  0.9  chr1_669926_Sniffles2.INS.19S0   8783  8956  (8618) + L1PA10   LINE/L1      5946   6077   (77)  973  
  366   19.1  6.2  0.2  chr1_669926_Sniffles2.INS.19S0   8936  9033  (8541) + L1PA10   LINE/L1      5946   6048  (124)  974 *
  371   20.6  5.4  1.0  chr1_669926_Sniffles2.INS.19S0   9013  9105  (8469) + L1PA10   LINE/L1      5946   6042  (126)  974  
  371   18.6  7.3  0.8  chr1_669926_Sniffles2.INS.19S0   9090  9263  (8311) + L1PA8    LINE/L1      5946   6077   (77)  975  
  337   20.3  6.2  0.2  chr1_669926_Sniffles2.INS.19S0   9243  9340  (8234) + L1PA10   LINE/L1      5946   6048  (124)  976 *
  371   20.4  4.2  1.1  chr1_669926_Sniffles2.INS.19S0   9320  9494  (8080) + L1PA10   LINE/L1      5946   6077   (77)  977  
  340   17.8  6.1  1.3  chr1_669926_Sniffles2.INS.19S0   9474  9572  (8002) + L1PA10   LINE/L1      5946   6048  (124)  978 *
  299   18.6 11.5  0.2  chr1_669926_Sniffles2.INS.19S0   9552  9645  (7929) + L1PA10   LINE/L1      5946   6048  (124)  978 *
  371   18.9  8.1  0.5  chr1_669926_Sniffles2.INS.19S0   9625  9798  (7776) + L1PA10   LINE/L1      5946   6077   (77)  979  
  348   20.3  6.2  0.2  chr1_669926_Sniffles2.INS.19S0   9778  9875  (7699) + L1PA10   LINE/L1      5946   6048  (124)  980 *
  379   19.1  6.3  0.5  chr1_669926_Sniffles2.INS.19S0   9855 10029  (7545) + L1PA10   LINE/L1      5946   6077   (77)  981  
  348   20.3  6.2  0.2  chr1_669926_Sniffles2.INS.19S0  10009 10106  (7468) + L1PA10   LINE/L1      5946   6048  (124)  982 *
  329   21.0  8.3  1.0  chr1_669926_Sniffles2.INS.19S0  10086 10181  (7393) + L1PA8    LINE/L1      5946   6048  (124)  983 *
  359   19.1  6.2  0.2  chr1_669926_Sniffles2.INS.19S0  10161 10258  (7316) + L1PA10   LINE/L1      5946   6048  (124)  984  
  337   20.3  6.2  0.2  chr1_669926_Sniffles2.INS.19S0  10238 10335  (7239) + L1PA10   LINE/L1      5946   6048  (124)  984 *
  329   21.0  8.3  1.0  chr1_669926_Sniffles2.INS.19S0  10315 10410  (7164) + L1PA8    LINE/L1      5946   6048  (124)  985 *
  331   20.3  6.2  0.2  chr1_669926_Sniffles2.INS.19S0  10390 10487  (7087) + L1PA10   LINE/L1      5946   6048  (124)  986  
  293   22.3  9.5  1.0  chr1_669926_Sniffles2.INS.19S0  10467 10561  (7013) + L1PA8    LINE/L1      5946   6048  (124)  987 *
  371   19.9  6.4  0.5  chr1_669926_Sniffles2.INS.19S0  10541 10715  (6859) + L1PA10   LINE/L1      5946   6077   (77)  988  
  364   20.8  5.6  0.8  chr1_669926_Sniffles2.INS.19S0  10695 10864  (6710) + L1PA8    LINE/L1      5927   6048  (124)  989 *
  379   18.8  6.5  0.5  chr1_669926_Sniffles2.INS.19S0  10849 11023  (6551) + L1PA10   LINE/L1      5946   6077   (77)  990  
  336   17.5 10.0  0.0  chr1_669926_Sniffles2.INS.19S0  11003 11082  (6492) + L1PA8    LINE/L1      5946   6033  (139)  991 *
  270   20.2  6.0  2.4  chr1_669926_Sniffles2.INS.19S0  11078 11177  (6397) + L1PA10   LINE/L1      5946   6048  (124)  992 *
  359   19.1  6.2  0.2  chr1_669926_Sniffles2.INS.19S0  11157 11254  (6320) + L1PA10   LINE/L1      5946   6048  (124)  992 *
  371   19.9  6.4  0.5  chr1_669926_Sniffles2.INS.19S0  11234 11408  (6166) + L1PA10   LINE/L1      5946   6077   (77)  993  
  371   20.8  5.0  0.8  chr1_669926_Sniffles2.INS.19S0  11388 11557  (6017) + L1PA10   LINE/L1      5927   6048  (124)  994  
  371   18.6  7.3  0.8  chr1_669926_Sniffles2.INS.19S0  11542 11715  (5859) + L1PA8    LINE/L1      5946   6077   (77)  995  
  337   20.3  6.2  0.2  chr1_669926_Sniffles2.INS.19S0  11695 11792  (5782) + L1PA10   LINE/L1      5946   6048  (124)  996 *
  335   20.4  4.3  0.9  chr1_669926_Sniffles2.INS.19S0  11772 11945  (5629) + L1PA10   LINE/L1      5946   6077   (77)  997 *
  371   18.8  4.9  0.2  chr1_669926_Sniffles2.INS.19S0  11925 12023  (5551) + L1PA10   LINE/L1      5946   6048  (124)  998  
  329   21.0  8.3  1.0  chr1_669926_Sniffles2.INS.19S0  12003 12098  (5476) + L1PA8    LINE/L1      5946   6048  (124)  999 *
  371   18.9  8.1  0.5  chr1_669926_Sniffles2.INS.19S0  12078 12251  (5323) + L1PA10   LINE/L1      5946   6077   (77) 1000  
  340   22.9  7.2  1.0  chr1_669926_Sniffles2.INS.19S0  12231 12327  (5247) + L1PA8    LINE/L1      5946   6048  (124) 1001 *
  373   19.8  7.7  0.9  chr1_669926_Sniffles2.INS.19S0  12307 12479  (5095) + L1PA8    LINE/L1      5946   6077   (77) 1002  
  348   20.3  6.2  0.2  chr1_669926_Sniffles2.INS.19S0  12459 12556  (5018) + L1PA10   LINE/L1      5946   6048  (124) 1003 *
  329   21.0  8.3  1.0  chr1_669926_Sniffles2.INS.19S0  12536 12631  (4943) + L1PA8    LINE/L1      5946   6048  (124) 1004 *
  359   19.1  6.2  0.2  chr1_669926_Sniffles2.INS.19S0  12611 12708  (4866) + L1PA10   LINE/L1      5946   6048  (124) 1005  
  337   20.3  6.2  0.2  chr1_669926_Sniffles2.INS.19S0  12688 12785  (4789) + L1PA10   LINE/L1      5946   6048  (124) 1005 *
  329   21.0  8.3  1.0  chr1_669926_Sniffles2.INS.19S0  12765 12860  (4714) + L1PA8    LINE/L1      5946   6048  (124) 1006 *
  301   20.2  6.1  1.3  chr1_669926_Sniffles2.INS.19S0  12840 12938  (4636) + L1PA10   LINE/L1      5946   6048  (124) 1007 *
  347   20.3  6.2  0.2  chr1_669926_Sniffles2.INS.19S0  12918 13015  (4559) + L1PA10   LINE/L1      5946   6048  (124) 1007 *
  371   19.9  6.4  0.5  chr1_669926_Sniffles2.INS.19S0  12995 13169  (4405) + L1PA10   LINE/L1      5946   6077   (77) 1008  
  364   20.8  5.6  0.8  chr1_669926_Sniffles2.INS.19S0  13149 13318  (4256) + L1PA8    LINE/L1      5927   6048  (124) 1009 *
  379   19.2  6.9  0.5  chr1_669926_Sniffles2.INS.19S0  13303 13475  (4099) + L1PA10   LINE/L1      5946   6077   (77) 1010  
  329   21.0  8.3  1.0  chr1_669926_Sniffles2.INS.19S0  13455 13550  (4024) + L1PA8    LINE/L1      5946   6048  (124) 1011 *
  331   20.3  6.2  0.2  chr1_669926_Sniffles2.INS.19S0  13530 13627  (3947) + L1PA10   LINE/L1      5946   6048  (124) 1012 *
  359   19.1  6.2  0.2  chr1_669926_Sniffles2.INS.19S0  13607 13704  (3870) + L1PA10   LINE/L1      5946   6048  (124) 1012 *
  371   19.9  6.4  0.5  chr1_669926_Sniffles2.INS.19S0  13684 13858  (3716) + L1PA10   LINE/L1      5946   6077   (77) 1013  
  371   20.8  5.0  0.8  chr1_669926_Sniffles2.INS.19S0  13838 14007  (3567) + L1PA10   LINE/L1      5927   6048  (124) 1014  
  371   18.6  7.3  0.8  chr1_669926_Sniffles2.INS.19S0  13992 14165  (3409) + L1PA8    LINE/L1      5946   6077   (77) 1015  
  337   20.3  6.2  0.2  chr1_669926_Sniffles2.INS.19S0  14145 14242  (3332) + L1PA10   LINE/L1      5946   6048  (124) 1016 *
  371   20.4  4.2  1.1  chr1_669926_Sniffles2.INS.19S0  14222 14396  (3178) + L1PA10   LINE/L1      5946   6077   (77) 1017  
  359   19.1  6.2  0.2  chr1_669926_Sniffles2.INS.19S0  14376 14473  (3101) + L1PA10   LINE/L1      5946   6048  (124) 1018 *
  329   21.0  8.3  1.0  chr1_669926_Sniffles2.INS.19S0  14453 14548  (3026) + L1PA8    LINE/L1      5946   6048  (124) 1019 *
  371   20.3  7.0  1.4  chr1_669926_Sniffles2.INS.19S0  14528 14702  (2872) + L1PA10   LINE/L1      5946   6077   (77) 1020  
  348   20.3  6.2  0.2  chr1_669926_Sniffles2.INS.19S0  14682 14779  (2795) + L1PA10   LINE/L1      5946   6048  (124) 1021 *
  379   19.1  6.3  0.5  chr1_669926_Sniffles2.INS.19S0  14759 14933  (2641) + L1PA10   LINE/L1      5946   6077   (77) 1022  
  340   22.9  7.2  1.0  chr1_669926_Sniffles2.INS.19S0  14913 15009  (2565) + L1PA8    LINE/L1      5946   6048  (124) 1023 *
  329   21.0  8.3  1.0  chr1_669926_Sniffles2.INS.19S0  14989 15084  (2490) + L1PA8    LINE/L1      5946   6048  (124) 1023 *
  359   19.1  6.2  0.2  chr1_669926_Sniffles2.INS.19S0  15064 15161  (2413) + L1PA10   LINE/L1      5946   6048  (124) 1024  
  337   20.3  6.2  0.2  chr1_669926_Sniffles2.INS.19S0  15141 15238  (2336) + L1PA10   LINE/L1      5946   6048  (124) 1024 *
  329   21.0  8.3  1.0  chr1_669926_Sniffles2.INS.19S0  15218 15313  (2261) + L1PA8    LINE/L1      5946   6048  (124) 1025 *
  331   20.3  6.2  0.2  chr1_669926_Sniffles2.INS.19S0  15293 15390  (2184) + L1PA10   LINE/L1      5946   6048  (124) 1026 *
  347   20.3  6.2  0.2  chr1_669926_Sniffles2.INS.19S0  15370 15467  (2107) + L1PA10   LINE/L1      5946   6048  (124) 1026 *
  371   19.9  6.4  0.5  chr1_669926_Sniffles2.INS.19S0  15447 15621  (1953) + L1PA10   LINE/L1      5946   6077   (77) 1027  
  364   20.8  5.6  1.1  chr1_669926_Sniffles2.INS.19S0  15601 15771  (1803) + L1PA8    LINE/L1      5927   6048  (124) 1028 *
  379   18.9  6.9  0.5  chr1_669926_Sniffles2.INS.19S0  15756 15929  (1645) + L1PA10   LINE/L1      5946   6077   (77) 1029  
  329   21.0  8.3  1.0  chr1_669926_Sniffles2.INS.19S0  15909 16004  (1570) + L1PA8    LINE/L1      5946   6048  (124) 1030 *
  331   20.3  6.2  0.2  chr1_669926_Sniffles2.INS.19S0  15984 16081  (1493) + L1PA10   LINE/L1      5946   6048  (124) 1031 *
  359   19.1  6.2  0.2  chr1_669926_Sniffles2.INS.19S0  16061 16158  (1416) + L1PA10   LINE/L1      5946   6048  (124) 1031 *
  371   19.9  8.1  0.5  chr1_669926_Sniffles2.INS.19S0  16138 16311  (1263) + L1PA10   LINE/L1      5946   6077   (77) 1032  
  341   19.8  6.3  0.6  chr1_669926_Sniffles2.INS.19S0  16291 16460  (1114) + L1PA10   LINE/L1      5927   6048  (124) 1033 *
  360   19.6  6.9  0.5  chr1_669926_Sniffles2.INS.19S0  16445 16618   (956) + L1PA8    LINE/L1      5946   6077   (77) 1034  
  337   20.3  6.2  0.2  chr1_669926_Sniffles2.INS.19S0  16598 16695   (879) + L1PA10   LINE/L1      5946   6048  (124) 1035 *
  378   20.8  6.1  0.9  chr1_669926_Sniffles2.INS.19S0  16675 16844   (730) + L1PA10   LINE/L1      5946   6077   (77) 1036  
  356   19.1  6.2  0.2  chr1_669926_Sniffles2.INS.19S0  16829 16926   (648) + L1PA10   LINE/L1      5946   6048  (124) 1037 *
  364   20.2  7.3  1.2  chr1_669926_Sniffles2.INS.19S0  16906 17075   (499) + L1PA10   LINE/L1      5946   6077   (77) 1038  
  312   22.7  6.2  0.2  chr1_669926_Sniffles2.INS.19S0  17060 17157   (417) + L1PA10   LINE/L1      5946   6048  (124) 1039 *
  340   22.9  7.2  1.0  chr1_669926_Sniffles2.INS.19S0  17137 17233   (341) + L1PA8    LINE/L1      5946   6048  (124) 1040 *
  348   20.3  6.2  0.2  chr1_669926_Sniffles2.INS.19S0  17213 17310   (264) + L1PA10   LINE/L1      5946   6048  (124) 1041  
  328   23.9  5.4  1.0  chr1_669926_Sniffles2.INS.19S0  17290 17382   (192) + L1PA10   LINE/L1      5946   6042  (126) 1041 *
  379   17.9  6.2  0.2  chr1_669926_Sniffles2.INS.19S0  17367 17464   (110) + L1PA10   LINE/L1      5946   6048  (124) 1041  
  349   17.1  7.5  0.2  chr1_669926_Sniffles2.INS.19S0  17444 17540    (34) + L1PA10   LINE/L1      5946   6048  (124) 1041 *
  288   15.7  0.0  0.0  chr1_669926_Sniffles2.INS.19S0  17520 17570     (4) + L1PA11   LINE/L1      5946   5996  (178) 1042 *
  335   23.9  7.2  1.0  chr1_669931_Sniffles2.INS.1FS0      6   102 (13265) + L1PA8    LINE/L1      5946   6048  (124) 1043  
  255   23.1 10.7  0.2  chr1_669931_Sniffles2.INS.1FS0    155   248 (13119) + L1PA10   LINE/L1      5946   6048  (124) 1044  
  367   19.6  8.3  2.0  chr1_669931_Sniffles2.INS.1FS0    298   539 (12828) + L1PA10   LINE/L1      5946   6100   (68) 1045  
  276   19.1 13.1  0.0  chr1_669931_Sniffles2.INS.1FS0    519   602 (12765) + L1PA8    LINE/L1      5946   6040  (132) 1046 *
  256   16.9  1.5  4.5  chr1_669931_Sniffles2.INS.1FS0    591   658 (12709) + L1PA8A   LINE/L1      5946   6011  (120) 1047 *
  359   19.1  6.2  0.2  chr1_669931_Sniffles2.INS.1FS0    667   764 (12603) + L1PA10   LINE/L1      5946   6048  (124) 1048 *
  361   19.4  9.5  0.6  chr1_669931_Sniffles2.INS.1FS0    744   898 (12469) + L1PA8    LINE/L1      5927   6048  (124) 1049  
  240   16.5 10.7  0.2  chr1_669931_Sniffles2.INS.1FS0    909   989 (12378) + L1PA10   LINE/L1      5961   6048  (124) 1050 *
  377   19.4  8.1  0.5  chr1_669931_Sniffles2.INS.1FS0    969  1201 (12166) + L1PA8    LINE/L1      5946   6077   (77) 1051  
  319   20.8  8.2  1.0  chr1_669931_Sniffles2.INS.1FS0   1198  1294 (12073) + L1PA8    LINE/L1      5946   6049  (123) 1052 *
  300   21.2  9.4  1.9  chr1_669931_Sniffles2.INS.1FS0   1274  1369 (11998) + L1PA8    LINE/L1      5946   6048  (124) 1052 *
  339   16.9  7.8  0.0  chr1_669931_Sniffles2.INS.1FS0   1349  1425 (11942) + L1PA10   LINE/L1      5946   6028  (140) 1053  
  330   19.1  8.4  0.1  chr1_669931_Sniffles2.INS.1FS0   1507  1659 (11708) + L1PA8    LINE/L1      5927   6048  (124) 1054 *
  352   21.2  5.9  1.9  chr1_669931_Sniffles2.INS.1FS0   1657  1757 (11610) + L1PA8    LINE/L1      5944   6048  (124) 1055  
  265   23.8  7.5  0.0  chr1_669931_Sniffles2.INS.1FS0   1737  1816 (11551) + L1PA10   LINE/L1      5946   6031  (137) 1056 *
  253   22.0  4.7  1.3  chr1_669931_Sniffles2.INS.1FS0   1811  1912 (11455) + L1PA10   LINE/L1      5944   6048  (124) 1057 *
  316   19.3  7.5  0.2  chr1_669931_Sniffles2.INS.1FS0   1892  1988 (11379) + L1PA10   LINE/L1      5946   6048  (124) 1057  
  290   20.2 10.0  1.1  chr1_669931_Sniffles2.INS.1FS0   1968  2047 (11320) + L1PA8    LINE/L1      5946   6032  (140) 1058 *
  247   24.2  7.7  7.7  chr1_669931_Sniffles2.INS.1FS0   2023  2192 (11175) + L1PA8    LINE/L1      5927   6096   (76) 1059 *
  340   20.8  7.2  1.0  chr1_669931_Sniffles2.INS.1FS0   2193  2289 (11078) + L1PA8    LINE/L1      5946   6048  (124) 1060 *
  360   18.5  6.6  0.2  chr1_669931_Sniffles2.INS.1FS0   2269  2365 (11002) + L1PA10   LINE/L1      5946   6048  (124) 1061  
  303   21.0  6.1  1.2  chr1_669931_Sniffles2.INS.1FS0   2345  2426 (10941) + L1PA10   LINE/L1      5946   6031  (137) 1062 *
  316   19.3  7.5  0.2  chr1_669931_Sniffles2.INS.1FS0   2496  2592 (10775) + L1PA10   LINE/L1      5946   6048  (124) 1063 *
  350   21.9  7.2  1.0  chr1_669931_Sniffles2.INS.1FS0   2572  2668 (10699) + L1PA8    LINE/L1      5946   6048  (124) 1064  
  288   21.2  7.5  0.0  chr1_669931_Sniffles2.INS.1FS0   2648  2727 (10640) + L1PA10   LINE/L1      5946   6031  (137) 1065 *
  351   19.9  5.3  0.5  chr1_669931_Sniffles2.INS.1FS0   2724  2822 (10545) + L1PA10   LINE/L1      5946   6048  (124) 1066  
  328   21.8 10.2  0.9  chr1_669931_Sniffles2.INS.1FS0   2802  2970 (10397) + L1PA8    LINE/L1      5946   6077   (77) 1067 *
  280   19.7  9.2  0.0  chr1_669931_Sniffles2.INS.1FS0   2950  3025 (10342) + L1PA10   LINE/L1      5946   6028  (140) 1068 *
  304   19.2  5.9  1.1  chr1_669931_Sniffles2.INS.1FS0   3102  3200 (10167) + L1PA10   LINE/L1      5946   6048  (124) 1069  
  302   19.2  9.0  0.0  chr1_669931_Sniffles2.INS.1FS0   3180  3257 (10110) + L1PA11   LINE/L1      5946   6030  (144) 1070 *
  326   16.1 10.1  0.2  chr1_669931_Sniffles2.INS.1FS0   3257  3351 (10016) + L1PA10   LINE/L1      5946   6048  (124) 1071 *
  337   21.8  7.7  0.6  chr1_669931_Sniffles2.INS.1FS0   3331  3505  (9862) + L1PA10   LINE/L1      5946   6077   (77) 1072  
  295   16.7 12.5  0.0  chr1_669931_Sniffles2.INS.1FS0   3485  3556  (9811) + L1PA11   LINE/L1      5946   6026  (148) 1073 *
  226   23.4 11.6  0.9  chr1_669931_Sniffles2.INS.1FS0   3540  3634  (9733) + L1PA10   LINE/L1      5927   6031  (137) 1074 *
  295   21.4  6.1  1.3  chr1_669931_Sniffles2.INS.1FS0   3631  3729  (9638) + L1PA10   LINE/L1      5946   6048  (124) 1075 *
  344   21.0  8.3  1.0  chr1_669931_Sniffles2.INS.1FS0   3709  3804  (9563) + L1PA8    LINE/L1      5946   6048  (124) 1076  
  329   15.8 10.5  0.0  chr1_669931_Sniffles2.INS.1FS0   3784  3859  (9508) + L1PA8    LINE/L1      5946   6029  (143) 1077 *
  300   21.7  2.3  0.6  chr1_669931_Sniffles2.INS.1FS0   3855  3955  (9412) + L1PA11   LINE/L1      5943   6048  (124) 1078 *
  283   20.2 11.4  0.0  chr1_669931_Sniffles2.INS.1FS0   3935  4013  (9354) + L1PA8    LINE/L1      5946   6033  (139) 1079 *
  365   20.4  8.0  0.0  chr1_669931_Sniffles2.INS.1FS0   4081  4168  (9199) + L1PA8    LINE/L1      5946   6040  (132) 1080  
  288   17.9  8.7  2.2  chr1_669931_Sniffles2.INS.1FS0   4157  4250  (9117) + L1PA10   LINE/L1      5946   6042  (126) 1081 *
  339   20.3  6.2  0.2  chr1_669931_Sniffles2.INS.1FS0   4235  4332  (9035) + L1PA10   LINE/L1      5946   6048  (124) 1081  
  337   20.3  6.2  0.2  chr1_669931_Sniffles2.INS.1FS0   4312  4409  (8958) + L1PA10   LINE/L1      5946   6048  (124) 1081 *
  339   16.5  6.4  6.4  chr1_669931_Sniffles2.INS.1FS0   4389  4546  (8821) + L1PA8    LINE/L1      5946   6068   (86) 1082 *
  356   20.2  4.7  1.6  chr1_669931_Sniffles2.INS.1FS0   4538  4697  (8670) + L1PA10   LINE/L1      5929   6042  (126) 1083  
  245   23.4  6.1  1.2  chr1_669931_Sniffles2.INS.1FS0   4694  4775  (8592) + L1PA10   LINE/L1      5946   6031  (137) 1084 *
  255   21.3  0.0  0.5  chr1_669931_Sniffles2.INS.1FS0   4772  4839  (8528) + L1PA8A   LINE/L1      5946   6011  (143) 1085  
  337   20.4  6.2  0.0  chr1_669931_Sniffles2.INS.1FS0   4842  4938  (8429) + L1PA10   LINE/L1      5946   6048  (124) 1086  
  271   21.5  6.2  0.2  chr1_669931_Sniffles2.INS.1FS0   4919  5016  (8351) + L1PA10   LINE/L1      5946   6048  (124) 1086 *
  312   22.2  6.2  0.0  chr1_669931_Sniffles2.INS.1FS0   4996  5076  (8291) + L1PA10   LINE/L1      5946   6031  (137) 1087  
  337   20.3  6.2  0.2  chr1_669931_Sniffles2.INS.1FS0   5144  5241  (8126) + L1PA10   LINE/L1      5946   6048  (124) 1088  
  262   20.2  8.9  0.0  chr1_669931_Sniffles2.INS.1FS0   5221  5299  (8068) + L1PA10   LINE/L1      5946   6031  (137) 1089 *
  343   16.2  8.1  0.0  chr1_669931_Sniffles2.INS.1FS0   5296  5369  (7998) + L1PA10   LINE/L1      5946   6025  (143) 1089  
  280   21.0  1.6  2.8  chr1_669931_Sniffles2.INS.1FS0   5374  5448  (7919) + L1PA11   LINE/L1      5948   6030  (142) 1090 *
  326   24.2  6.0  0.9  chr1_669931_Sniffles2.INS.1FS0   5446  5545  (7822) + L1PA8    LINE/L1      5944   6048  (124) 1091 *
  338   19.5  6.7  0.0  chr1_669931_Sniffles2.INS.1FS0   5525  5615  (7752) + L1PA10   LINE/L1      5946   6044  (119) 1092  
  317   20.0  7.3  0.2  chr1_669931_Sniffles2.INS.1FS0   5601  5699  (7668) + L1PA10   LINE/L1      5944   6048  (124) 1092 *
  303   20.4  7.6  0.3  chr1_669931_Sniffles2.INS.1FS0   5679  5775  (7592) + L1PA10   LINE/L1      5946   6048  (124) 1092 *
  327   22.8  5.4  1.0  chr1_669931_Sniffles2.INS.1FS0   5755  5847  (7520) + L1PA10   LINE/L1      5946   6042  (126) 1092 *
  349   17.8  6.1  1.3  chr1_669931_Sniffles2.INS.1FS0   5832  5930  (7437) + L1PA10   LINE/L1      5946   6048  (124) 1092  
  245   23.2  8.8  0.2  chr1_669931_Sniffles2.INS.1FS0   5910  6005  (7362) + L1PA10   LINE/L1      5946   6048  (124) 1092 *
  325   21.0  6.2  0.0  chr1_669931_Sniffles2.INS.1FS0   5985  6065  (7302) + L1PA10   LINE/L1      5946   6031  (137) 1093  
  304   20.3  7.5  3.3  chr1_669931_Sniffles2.INS.1FS0   6062  6239  (7128) + L1PA10   LINE/L1      5946   6100   (68) 1094 *
  319   16.9  7.4  1.3  chr1_669931_Sniffles2.INS.1FS0   6219  6316  (7051) + L1PA10   LINE/L1      5946   6048  (124) 1095 *
  337   17.1  8.8  0.2  chr1_669931_Sniffles2.INS.1FS0   6296  6391  (6976) + L1PA10   LINE/L1      5946   6048  (124) 1095  
  319   19.7 10.9  0.0  chr1_669931_Sniffles2.INS.1FS0   6371  6482  (6885) + L1PA8    LINE/L1      5946   6077   (77) 1096 *
  247   18.9 11.7  0.0  chr1_669931_Sniffles2.INS.1FS0   6459  6591  (6776) + L1PA11   LINE/L1      5927   6048  (124) 1097 *
  330   19.2  6.4  0.0  chr1_669931_Sniffles2.INS.1FS0   6591  6668  (6699) + L1PA10   LINE/L1      5946   6028  (140) 1098 *
  377   18.4  6.0  0.2  chr1_669931_Sniffles2.INS.1FS0   6664  6764  (6603) + L1PA10   LINE/L1      5943   6048  (124) 1099  
  305   22.7  6.2  0.2  chr1_669931_Sniffles2.INS.1FS0   6744  6841  (6526) + L1PA10   LINE/L1      5946   6048  (124) 1099 *
  357   18.5  8.6  0.0  chr1_669931_Sniffles2.INS.1FS0   6821  6901  (6466) + L1PA8    LINE/L1      5946   6033  (139) 1100 *
  358   18.8 11.7  0.5  chr1_669931_Sniffles2.INS.1FS0   6897  7143  (6224) + L1PA10   LINE/L1      5944   6077   (77) 1101  
  313   19.1  9.5  1.0  chr1_669931_Sniffles2.INS.1FS0   7123  7217  (6150) + L1PA8    LINE/L1      5946   6048  (124) 1102 *
  356   19.1  6.2  0.2  chr1_669931_Sniffles2.INS.1FS0   7197  7294  (6073) + L1PA10   LINE/L1      5946   6048  (124) 1103  
  352   18.2  8.6  0.4  chr1_669931_Sniffles2.INS.1FS0   7274  7428  (5939) + L1PA8    LINE/L1      5946   6077   (77) 1104 *
  340   19.1  6.2  0.2  chr1_669931_Sniffles2.INS.1FS0   7425  7522  (5845) + L1PA10   LINE/L1      5946   6048  (124) 1105 *
  400   20.0  3.0  1.0  chr1_669931_Sniffles2.INS.1FS0   7502  7602  (5765) + L1PA8    LINE/L1      5946   6048  (124) 1106  
  352   15.8  9.3  0.0  chr1_669931_Sniffles2.INS.1FS0   7583  7673  (5694) + L1PA11   LINE/L1      5946   6044  (124) 1107 *
  265   21.0  8.2  2.9  chr1_669931_Sniffles2.INS.1FS0   7659  7756  (5611) + L1PA8    LINE/L1      5946   6048  (124) 1108 *
  346   21.0  8.3  1.0  chr1_669931_Sniffles2.INS.1FS0   7736  7831  (5536) + L1PA8    LINE/L1      5946   6048  (124) 1108 *
  359   21.9  7.2  1.0  chr1_669931_Sniffles2.INS.1FS0   7811  7907  (5460) + L1PA8    LINE/L1      5946   6048  (124) 1108 *
  390   20.4  7.3  1.2  chr1_669931_Sniffles2.INS.1FS0   7887  8288  (5079) + L1PA10   LINE/L1      5924   6077   (77) 1109  
  301   22.6  3.2  0.0  chr1_669931_Sniffles2.INS.1FS0   8273  8366  (5001) + L1PA10   LINE/L1      5946   6048  (124) 1110 *
  284   21.5  8.9  0.0  chr1_669931_Sniffles2.INS.1FS0   8348  8426  (4941) + L1PA10   LINE/L1      5946   6031  (137) 1111 *
  357   18.7  7.9  0.5  chr1_669931_Sniffles2.INS.1FS0   8423  8594  (4773) + L1PA10   LINE/L1      5946   6077   (77) 1112  
  285   19.8 10.1  0.2  chr1_669931_Sniffles2.INS.1FS0   8574  8668  (4699) + L1PA10   LINE/L1      5946   6048  (124) 1113 *
  336   20.4  9.6  0.9  chr1_669931_Sniffles2.INS.1FS0   8648  8817  (4550) + L1PA8    LINE/L1      5946   6077   (77) 1114 *
  356   19.1  6.2  0.2  chr1_669931_Sniffles2.INS.1FS0   8797  8894  (4473) + L1PA10   LINE/L1      5946   6048  (124) 1115  
  273   19.5  3.4  0.0  chr1_669931_Sniffles2.INS.1FS0   8874  8952  (4415) + L1PA11   LINE/L1      5946   6032  (140) 1116 *
  342   19.6  6.9  0.1  chr1_669931_Sniffles2.INS.1FS0   8949  9096  (4271) + L1PA10   LINE/L1      5927   6048  (124) 1117  
  329   19.5  9.1  0.0  chr1_669931_Sniffles2.INS.1FS0   9180  9256  (4111) + L1PA8    LINE/L1      5946   6029  (143) 1118  
  324   22.9  7.3  0.8  chr1_669931_Sniffles2.INS.1FS0   9237  9346  (4021) + L1PA8    LINE/L1      5927   6043  (129) 1119 *
  289   18.8  9.3  0.2  chr1_669931_Sniffles2.INS.1FS0   9331  9425  (3942) + L1PA10   LINE/L1      5946   6048  (124) 1120 *
  348   22.0  3.0  1.0  chr1_669931_Sniffles2.INS.1FS0   9405  9505  (3862) + L1PA8    LINE/L1      5946   6048  (124) 1121  
  303   22.8  1.9  1.9  chr1_669931_Sniffles2.INS.1FS0   9485  9587  (3780) + L1PA8    LINE/L1      5946   6048  (124) 1121 *
  357   21.4  4.3  2.2  chr1_669931_Sniffles2.INS.1FS0   9567  9740  (3627) + L1PA8    LINE/L1      5927   6048  (124) 1122  
  306   20.0 10.7  0.0  chr1_669931_Sniffles2.INS.1FS0   9725  9799  (3568) + L1PA10   LINE/L1      5946   6028  (140) 1123 *
  390   20.8  4.1  1.0  chr1_669931_Sniffles2.INS.1FS0   9795  9891  (3476) + L1PA10   LINE/L1      5943   6042  (126) 1123  
  350   13.7  7.3  3.7  chr1_669931_Sniffles2.INS.1FS0   9876  9976  (3391) + L1PA11   LINE/L1      5946   6048  (124) 1124 *
  371   20.3  7.1  0.9  chr1_669931_Sniffles2.INS.1FS0   9956 10129  (3238) + L1PA10   LINE/L1      5946   6077   (77) 1125  
  275   19.4  3.2  0.0  chr1_669931_Sniffles2.INS.1FS0  10109 10170  (3197) + L1PA13   LINE/L1      5946   6009  (154) 1126 *
  319   21.2  8.6  0.4  chr1_669931_Sniffles2.INS.1FS0  10182 10279  (3088) + L1PA11   LINE/L1      5946   6048  (124) 1127 *
  343   20.3  6.2  0.2  chr1_669931_Sniffles2.INS.1FS0  10259 10356  (3011) + L1PA10   LINE/L1      5946   6048  (124) 1128 *
  359   19.1  6.2  0.2  chr1_669931_Sniffles2.INS.1FS0  10336 10433  (2934) + L1PA10   LINE/L1      5946   6048  (124) 1128  
  323   19.3  7.5  0.2  chr1_669931_Sniffles2.INS.1FS0  10413 10509  (2858) + L1PA10   LINE/L1      5946   6048  (124) 1128 *
  315   21.0  8.3  1.0  chr1_669931_Sniffles2.INS.1FS0  10489 10584  (2783) + L1PA8    LINE/L1      5946   6048  (124) 1129 *
  275   22.8  5.4  1.0  chr1_669931_Sniffles2.INS.1FS0  10564 10656  (2711) + L1PA10   LINE/L1      5946   6042  (126) 1130 *
  343   20.3  6.2  0.2  chr1_669931_Sniffles2.INS.1FS0  10641 10738  (2629) + L1PA10   LINE/L1      5946   6048  (124) 1130  
  274   19.7  7.3  0.3  chr1_669931_Sniffles2.INS.1FS0  10718 10815  (2552) + L1PA7    LINE/L1      5946   6048  (124) 1131 *
  359   19.8  6.2  0.0  chr1_669931_Sniffles2.INS.1FS0  10795 10875  (2492) + L1PA10   LINE/L1      5946   6031  (137) 1132  
  280   18.8 11.5  0.2  chr1_669931_Sniffles2.INS.1FS0  10872 10965  (2402) + L1PA10   LINE/L1      5946   6048  (124) 1133 *
  289   21.3 10.0  1.0  chr1_669931_Sniffles2.INS.1FS0  10945 11034  (2333) + L1PA8    LINE/L1      5946   6043  (129) 1134  
  261   18.1  9.3  2.9  chr1_669931_Sniffles2.INS.1FS0  11019 11115  (2252) + L1PA8    LINE/L1      5946   6048  (124) 1134 *
  306   21.3  9.5  1.0  chr1_669931_Sniffles2.INS.1FS0  11095 11189  (2178) + L1PA8    LINE/L1      5946   6048  (124) 1134  
  266   18.8 10.7  0.2  chr1_669931_Sniffles2.INS.1FS0  11169 11262  (2105) + L1PA10   LINE/L1      5946   6048  (124) 1135 *
  337   19.7  6.3  0.7  chr1_669931_Sniffles2.INS.1FS0  11257 11415  (1952) + L1PA10   LINE/L1      5927   6048  (124) 1136  
  323   19.3  7.5  0.2  chr1_669931_Sniffles2.INS.1FS0  11395 11491  (1876) + L1PA10   LINE/L1      5946   6048  (124) 1137 *
  347   21.4  4.7  0.8  chr1_669931_Sniffles2.INS.1FS0  11471 11641  (1726) + L1PA10   LINE/L1      5927   6048  (124) 1138  
  250   20.4 12.6  1.9  chr1_669931_Sniffles2.INS.1FS0  11625 11719  (1648) + L1PA8    LINE/L1      5944   6048  (124) 1139 *
  379   20.8  7.2  1.0  chr1_669931_Sniffles2.INS.1FS0  11698 11794  (1573) + L1PA8    LINE/L1      5946   6048  (124) 1139  
  356   19.1  6.2  0.2  chr1_669931_Sniffles2.INS.1FS0  11774 11871  (1496) + L1PA10   LINE/L1      5946   6048  (124) 1140 *
  338   22.2  7.6  0.9  chr1_669931_Sniffles2.INS.1FS0  11851 12016  (1351) + L1PA8    LINE/L1      5927   6048  (124) 1141 *
  347   20.0  8.3  1.0  chr1_669931_Sniffles2.INS.1FS0  12001 12096  (1271) + L1PA8    LINE/L1      5946   6048  (124) 1142  
  289   19.7 12.9  1.9  chr1_669931_Sniffles2.INS.1FS0  12076 12168  (1199) + L1PA8    LINE/L1      5946   6048  (124) 1142 *
  279   17.0 13.2  0.2  chr1_669931_Sniffles2.INS.1FS0  12149 12242  (1125) + L1PA11   LINE/L1      5946   6048  (124) 1143 *
  296   20.2  9.3  2.9  chr1_669931_Sniffles2.INS.1FS0  12222 12318  (1049) + L1PA8    LINE/L1      5946   6048  (124) 1144 *
  340   20.0  7.7  1.0  chr1_669931_Sniffles2.INS.1FS0  12298 12388   (979) + L1PA10   LINE/L1      5946   6042  (126) 1145  
  334   17.3  8.9  0.2  chr1_669931_Sniffles2.INS.1FS0  12373 12469   (898) + L1PA11   LINE/L1      5946   6048  (124) 1146 *
  344   22.1  8.0  1.1  chr1_669931_Sniffles2.INS.1FS0  12449 12626   (741) + L1PA11   LINE/L1      5946   6077   (77) 1147  
  269   18.0  3.3  0.0  chr1_669931_Sniffles2.INS.1FS0  12606 12666   (701) + L1PA11   LINE/L1      5946   6008  (166) 1148 *
  304   19.8  7.6  0.4  chr1_669931_Sniffles2.INS.1FS0  12683 12780   (587) + L1PA10   LINE/L1      5946   6048  (124) 1149 *
  335   20.5  8.7  2.0  chr1_669931_Sniffles2.INS.1FS0  12760 12932   (435) + L1PA8    LINE/L1      5946   6077   (77) 1150 *
  343   19.8  6.2  0.0  chr1_669931_Sniffles2.INS.1FS0  12912 12992   (375) + L1PA10   LINE/L1      5946   6031  (137) 1151  
  314   20.6  6.0  0.6  chr1_669931_Sniffles2.INS.1FS0  12970 13084   (283) + L1PA10   LINE/L1      5927   6048  (124) 1152 *
  300   23.6  4.3  0.2  chr1_669931_Sniffles2.INS.1FS0  13064 13162   (205) + L1PA10   LINE/L1      5946   6048  (124) 1153 *
  379   17.9  6.2  0.2  chr1_669931_Sniffles2.INS.1FS0  13142 13239   (128) + L1PA10   LINE/L1      5946   6048  (124) 1153  
  361   17.0  6.2  0.2  chr1_669931_Sniffles2.INS.1FS0  13219 13316    (51) + L1PA10   LINE/L1      5946   6048  (124) 1153 *
  776    7.0  1.0  0.0  chr1_683233_Sniffles2.INS.3BS0     16   115 (2630) + HERVH-int LTR/ERV1         4884   4984 (2729) 1154  
   50    0.0  0.0  0.0  chr1_683233_Sniffles2.INS.3BS0    119   163 (2582) + (CCCTCT)n Simple_repeat       1     45    (0) 1155  
 5128    9.7  4.1  2.4  chr1_683233_Sniffles2.INS.3BS0    164  1127 (1618) + SVA_F     Retroposon/SVA     57    870  (517) 1156  
 2354    9.3  1.0 10.1  chr1_683233_Sniffles2.INS.3BS0    728  1480 (1265) + SVA_F     Retroposon/SVA    389    867  (516) 1156 *
 1846    9.0  1.5 11.7  chr1_683233_Sniffles2.INS.3BS0   1096  1855  (890) + SVA_F     Retroposon/SVA    421    867  (516) 1156 *
 6496    5.6  3.3  6.1  chr1_683233_Sniffles2.INS.3BS0   1449  2724   (21) + SVA_F     Retroposon/SVA    419   1375    (0) 1156  
 2811    2.0  0.0  0.0  chr1_710579_Sniffles2.INS.25S0     14   319    (0) + AluY     SINE/Alu        1    306    (5) 1157  
   33    3.5 11.9  0.0  chr1_712068_Sniffles2.INS.3CS0      1    59    (0) + (AT)n    Simple_repeat      1     66    (0) 1158  
  325    6.2  2.1  0.0  chr1_727294_Sniffles2.INS.1DS0     28    75   (21) + ajax              Unknown         1     49    (0) 1159  
  263    5.3  0.0  0.0  chr1_727294_Sniffles2.INS.1DS0     59    96    (0) + teucerv3_internal Unknown         1     38 (1018) 1160 *
 2587    4.4  0.0  1.0  chr1_1016060_Sniffles2.INS.2DS0      2   302    (5) C AluY     SINE/Alu     (10)    301      4 1161  
 1344    3.8  0.0  0.6  chr1_1017939_Sniffles2.INS.31S0      2   162    (0) C LTR12C   LTR/ERV1    (599)    980    821 1162  
  154   27.5  2.5  7.5  chr1_1030889_Sniffles2.INS.32S0      2   884   (26) + (TG)n    Simple_repeat      1    842    (0) 1163  
   18   22.4  3.4  1.7  chr1_1049107_Sniffles2.INS.34S0      8    66   (18) + G-rich   Low_complexity      1     60    (0) 1164  
   13   28.4  1.3  5.6  chr1_1078348_Sniffles2.INS.51S0    724   798   (74) + (GAGGCT)n Simple_repeat      1     72    (0) 1165  
   79   33.3  1.9  0.3  chr1_1080708_Sniffles2.INS.3CS0      1    19  (307) + (CCTC)n   Simple_repeat      1    179  (149) 1166  
   40   24.7  3.8  9.4  chr1_1080708_Sniffles2.INS.3CS0     20   310   (16) + (GTCCCT)n Simple_repeat      1    276    (0) 1167  
   79   33.3  1.9  0.3  chr1_1080708_Sniffles2.INS.3CS0    311   323    (3) + (CCTC)n   Simple_repeat    180    328    (0) 1166  
  853   14.0 13.5  3.6  chr1_740287_Sniffles2.INS.2AS0      3   180 (3231) C MER1A                              DNA/hAT-Charlie   (334)    195      1 1168  
 2051    5.8  1.1  0.4  chr1_740287_Sniffles2.INS.2AS0    183   444 (2967) + COMP-subunit_TELO_rnd-6_family-166 Unknown               1    264    (0) 1169  
  692   21.2  1.3  0.0  chr1_740287_Sniffles2.INS.2AS0    445   595 (2816) C LTR41                              LTR/ERVL            (2)    766    614 1170  
 1423   20.3  4.2  1.0  chr1_740287_Sniffles2.INS.2AS0    599   882 (2529) + AluJb                              SINE/Alu              1    293    (9) 1171  
  366   22.5  5.0  8.1  chr1_740287_Sniffles2.INS.2AS0    942  1107 (2304) + L1ME4c                             LINE/L1            5416   5578  (546) 1172  
  467   25.7  1.1  2.0  chr1_740287_Sniffles2.INS.2AS0   1110  1256 (2155) C FLAM_C                             SINE/Alu           (76)    226     11 1173  
 1677   17.6  0.0  1.4  chr1_740287_Sniffles2.INS.2AS0   1478  1777 (1634) C AluJb                              SINE/Alu           (16)    296      1 1174  
  408   22.7  3.9  5.0  chr1_740287_Sniffles2.INS.2AS0   1889  1990 (1421) C MER8                               DNA/TcMar-Tigger    (2)    237    137 1175  
 1090   18.2  0.0  0.5  chr1_740287_Sniffles2.INS.2AS0   1991  2183 (1228) + AluJb                              SINE/Alu            117    308    (4) 1176  
  589   25.0  5.7  0.6  chr1_740287_Sniffles2.INS.2AS0   2762  2918  (493) + AluJb                              SINE/Alu              9    173  (139) 1177  
  716   22.8  4.5  2.4  chr1_740287_Sniffles2.INS.2AS0   2930  3172  (239) + teucerv2_3edge                     Unknown             415    662  (601) 1178 *
 1478   15.4  1.7  0.4  chr1_740287_Sniffles2.INS.2AS0   3171  3411    (0) C MER1A                              DNA/hAT-Charlie    (90)    439    196 1179  
  374   22.5  2.2  5.3  chr1_740745_Sniffles2.INS.2BS0      2   137 (5527) C LTR41                                LTR/ERVL          (13)    755    624 1180  
 1144   20.2  6.0  1.8  chr1_740745_Sniffles2.INS.2BS0    168   434 (5230) + AluJb                                SINE/Alu            21    298   (14) 1181  
  503   21.7  2.2  0.2  chr1_740745_Sniffles2.INS.2BS0    656   782 (4882) C FLAM_C                               SINE/Alu         (161)    140     11 1182  
 1656   17.6  0.0  3.0  chr1_740745_Sniffles2.INS.2BS0   1017  1320 (4344) C AluJb                                SINE/Alu          (16)    296      2 1183  
  931   17.2  2.3  1.2  chr1_740745_Sniffles2.INS.2BS0   1538  1708 (3956) + AluJb                                SINE/Alu           117    289   (23) 1184  
   28    0.0  0.0  0.0  chr1_740745_Sniffles2.INS.2BS0   1709  1735 (3929) + (AAAT)n                              Simple_repeat        1     27    (0) 1185  
 1241   22.0  1.1  0.4  chr1_740745_Sniffles2.INS.2BS0   2333  2597 (3067) + AluJb                                SINE/Alu            40    306    (6) 1186  
  259   19.9 19.6  1.6  chr1_740745_Sniffles2.INS.2BS0   2652  2809 (2855) C Charlie1a                            DNA/hAT-Charlie    (6)   1449   1264 1187  
 2068   12.3  0.3  1.4  chr1_740745_Sniffles2.INS.2BS0   2880  3176 (2488) C AluSx                                SINE/Alu          (14)    298      5 1188  
 1321   22.9  1.4  1.0  chr1_740745_Sniffles2.INS.2BS0   3339  3634 (2030) C AluJb                                SINE/Alu          (14)    298      2 1189  
  560   24.4  0.1  0.2  chr1_740745_Sniffles2.INS.2BS0   3645  3774 (1890) C FLAM_C                               SINE/Alu         (166)    136      9 1190  
  716    0.0  2.4  0.0  chr1_740745_Sniffles2.INS.2BS0   3787  3870 (1794) C COMP-subunit_TELO_rnd-6_family-10479 Unknown            (0)     86      1 1191  
  772   25.4  8.4  8.8  chr1_740745_Sniffles2.INS.2BS0   3879  4400 (1264) + L2                                   LINE/L2           2563   3082  (337) 1192  
 1663   18.9  2.3  1.3  chr1_740745_Sniffles2.INS.2BS0   4526  4697  (967) C AluJb                                SINE/Alu           (2)    310    136 1193  
 2216   11.7  1.0  0.3  chr1_740745_Sniffles2.INS.2BS0   4698  5006  (658) C AluSx                                SINE/Alu           (1)    311      1 1194  
 1663   18.9  2.3  1.3  chr1_740745_Sniffles2.INS.2BS0   5007  5139  (525) C AluJb                                SINE/Alu         (177)    135      2 1193  
 1464   16.4  3.8  7.1  chr1_740745_Sniffles2.INS.2BS0   5150  5496  (168) C MLT1D                                LTR/ERVL-MaLR      (8)    497    162 1195  
  707   22.8  2.4  3.6  chr1_740745_Sniffles2.INS.2BS0   5497  5664    (0) + AluJb                                SINE/Alu             2    167  (145) 1196  
   61    0.0  0.0  0.0  chr1_744865_Sniffles2.INS.31S0      2    53    (0) + (AT)n    Simple_repeat      1     52    (0) 1197  
 2676    2.6  0.0  2.3  chr1_748214_Sniffles2.INS.2BS0     20   331    (0) + AluY     SINE/Alu        1    305    (6) 1198  
  478   16.9  3.8  9.6  chr1_789481_Sniffles2.INS.28S0      2  2373    (1) C HSATII   Satellite     (7)   2233      1 1199  
  493   19.7  6.1  5.1  chr1_791427_Sniffles2.INS.32S0      1   688 (1172) C HSATII   Satellite       (36)    694      1 1200  
   21    0.0  0.0  0.0  chr1_791427_Sniffles2.INS.32S0    689   715 (1145) + (GATGG)n Simple_repeat      1     27    (0) 1201  
  591   18.1  6.0  5.3  chr1_791427_Sniffles2.INS.32S0    718  1860    (0) C HSATII   Satellite        (7)   1150      1 1202  
   12   25.8  0.0  7.4  chr1_820874_Sniffles2.INS.31S0   1755  1812 (6252) + (CCTG)n  Simple_repeat         1     54    (0) 1203  
  227   18.4  0.0  0.0  chr1_820874_Sniffles2.INS.31S0   1913  1950 (6114) + Tigger7  DNA/TcMar-Tigger    194    231 (2261) 1204  
  230   15.8  0.0  0.0  chr1_820874_Sniffles2.INS.31S0   3251  3288 (4776) + Tigger7  DNA/TcMar-Tigger    195    232 (2260) 1205  
  232   17.9  0.0  0.0  chr1_820874_Sniffles2.INS.31S0   3564  3602 (4462) + Tigger7  DNA/TcMar-Tigger    194    232 (2260) 1206  
   14   23.1  0.0  7.4  chr1_820874_Sniffles2.INS.31S0   7191  7248  (816) + (CCTG)n  Simple_repeat         1     54    (0) 1207  
   39    0.0  0.0  0.0  chr1_868485_Sniffles2.INS.25S0      1    36 (2949) + (T)n      Simple_repeat       1     36    (0) 1208  
 6725    7.3  3.3  7.3  chr1_868485_Sniffles2.INS.25S0     37  2906   (79) C SVA_F     Retroposon/SVA   (20)   1355     32 1209  
   58    1.7  0.0  3.2  chr1_868485_Sniffles2.INS.25S0   2912  2976    (9) + (GGGAGA)n Simple_repeat       1     63    (0) 1210  
 1351    7.3  2.6  3.4  chr1_875991_Sniffles2.INS.1DS0      1  2459    (1) + (CACTCCCCCA)n Simple_repeat      1   2440    (0) 1211  
 1720    5.9  4.3  4.8  chr1_875991_Sniffles2.INS.2ES0     29  3663  (354) + (CTCCCCCATA)n Simple_repeat      1   3618    (0) 1212  
 3352    7.2  1.2  2.6  chr1_876006_Sniffles2.INS.33S0      7  5173    (1) + (CTCCCCCACA)n Simple_repeat      1   5098    (0) 1213  
 2045    7.8  3.2  3.8  chr1_876008_Sniffles2.INS.35S0      8  4235    (0) + (CTCCCCCACA)n Simple_repeat      1   4204    (0) 1214  
 1323    6.2  4.3  4.8  chr1_876011_Sniffles2.INS.2BS0     77  2912    (2) + (TACTCCCCCA)n Simple_repeat      1   2823    (0) 1215  
 5196    4.2  0.5  0.0  chr1_878421_Sniffles2.INS.40S0     18   635  (448) C L1PA2    LINE/L1       (3)   6152   5532 1216  
 3846    2.5  0.2  0.2  chr1_878421_Sniffles2.INS.40S0    636  1080    (3) + L1P1     LINE/L1      3975   4419 (1727) 1217  
   47    0.0  0.0  0.0  chr1_893801_Sniffles2.INS.38S0     12    51    (0) + (AT)n    Simple_repeat      1     40    (0) 1218  
 1031    8.2  0.0  0.0  chr1_928168_Sniffles2.INS.2AS0      1   134    (1) + AluY     SINE/Alu       57    190  (121) 1219  
   11   26.9  4.1  0.0  chr1_977122_Sniffles2.INS.2BS0   1003  1051  (180) + (CCACTCC)n Simple_repeat      1     51    (0) 1220  
   38    2.5  0.0  0.0  chr1_984611_Sniffles2.INS.36S0      1    40   (14) + (CTTT)n  Simple_repeat      1     40    (0) 1221  
   27   15.3  6.1  0.0  chr1_998759_Sniffles2.INS.44S0      4    69    (6) + G-rich   Low_complexity      1     70    (0) 1222  
  231   13.8  8.6  0.0  chr1_1099070_Sniffles2.INS.53S0      1    58 (3013) C L1M5      LINE/L1       (3584)   2562   2500 1223  
  237   17.5  8.8  0.0  chr1_1099070_Sniffles2.INS.53S0     60   116 (2955) C L1MD      LINE/L1       (3571)   2575   2514 1224  
  240   19.1  3.2  0.0  chr1_1099070_Sniffles2.INS.53S0    146   208 (2863) C L1M5      LINE/L1       (3585)   2561   2497 1223 *
  291   14.1  7.6  1.2  chr1_1099070_Sniffles2.INS.53S0    191   269 (2802) C L1MD      LINE/L1       (3549)   2597   2514 1225  
  231   20.6  3.2  2.1  chr1_1099070_Sniffles2.INS.53S0    266   359 (2712) C L1M5      LINE/L1       (3550)   2596   2502 1226 *
  362   14.8  6.4  3.8  chr1_1099070_Sniffles2.INS.53S0    344   495 (2576) C L1M5      LINE/L1       (3530)   2616   2502 1223  
  303   15.7  6.7  1.1  chr1_1099070_Sniffles2.INS.53S0    492   581 (2490) C L1M5      LINE/L1       (3550)   2596   2502 1227 *
  278   17.0  7.8  2.1  chr1_1099070_Sniffles2.INS.53S0    566   655 (2416) C L1M5      LINE/L1       (3550)   2596   2502 1227 *
  389   14.8  4.9  0.0  chr1_1099070_Sniffles2.INS.53S0    639   719 (2352) C L1MD      LINE/L1       (3546)   2600   2516 1228  
  293   17.8  5.5  1.1  chr1_1099070_Sniffles2.INS.53S0    718   808 (2263) C L1M5      LINE/L1       (3550)   2596   2502 1227 *
  347    7.9  9.0  2.4  chr1_1099070_Sniffles2.INS.53S0    793   870 (2201) C L1M5      LINE/L1       (3550)   2596   2514 1227  
  323   17.6  4.7  0.0  chr1_1099070_Sniffles2.INS.53S0    951  1035 (2036) C L1M5      LINE/L1       (3556)   2590   2502 1227  
  292   13.1 12.8  2.1  chr1_1099070_Sniffles2.INS.53S0   1020  1105 (1966) C L1M5      LINE/L1       (3550)   2596   2502 1227 *
  290   18.9  7.0  2.5  chr1_1099070_Sniffles2.INS.53S0   1251  1364 (1707) C L1M5      LINE/L1       (3526)   2620   2502 1227 *
  293   19.4  3.8  2.8  chr1_1099070_Sniffles2.INS.53S0   1349  1454 (1617) C L1M5      LINE/L1       (3550)   2596   2490 1229 *
  305   13.9  4.9  3.6  chr1_1099070_Sniffles2.INS.53S0   1427  1508 (1563) C L1M5      LINE/L1       (3550)   2596   2514 1230  
  257   19.8 10.5  0.0  chr1_1099070_Sniffles2.INS.53S0   1505  1590 (1481) C L1M5      LINE/L1       (3550)   2596   2502 1230 *
  330   15.2  3.2  3.2  chr1_1099070_Sniffles2.INS.53S0   1575  1669 (1402) C L1M5      LINE/L1       (3550)   2596   2502 1230 *
  362   12.6  5.1  3.0  chr1_1099070_Sniffles2.INS.53S0   1654  1751 (1320) C L1M5      LINE/L1       (3550)   2596   2497 1230  
  232   15.2 10.6  0.0  chr1_1099070_Sniffles2.INS.53S0   1734  1799 (1272) C L1MD      LINE/L1       (3549)   2597   2525 1231 *
  281   15.7  6.2  7.4  chr1_1099070_Sniffles2.INS.53S0   1888  1983 (1088) C L1M5      LINE/L1       (3550)   2596   2502 1230  
  238   16.2 10.2  2.1  chr1_1099070_Sniffles2.INS.53S0   1968  2055 (1016) C L1M5      LINE/L1       (3550)   2596   2502 1230 *
  269   14.2 12.8  2.1  chr1_1099070_Sniffles2.INS.53S0   2111  2196  (875) C L1M5      LINE/L1       (3550)   2596   2502 1230 *
  291   13.7  5.4  1.3  chr1_1099070_Sniffles2.INS.53S0   2189  2262  (809) C L1M5      LINE/L1       (3556)   2590   2514 1230  
  244   18.7  9.8  1.0  chr1_1099070_Sniffles2.INS.53S0   2259  2350  (721) C L1MD      LINE/L1       (3550)   2596   2497 1232 *
  255   15.7  6.4  5.3  chr1_1099070_Sniffles2.INS.53S0   2331  2424  (647) C L1M5      LINE/L1       (3550)   2596   2502 1230 *
  645   14.2  8.9  1.8  chr1_1099070_Sniffles2.INS.53S0   2409  2566  (505) C L1M5      LINE/L1       (3550)   2596   2428 1230  
 1859   16.0  0.7  0.0  chr1_1099070_Sniffles2.INS.53S0   2640  2926  (145) + AluSx     SINE/Alu           1    289   (23) 1233  
   23   18.9  7.5  1.2  chr1_1099070_Sniffles2.INS.53S0   2957  2962  (109) + (TATGTG)n Simple_repeat      1     15   (74) 1234  
   29   16.9  1.9  0.0  chr1_1099070_Sniffles2.INS.53S0   2963  3016   (55) + (TG)n     Simple_repeat      1     55    (0) 1235  
   23   18.9  7.5  1.2  chr1_1099070_Sniffles2.INS.53S0   3017  3040   (31) + (TATGTG)n Simple_repeat     16     89    (0) 1234  
  233   18.6  9.7  2.0  chr1_1099110_Sniffles2.INS.2ES0     27   119 (4843) C L1M5      LINE/L1       (3549)   2597   2497 1236 *
  348   15.3  6.1  0.4  chr1_1099110_Sniffles2.INS.2ES0    100   196 (4766) C L1MD      LINE/L1       (3549)   2597   2497 1237  
  331   16.5  4.3  2.1  chr1_1099110_Sniffles2.INS.2ES0    177   269 (4693) C L1M5      LINE/L1       (3550)   2596   2502 1236 *
  355   15.4  4.3  2.1  chr1_1099110_Sniffles2.INS.2ES0    254   346 (4616) C L1M5      LINE/L1       (3550)   2596   2502 1236  
  344   16.5  4.3  2.1  chr1_1099110_Sniffles2.INS.2ES0    331   423 (4539) C L1M5      LINE/L1       (3550)   2596   2502 1236 *
  362   11.4  4.9  2.4  chr1_1099110_Sniffles2.INS.2ES0    408   488 (4474) C L1M5      LINE/L1       (3550)   2596   2514 1236  
  323   18.3  2.1  2.1  chr1_1099110_Sniffles2.INS.2ES0    485   579 (4383) C L1M5      LINE/L1       (3550)   2596   2502 1236 *
  306   18.7  4.3  2.1  chr1_1099110_Sniffles2.INS.2ES0    564   656 (4306) C L1M5      LINE/L1       (3550)   2596   2502 1236 *
  321   15.9  7.8  2.1  chr1_1099110_Sniffles2.INS.2ES0    641   730 (4232) C L1M5      LINE/L1       (3550)   2596   2502 1236  
  319   14.6  6.6  2.1  chr1_1099110_Sniffles2.INS.2ES0    808   898 (4064) C L1M5      LINE/L1       (3550)   2596   2502 1236  
  307   16.8  5.2  2.0  chr1_1099110_Sniffles2.INS.2ES0    883   979 (3983) C L1M5      LINE/L1       (3550)   2596   2497 1236 *
  348   15.3  6.1  0.4  chr1_1099110_Sniffles2.INS.2ES0    960  1056 (3906) C L1M5      LINE/L1       (3549)   2597   2497 1236  
  297   18.7  4.3  2.1  chr1_1099110_Sniffles2.INS.2ES0   1037  1129 (3833) C L1M5      LINE/L1       (3550)   2596   2502 1236 *
  252   19.8  4.3  2.1  chr1_1099110_Sniffles2.INS.2ES0   1114  1206 (3756) C L1M5      LINE/L1       (3550)   2596   2502 1236 *
  240   16.1  9.0  2.1  chr1_1099110_Sniffles2.INS.2ES0   1191  1279 (3683) C L1M5      LINE/L1       (3550)   2596   2502 1236 *
  255   17.4 10.2  2.1  chr1_1099110_Sniffles2.INS.2ES0   1264  1351 (3611) C L1M5      LINE/L1       (3550)   2596   2502 1236 *
  361   17.2  2.1  2.1  chr1_1099110_Sniffles2.INS.2ES0   1336  1430 (3532) C L1M5      LINE/L1       (3550)   2596   2502 1236  
  339   15.8  5.8  1.9  chr1_1099110_Sniffles2.INS.2ES0   1415  1517 (3445) C L1M5      LINE/L1       (3550)   2596   2490 1236 *
  302   20.6  3.0  2.0  chr1_1099110_Sniffles2.INS.2ES0   1492  1590 (3372) C L1M5      LINE/L1       (3549)   2597   2497 1236 *
  294   16.8  5.1  3.0  chr1_1099110_Sniffles2.INS.2ES0   1571  1668 (3294) C L1M5      LINE/L1       (3550)   2596   2497 1236 *
  283   18.7  4.3  2.1  chr1_1099110_Sniffles2.INS.2ES0   1649  1741 (3221) C L1M5      LINE/L1       (3550)   2596   2502 1236 *
  325   16.5  6.5  2.1  chr1_1099110_Sniffles2.INS.2ES0   1726  1818 (3144) C L1M5      LINE/L1       (3550)   2596   2500 1236  
  265   17.4 10.2  2.1  chr1_1099110_Sniffles2.INS.2ES0   1801  1888 (3074) C L1M5      LINE/L1       (3550)   2596   2502 1236 *
  343   15.4  4.3  2.1  chr1_1099110_Sniffles2.INS.2ES0   1873  1965 (2997) C L1M5      LINE/L1       (3550)   2596   2502 1236  
  269   18.2  7.8  2.1  chr1_1099110_Sniffles2.INS.2ES0   2179  2268 (2694) C L1M5      LINE/L1       (3550)   2596   2502 1236 *
  283   17.0  7.8  2.1  chr1_1099110_Sniffles2.INS.2ES0   2253  2342 (2620) C L1M5      LINE/L1       (3550)   2596   2502 1236 *
  315   15.7  6.6  2.1  chr1_1099110_Sniffles2.INS.2ES0   2327  2417 (2545) C L1M5      LINE/L1       (3550)   2596   2502 1236  
  300   14.6  6.5  4.2  chr1_1099110_Sniffles2.INS.2ES0   2402  2494 (2468) C L1M5      LINE/L1       (3550)   2596   2502 1236 *
  286   17.0  7.8  2.1  chr1_1099110_Sniffles2.INS.2ES0   2623  2712 (2250) C L1M5      LINE/L1       (3550)   2596   2502 1236  
  273   17.8  5.5  0.0  chr1_1099110_Sniffles2.INS.2ES0   2705  2777 (2185) C L1M5      LINE/L1       (3556)   2590   2514 1236 *
  281   18.7  4.3  1.1  chr1_1099110_Sniffles2.INS.2ES0   2774  2865 (2097) C L1M5      LINE/L1       (3550)   2596   2502 1236  
  272   20.6  3.2  2.1  chr1_1099110_Sniffles2.INS.2ES0   2850  2943 (2019) C L1M5      LINE/L1       (3550)   2596   2502 1236 *
  682   15.9  7.5  1.2  chr1_1099110_Sniffles2.INS.2ES0   2928  3086 (1876) C L1M5      LINE/L1       (3550)   2596   2428 1236  
 1878   15.9  0.7  0.0  chr1_1099110_Sniffles2.INS.2ES0   3161  3449 (1513) + AluSx     SINE/Alu           1    291   (21) 1238  
   29   15.0  3.3  0.0  chr1_1099110_Sniffles2.INS.2ES0   3480  3487 (1475) + (TATGTG)n Simple_repeat      1     61    (0) 1239  
   30   15.5  0.0  0.0  chr1_1099110_Sniffles2.INS.2ES0   3488  3538 (1424) + (TG)n     Simple_repeat      1     51    (0) 1240  
  310   14.6  6.6  2.1  chr1_1099110_Sniffles2.INS.2ES0   3540  3630 (1332) C L1M5      LINE/L1       (3550)   2596   2502 1241  
  243   19.3  7.8  2.1  chr1_1099110_Sniffles2.INS.2ES0   3615  3704 (1258) C L1M5      LINE/L1       (3550)   2596   2502 1241 *
  287   10.3  8.6  0.0  chr1_1099110_Sniffles2.INS.2ES0   3724  3781 (1181) C L1M5      LINE/L1       (3570)   2576   2514 1242 *
  376   15.4  4.3  2.1  chr1_1099110_Sniffles2.INS.2ES0   3778  3870 (1092) C L1M5      LINE/L1       (3550)   2596   2502 1241  
  307   15.5  7.1  0.0  chr1_1099110_Sniffles2.INS.2ES0   3862  3945 (1017) C L1M5      LINE/L1       (3555)   2591   2502 1241 *
  299   15.6  5.4  2.1  chr1_1099110_Sniffles2.INS.2ES0   3930  4021  (941) C L1M5      LINE/L1       (3550)   2596   2502 1241 *
  269   20.9  4.3  2.1  chr1_1099110_Sniffles2.INS.2ES0   4006  4098  (864) C L1M5      LINE/L1       (3550)   2596   2502 1241 *
  350   17.5  4.0  2.0  chr1_1099110_Sniffles2.INS.2ES0   4079  4177  (785) C L1M5      LINE/L1       (3544)   2602   2502 1241  
  303   17.9  5.2  2.0  chr1_1099110_Sniffles2.INS.2ES0   4162  4258  (704) C L1M5      LINE/L1       (3550)   2596   2497 1241 *
  714   15.7  6.2  1.2  chr1_1099110_Sniffles2.INS.2ES0   4239  4399  (563) C L1M5      LINE/L1       (3550)   2596   2428 1241  
 1917   15.3  1.0  0.0  chr1_1099110_Sniffles2.INS.2ES0   4474  4767  (195) + AluSx     SINE/Alu           1    297   (15) 1243  
   60    7.1  0.0  0.0  chr1_1099110_Sniffles2.INS.2ES0   4804  4877   (85) + (TG)n     Simple_repeat      1     74    (0) 1244  
  247   15.2 12.7  0.0  chr1_1099110_Sniffles2.INS.2ES0   4881  4959    (3) C L1M5      LINE/L1       (3556)   2590   2502 1245  
  316   18.4  5.3  0.0  chr1_1099615_Sniffles2.INS.59S0      1    76 (7381) C L1MD      LINE/L1       (3570)   2576   2497 1246  
  299   16.1  7.4  2.0  chr1_1099615_Sniffles2.INS.59S0    127   221 (7236) C L1M5      LINE/L1       (3550)   2596   2497 1247  
  298   17.6  4.3  3.2  chr1_1099615_Sniffles2.INS.59S0    202   295 (7162) C L1M5      LINE/L1       (3550)   2596   2502 1247 *
  343   18.5  3.2  2.1  chr1_1099615_Sniffles2.INS.59S0    280   373 (7084) C L1M5      LINE/L1       (3550)   2596   2502 1247  
  275   14.1 11.5  2.1  chr1_1099615_Sniffles2.INS.59S0    428   514 (6943) C L1M5      LINE/L1       (3550)   2596   2502 1248 *
  342   11.5  9.0  2.1  chr1_1099615_Sniffles2.INS.59S0    499   587 (6870) C L1M5      LINE/L1       (3550)   2596   2502 1248 *
  358   12.7  4.9  2.4  chr1_1099615_Sniffles2.INS.59S0    572   652 (6805) C L1M5      LINE/L1       (3550)   2596   2514 1248  
  342   12.5  6.9  0.0  chr1_1099615_Sniffles2.INS.59S0    659   730 (6727) C L1M5      LINE/L1       (3556)   2590   2514 1248  
  232   20.6  2.7  2.7  chr1_1099615_Sniffles2.INS.59S0    727   801 (6656) C L1M5      LINE/L1       (3550)   2596   2522 1248 *
  294   21.7  3.2  2.1  chr1_1099615_Sniffles2.INS.59S0    951  1044 (6413) C L1M5      LINE/L1       (3550)   2596   2502 1248 *
  341   12.7  4.9  2.4  chr1_1099615_Sniffles2.INS.59S0   1029  1109 (6348) C L1M5      LINE/L1       (3550)   2596   2514 1248  
  329   14.9  9.1  1.1  chr1_1099615_Sniffles2.INS.59S0   1106  1193 (6264) C L1M5      LINE/L1       (3550)   2596   2502 1248 *
  310   13.5  8.7  3.1  chr1_1099615_Sniffles2.INS.59S0   1178  1269 (6188) C L1M5      LINE/L1       (3550)   2596   2500 1248 *
  260   15.7  6.6  2.1  chr1_1099615_Sniffles2.INS.59S0   1252  1342 (6115) C L1M5      LINE/L1       (3550)   2596   2502 1248 *
  345    9.1  7.6  2.4  chr1_1099615_Sniffles2.INS.59S0   1400  1478 (5979) C L1M5      LINE/L1       (3550)   2596   2514 1249  
  311   17.6  4.3  2.1  chr1_1099615_Sniffles2.INS.59S0   1475  1567 (5890) C L1M5      LINE/L1       (3550)   2596   2502 1249 *
  352   15.4  4.3  2.1  chr1_1099615_Sniffles2.INS.59S0   1552  1644 (5813) C L1M5      LINE/L1       (3550)   2596   2502 1249  
  307   10.4  7.5  3.6  chr1_1099615_Sniffles2.INS.59S0   1629  1708 (5749) C L1M5      LINE/L1       (3550)   2596   2514 1249 *
  277   19.4  4.0  2.9  chr1_1099615_Sniffles2.INS.59S0   1778  1878 (5579) C L1M5      LINE/L1       (3548)   2598   2497 1249 *
  317   13.0 10.5  2.9  chr1_1099615_Sniffles2.INS.59S0   1856  1950 (5507) C L1M5      LINE/L1       (3548)   2598   2497 1249  
  253   16.9  8.8  0.4  chr1_1099615_Sniffles2.INS.59S0   1931  2025 (5432) C L1M5      LINE/L1       (3549)   2597   2497 1249 *
  236   22.7  4.0  2.0  chr1_1099615_Sniffles2.INS.59S0   2008  2106 (5351) C L1MD      LINE/L1       (3549)   2597   2497 1250 *
  321   19.2  3.7  0.0  chr1_1099615_Sniffles2.INS.59S0   2086  2184 (5273) C L1M5      LINE/L1       (3546)   2600   2497 1249 *
  338   14.6  6.6  2.1  chr1_1099615_Sniffles2.INS.59S0   2165  2255 (5202) C L1M5      LINE/L1       (3550)   2596   2502 1249  
  314   13.9 10.2  2.1  chr1_1099615_Sniffles2.INS.59S0   2240  2327 (5130) C L1M5      LINE/L1       (3550)   2596   2502 1249 *
  294   10.6 11.2  4.2  chr1_1099615_Sniffles2.INS.59S0   2312  2400 (5057) C L1M5      LINE/L1       (3550)   2596   2502 1249 *
  303   13.1  9.1  2.0  chr1_1099615_Sniffles2.INS.59S0   2385  2478 (4979) C L1M5      LINE/L1       (3549)   2597   2497 1249 *
  307    6.9 14.9  2.4  chr1_1099615_Sniffles2.INS.59S0   2459  2532 (4925) C L1M5      LINE/L1       (3550)   2596   2514 1251  
  267   20.0  1.9  0.0  chr1_1099615_Sniffles2.INS.59S0   2541  2625 (4832) C L1M5      LINE/L1       (3563)   2583   2497 1249 *
  318   19.6  3.2  2.1  chr1_1099615_Sniffles2.INS.59S0   2606  2699 (4758) C L1M5      LINE/L1       (3550)   2596   2502 1249  
  283   18.1  7.1  1.1  chr1_1099615_Sniffles2.INS.59S0   2692  2775 (4682) C L1M5      LINE/L1       (3556)   2590   2502 1249 *
  267   15.1 10.2  2.1  chr1_1099615_Sniffles2.INS.59S0   2760  2847 (4610) C L1M5      LINE/L1       (3550)   2596   2502 1249 *
  255   15.3 11.5  2.1  chr1_1099615_Sniffles2.INS.59S0   2832  2918 (4539) C L1M5      LINE/L1       (3550)   2596   2502 1249 *
  311   18.3  2.1  3.2  chr1_1099615_Sniffles2.INS.59S0   2903  2998 (4459) C L1M5      LINE/L1       (3550)   2596   2502 1249  
  287   18.5  5.3  2.1  chr1_1099615_Sniffles2.INS.59S0   2981  3074 (4383) C L1M5      LINE/L1       (3548)   2598   2502 1249 *
  254   18.6  1.7  0.0  chr1_1099615_Sniffles2.INS.59S0   3087  3145 (4312) C L1M5      LINE/L1       (3585)   2561   2502 1249 *
  314   19.4  2.1  2.1  chr1_1099615_Sniffles2.INS.59S0   3130  3224 (4233) C L1M5      LINE/L1       (3550)   2596   2502 1249  
  340   12.9  7.4  2.0  chr1_1099615_Sniffles2.INS.59S0   3283  3377 (4080) C L1M5      LINE/L1       (3550)   2596   2497 1249 *
  348   15.3  6.1  0.4  chr1_1099615_Sniffles2.INS.59S0   3358  3454 (4003) C L1MD      LINE/L1       (3549)   2597   2497 1252  
  328   16.5  4.3  2.1  chr1_1099615_Sniffles2.INS.59S0   3435  3527 (3930) C L1MD      LINE/L1       (3550)   2596   2502 1252 *
  235   18.0  6.6  2.1  chr1_1099615_Sniffles2.INS.59S0   3512  3602 (3855) C L1M5      LINE/L1       (3550)   2596   2502 1249 *
  357   13.3  5.4  2.1  chr1_1099615_Sniffles2.INS.59S0   3587  3678 (3779) C L1M5      LINE/L1       (3550)   2596   2502 1249  
  255   17.4 10.2  2.1  chr1_1099615_Sniffles2.INS.59S0   3663  3750 (3707) C L1M5      LINE/L1       (3550)   2596   2502 1249 *
  285   16.5  4.2  4.2  chr1_1099615_Sniffles2.INS.59S0   3735  3829 (3628) C L1M5      LINE/L1       (3550)   2596   2502 1249 *
  345   15.8  5.2  2.0  chr1_1099615_Sniffles2.INS.59S0   3814  3910 (3547) C L1M5      LINE/L1       (3550)   2596   2497 1249  
  329   14.0  7.4  2.0  chr1_1099615_Sniffles2.INS.59S0   3891  3985 (3472) C L1M5      LINE/L1       (3550)   2596   2497 1249 *
  345   12.7  4.9  2.4  chr1_1099615_Sniffles2.INS.59S0   3966  4046 (3411) C L1M5      LINE/L1       (3550)   2596   2514 1253  
  304   20.0  2.1  2.1  chr1_1099615_Sniffles2.INS.59S0   4043  4139 (3318) C L1M5      LINE/L1       (3550)   2596   2500 1253 *
  265   17.4 10.2  2.1  chr1_1099615_Sniffles2.INS.59S0   4200  4287 (3170) C L1M5      LINE/L1       (3550)   2596   2502 1254 *
  346   14.4  5.4  2.1  chr1_1099615_Sniffles2.INS.59S0   4272  4363 (3094) C L1M5      LINE/L1       (3550)   2596   2502 1254  
  317   17.2  7.5  0.0  chr1_1099615_Sniffles2.INS.59S0   4489  4581 (2876) C L1M5      LINE/L1       (3550)   2596   2497 1254  
  260   17.0  7.7  3.2  chr1_1099615_Sniffles2.INS.59S0   4561  4651 (2806) C L1M5      LINE/L1       (3550)   2596   2502 1254 *
  286   16.1  9.0  2.1  chr1_1099615_Sniffles2.INS.59S0   4636  4724 (2733) C L1M5      LINE/L1       (3550)   2596   2502 1254 *
  307   14.9  9.0  2.1  chr1_1099615_Sniffles2.INS.59S0   4709  4797 (2660) C L1M5      LINE/L1       (3550)   2596   2502 1254 *
  323   13.5  6.5  4.2  chr1_1099615_Sniffles2.INS.59S0   4782  4874 (2583) C L1M5      LINE/L1       (3550)   2596   2502 1254  
  238   16.2 10.2  2.1  chr1_1099615_Sniffles2.INS.59S0   4859  4946 (2511) C L1M5      LINE/L1       (3550)   2596   2502 1254 *
  286   17.0  7.8  2.1  chr1_1099615_Sniffles2.INS.59S0   4999  5088 (2369) C L1M5      LINE/L1       (3550)   2596   2502 1254  
  256   15.5  8.4  0.0  chr1_1099615_Sniffles2.INS.59S0   5081  5151 (2306) C L1M5      LINE/L1       (3556)   2590   2514 1254 *
  284   14.3  7.7  1.2  chr1_1099615_Sniffles2.INS.59S0   5148  5225 (2232) C L1M5      LINE/L1       (3550)   2596   2514 1254  
  294   18.7  4.3  2.1  chr1_1099615_Sniffles2.INS.59S0   5367  5459 (1998) C L1M5      LINE/L1       (3550)   2596   2502 1254 *
  462   17.5  5.3  5.3  chr1_1099615_Sniffles2.INS.59S0   5444  5612 (1845) C L1M5      LINE/L1       (3550)   2596   2428 1254  
 1811   15.1  1.1  0.3  chr1_1099615_Sniffles2.INS.59S0   5683  5967 (1490) + AluSx     SINE/Alu           3    289   (23) 1255  
   29   15.0  3.3  0.0  chr1_1099615_Sniffles2.INS.59S0   5998  6005 (1452) + (TATGTG)n Simple_repeat      1     61    (0) 1256  
   30   15.5  0.0  0.0  chr1_1099615_Sniffles2.INS.59S0   6006  6056 (1401) + (TG)n     Simple_repeat      1     51    (0) 1257  
  303   15.7  6.6  2.1  chr1_1099615_Sniffles2.INS.59S0   6058  6148 (1309) C L1M5      LINE/L1       (3550)   2596   2502 1258  
  235   16.6  5.4  2.1  chr1_1099615_Sniffles2.INS.59S0   6208  6299 (1158) C L1M5      LINE/L1       (3550)   2596   2502 1258 *
  326   12.8  6.2  2.4  chr1_1099615_Sniffles2.INS.59S0   6284  6363 (1094) C L1M5      LINE/L1       (3550)   2596   2514 1258 *
  395   15.4  4.3  1.1  chr1_1099615_Sniffles2.INS.59S0   6360  6451 (1006) C L1M5      LINE/L1       (3550)   2596   2502 1258  
  350   12.8  4.6  1.1  chr1_1099615_Sniffles2.INS.59S0   6443  6529  (928) C L1M5      LINE/L1       (3555)   2591   2502 1258 *
  288   16.6  6.2  2.4  chr1_1099615_Sniffles2.INS.59S0   6514  6593  (864) C L1M5      LINE/L1       (3550)   2596   2514 1258 *
  356   12.9  8.5  1.0  chr1_1099615_Sniffles2.INS.59S0   6586  6679  (778) C L1M5      LINE/L1       (3544)   2602   2502 1258  
  270   18.9  5.1  3.0  chr1_1099615_Sniffles2.INS.59S0   6664  6761  (696) C L1M5      LINE/L1       (3550)   2596   2497 1258 *
  636   14.7  9.5  1.2  chr1_1099615_Sniffles2.INS.59S0   6742  6899  (558) C L1M5      LINE/L1       (3550)   2596   2426 1258  
 1892   16.6  0.7  0.0  chr1_1099615_Sniffles2.INS.59S0   6969  7263  (194) + AluSx     SINE/Alu           1    297   (15) 1259  
   58    7.3  0.0  0.0  chr1_1099615_Sniffles2.INS.59S0   7301  7372   (85) + (TG)n     Simple_repeat      1     72    (0) 1260  
  247   15.2 12.7  0.0  chr1_1099615_Sniffles2.INS.59S0   7376  7454    (3) C L1M5      LINE/L1       (3556)   2590   2502 1261  
  300   14.6  9.1  2.9  chr1_1099712_Sniffles2.INS.45S0     35   133 (11017) C L1M5      LINE/L1       (3550)   2596   2492 1262  
  283   17.4  8.5  2.0  chr1_1099712_Sniffles2.INS.45S0    109   202 (10948) C L1M5      LINE/L1       (3550)   2596   2497 1262 *
  275   10.8 10.4  2.8  chr1_1099712_Sniffles2.INS.45S0    183   249 (10901) C L1M5      LINE/L1       (3550)   2596   2525 1263 *
  299   12.5  6.8  2.6  chr1_1099712_Sniffles2.INS.45S0    273   346 (10804) C L1M5      LINE/L1       (3568)   2578   2502 1262 *
  316   15.7  6.6  2.1  chr1_1099712_Sniffles2.INS.45S0    331   421 (10729) C L1M5      LINE/L1       (3550)   2596   2502 1264  
  291   15.9  7.6  4.2  chr1_1099712_Sniffles2.INS.45S0    406   497 (10653) C L1M5      LINE/L1       (3550)   2596   2502 1264 *
  332   12.9  4.8  0.0  chr1_1099712_Sniffles2.INS.45S0    520   581 (10569) C L1MD      LINE/L1       (3568)   2578   2514 1265  
  250   20.8  2.9  2.9  chr1_1099712_Sniffles2.INS.45S0    578   681 (10469) C L1M5      LINE/L1       (3550)   2596   2493 1264 *
  269   13.3  9.8  3.8  chr1_1099712_Sniffles2.INS.45S0    734   830 (10320) C L1MD      LINE/L1       (3549)   2597   2497 1266 *
  322   14.2  6.0  2.7  chr1_1099712_Sniffles2.INS.45S0    811   909 (10241) C L1M5      LINE/L1       (3549)   2597   2497 1264 *
  331   16.5  4.3  2.1  chr1_1099712_Sniffles2.INS.45S0    890   982 (10168) C L1M5      LINE/L1       (3550)   2596   2502 1264 *
  335   14.3  4.2  4.2  chr1_1099712_Sniffles2.INS.45S0    967  1061 (10089) C L1M5      LINE/L1       (3550)   2596   2502 1264  
  291   16.7  5.4  3.2  chr1_1099712_Sniffles2.INS.45S0   1046  1138 (10012) C L1M5      LINE/L1       (3550)   2596   2502 1264 *
  314   13.9 10.2  2.1  chr1_1099712_Sniffles2.INS.45S0   1123  1210  (9940) C L1M5      LINE/L1       (3550)   2596   2502 1264  
  273   13.8  8.9  3.2  chr1_1099712_Sniffles2.INS.45S0   1195  1284  (9866) C L1M5      LINE/L1       (3550)   2596   2502 1264 *
  269   18.2  7.8  2.1  chr1_1099712_Sniffles2.INS.45S0   1344  1433  (9717) C L1M5      LINE/L1       (3550)   2596   2502 1264  
  245   14.6  1.8  3.6  chr1_1099712_Sniffles2.INS.45S0   1418  1474  (9676) C L1M5      LINE/L1       (3550)   2596   2541 1267 *
  229   19.4  5.5  1.3  chr1_1099712_Sniffles2.INS.45S0   1494  1566  (9584) C L1MD      LINE/L1       (3549)   2597   2522 1268  
  305   17.6 12.1  0.0  chr1_1099712_Sniffles2.INS.45S0   1568  1658  (9492) C L1MD      LINE/L1       (3548)   2598   2497 1268 *
  327   16.8  5.2  2.0  chr1_1099712_Sniffles2.INS.45S0   1639  1735  (9415) C L1M5      LINE/L1       (3550)   2596   2497 1267  
  301   16.1  7.4  0.4  chr1_1099712_Sniffles2.INS.45S0   1716  1811  (9339) C L1MD      LINE/L1       (3549)   2597   2497 1269 *
  274   14.1  7.6  1.2  chr1_1099712_Sniffles2.INS.45S0   1794  1872  (9278) C L1MD      LINE/L1       (3549)   2597   2514 1269 *
  272   16.1  9.0  2.1  chr1_1099712_Sniffles2.INS.45S0   1869  1957  (9193) C L1M5      LINE/L1       (3550)   2596   2502 1267 *
  271   18.7  4.3  2.1  chr1_1099712_Sniffles2.INS.45S0   1942  2034  (9116) C L1M5      LINE/L1       (3550)   2596   2502 1267 *
  343   14.6  6.6  2.1  chr1_1099712_Sniffles2.INS.45S0   2019  2109  (9041) C L1M5      LINE/L1       (3550)   2596   2502 1267  
  310   10.6 11.7  2.4  chr1_1099712_Sniffles2.INS.45S0   2094  2170  (8980) C L1MD      LINE/L1       (3550)   2596   2513 1270 *
  259   10.4 14.9  0.0  chr1_1099712_Sniffles2.INS.45S0   2175  2241  (8909) C L1M5      LINE/L1       (3556)   2590   2514 1271 *
  322   13.9  4.8  4.8  chr1_1099712_Sniffles2.INS.45S0   2238  2320  (8830) C L1MD      LINE/L1       (3550)   2596   2514 1270 *
  344    9.4  8.9  0.4  chr1_1099712_Sniffles2.INS.45S0   2317  2395  (8755) C L1MD      LINE/L1       (3550)   2596   2514 1270  
  291   18.3  4.2  2.1  chr1_1099712_Sniffles2.INS.45S0   2470  2564  (8586) C L1MD      LINE/L1       (3548)   2598   2502 1270  
  288   16.2  6.0  6.0  chr1_1099712_Sniffles2.INS.45S0   2549  2649  (8501) C L1MD      LINE/L1       (3550)   2596   2490 1270 *
  275   23.6  5.6  0.0  chr1_1099712_Sniffles2.INS.45S0   2632  2720  (8430) C L1MD      LINE/L1       (3556)   2590   2497 1270 *
  281   16.2  6.0  3.5  chr1_1099712_Sniffles2.INS.45S0   2699  2781  (8369) C L1MD      LINE/L1       (3548)   2598   2514 1270  
  329   15.7  7.2  0.0  chr1_1099712_Sniffles2.INS.45S0   2787  2869  (8281) C L1MD      LINE/L1       (3556)   2590   2502 1270  
  344   16.5  4.3  2.1  chr1_1099712_Sniffles2.INS.45S0   2993  3085  (8065) C L1MD      LINE/L1       (3550)   2596   2502 1270  
  294   13.5  6.5  3.2  chr1_1099712_Sniffles2.INS.45S0   3070  3161  (7989) C L1M5      LINE/L1       (3550)   2596   2502 1272 *
  298   11.7 11.5  2.1  chr1_1099712_Sniffles2.INS.45S0   3146  3232  (7918) C L1MD      LINE/L1       (3550)   2596   2502 1270 *
  320   11.4  4.8  4.8  chr1_1099712_Sniffles2.INS.45S0   3217  3299  (7851) C L1M5      LINE/L1       (3550)   2596   2514 1273  
  309   14.6  6.7  1.1  chr1_1099712_Sniffles2.INS.45S0   3368  3457  (7693) C L1M5      LINE/L1       (3550)   2596   2502 1273  
  242   19.8  4.3  2.1  chr1_1099712_Sniffles2.INS.45S0   3442  3534  (7616) C L1M5      LINE/L1       (3550)   2596   2502 1273 *
  313   13.1  9.0  2.4  chr1_1099712_Sniffles2.INS.45S0   3519  3596  (7554) C L1M5      LINE/L1       (3550)   2596   2514 1273  
  273   15.1 10.3  1.1  chr1_1099712_Sniffles2.INS.45S0   3593  3679  (7471) C L1M5      LINE/L1       (3550)   2596   2502 1273 *
  234   19.7  6.6  0.0  chr1_1099712_Sniffles2.INS.45S0   3741  3816  (7334) C L1MD      LINE/L1       (3549)   2597   2517 1274  
  237   15.5  5.5  2.7  chr1_1099712_Sniffles2.INS.45S0   3819  3891  (7259) C L1M5      LINE/L1       (3550)   2596   2522 1275  
  309   18.8  6.2  0.0  chr1_1099712_Sniffles2.INS.45S0   3968  4063  (7087) C L1M5      LINE/L1       (3549)   2597   2496 1275  
  326   17.9  5.2  1.0  chr1_1099712_Sniffles2.INS.45S0   4116  4211  (6939) C L1MD      LINE/L1       (3550)   2596   2497 1276 *
  360   14.7  5.2  2.0  chr1_1099712_Sniffles2.INS.45S0   4192  4288  (6862) C L1M5      LINE/L1       (3550)   2596   2497 1275  
  357   14.8  2.4  2.4  chr1_1099712_Sniffles2.INS.45S0   4269  4351  (6799) C L1M5      LINE/L1       (3550)   2596   2514 1277 *
  257   22.0  4.3  3.2  chr1_1099712_Sniffles2.INS.45S0   4427  4520  (6630) C L1M5      LINE/L1       (3550)   2596   2502 1277  
  251   18.4 10.1  2.1  chr1_1099712_Sniffles2.INS.45S0   4504  4592  (6558) C L1M5      LINE/L1       (3549)   2597   2502 1277 *
  328   18.3  2.1  2.1  chr1_1099712_Sniffles2.INS.45S0   4577  4671  (6479) C L1M5      LINE/L1       (3550)   2596   2502 1277  
  268   18.2  9.1  0.0  chr1_1099712_Sniffles2.INS.45S0   4658  4745  (6405) C L1MD      LINE/L1       (3549)   2597   2502 1278 *
  320   11.3 13.0  0.4  chr1_1099712_Sniffles2.INS.45S0   4730  4821  (6329) C L1M5      LINE/L1       (3549)   2597   2497 1277  
  345   14.3  6.5  2.1  chr1_1099712_Sniffles2.INS.45S0   4872  4964  (6186) C L1M5      LINE/L1       (3550)   2596   2500 1277  
  302   18.9  5.4  2.1  chr1_1099712_Sniffles2.INS.45S0   4947  5038  (6112) C L1M5      LINE/L1       (3550)   2596   2502 1277 *
  255   17.4 10.2  2.1  chr1_1099712_Sniffles2.INS.45S0   5023  5110  (6040) C L1M5      LINE/L1       (3550)   2596   2502 1277 *
  292   12.0 10.4  2.4  chr1_1099712_Sniffles2.INS.45S0   5095  5171  (5979) C L1MD      LINE/L1       (3550)   2596   2514 1279  
  255   19.5  7.6  2.4  chr1_1099712_Sniffles2.INS.45S0   5168  5246  (5904) C L1MD      LINE/L1       (3550)   2596   2514 1279 *
  328   19.2  4.7  0.4  chr1_1099712_Sniffles2.INS.45S0   5243  5346  (5804) C L1MD      LINE/L1       (3549)   2597   2491 1279  
  318   17.6  4.3  2.1  chr1_1099712_Sniffles2.INS.45S0   5398  5490  (5660) C L1MD      LINE/L1       (3550)   2596   2502 1279  
  299   17.6  6.5  2.1  chr1_1099712_Sniffles2.INS.45S0   5475  5567  (5583) C L1M5      LINE/L1       (3550)   2596   2500 1280 *
  305   15.8  9.6  1.9  chr1_1099712_Sniffles2.INS.45S0   5550  5648  (5502) C L1MD      LINE/L1       (3550)   2596   2489 1279 *
  326   15.4  4.3  2.1  chr1_1099712_Sniffles2.INS.45S0   5622  5714  (5436) C L1M5      LINE/L1       (3550)   2596   2502 1281 *
  344   16.5  4.3  2.1  chr1_1099712_Sniffles2.INS.45S0   5699  5791  (5359) C L1M5      LINE/L1       (3550)   2596   2502 1281  
  328   12.5  7.8  2.1  chr1_1099712_Sniffles2.INS.45S0   5776  5865  (5285) C L1M5      LINE/L1       (3550)   2596   2502 1281 *
  349   13.9  5.2  2.0  chr1_1099712_Sniffles2.INS.45S0   5925  6021  (5129) C L1M5      LINE/L1       (3549)   2597   2497 1282 *
  380   12.7  6.3  0.0  chr1_1099712_Sniffles2.INS.45S0   6004  6082  (5068) C L1MD      LINE/L1       (3549)   2597   2514 1283  
  231   21.3  6.7  1.1  chr1_1099712_Sniffles2.INS.45S0   6079  6168  (4982) C L1M5      LINE/L1       (3550)   2596   2502 1282 *
  309   11.5  6.2  3.6  chr1_1099712_Sniffles2.INS.45S0   6153  6233  (4917) C L1M5      LINE/L1       (3550)   2596   2514 1282 *
  350   14.8  7.9  1.1  chr1_1099712_Sniffles2.INS.45S0   6230  6318  (4832) C L1M5      LINE/L1       (3550)   2596   2502 1282  
  263   15.3 11.5  2.1  chr1_1099712_Sniffles2.INS.45S0   6303  6389  (4761) C L1M5      LINE/L1       (3550)   2596   2502 1282 *
  238   21.4  2.9  4.0  chr1_1099712_Sniffles2.INS.45S0   6443  6544  (4606) C L1M5      LINE/L1       (3544)   2602   2502 1282 *
  287   18.5  5.3  2.1  chr1_1099712_Sniffles2.INS.45S0   6527  6620  (4530) C L1M5      LINE/L1       (3548)   2598   2502 1282  
  298   18.7  3.2  3.2  chr1_1099712_Sniffles2.INS.45S0   6665  6758  (4392) C L1MD      LINE/L1       (3539)   2607   2514 1284  
  260   11.4  6.8  0.0  chr1_1099712_Sniffles2.INS.45S0   6797  6840  (4310) C L1MD      LINE/L1       (3583)   2563   2517 1284 *
  324   15.2  7.4  2.4  chr1_1099712_Sniffles2.INS.45S0   6839  6919  (4231) C L1MD      LINE/L1       (3548)   2598   2514 1285 *
  334   12.1  9.1  0.0  chr1_1099712_Sniffles2.INS.45S0   6916  7007  (4143) C L1MD      LINE/L1       (3550)   2596   2497 1284  
  246   21.4  1.0  7.4  chr1_1099712_Sniffles2.INS.45S0   6988  7088  (4062) C L1M5      LINE/L1       (3550)   2596   2502 1286 *
  280   19.0  5.8  2.8  chr1_1099712_Sniffles2.INS.45S0   7073  7175  (3975) C L1MD      LINE/L1       (3550)   2596   2491 1284  
  232   18.9  5.4  3.2  chr1_1099712_Sniffles2.INS.45S0   7293  7385  (3765) C L1MD      LINE/L1       (3550)   2596   2502 1287 *
  353   14.7  5.2  2.0  chr1_1099712_Sniffles2.INS.45S0   7370  7466  (3684) C L1M5      LINE/L1       (3550)   2596   2497 1288  
  348   16.0  6.0  0.5  chr1_1099712_Sniffles2.INS.45S0   7447  7550  (3600) C L1MD      LINE/L1       (3549)   2597   2490 1287 *
  291   15.2  1.7  0.0  chr1_1099712_Sniffles2.INS.45S0   7562  7620  (3530) C L1M5      LINE/L1       (3585)   2561   2502 1289 *
  309   10.7 10.4  2.4  chr1_1099712_Sniffles2.INS.45S0   7605  7681  (3469) C L1MD      LINE/L1       (3550)   2596   2514 1287 *
  323   22.6  4.3  0.0  chr1_1099712_Sniffles2.INS.45S0   7678  7770  (3380) C L1MD      LINE/L1       (3550)   2596   2500 1287  
  324   18.3  2.1  3.2  chr1_1099712_Sniffles2.INS.45S0   7824  7919  (3231) C L1MD      LINE/L1       (3550)   2596   2502 1287  
  273   18.4  1.3  2.6  chr1_1099712_Sniffles2.INS.45S0   8203  8280  (2870) C L1MD      LINE/L1       (3568)   2578   2502 1287 *
  286   13.9  4.9  3.6  chr1_1099712_Sniffles2.INS.45S0   8265  8346  (2804) C L1M5      LINE/L1       (3550)   2596   2514 1290  
  284   14.6  6.4  5.3  chr1_1099712_Sniffles2.INS.45S0   8343  8436  (2714) C L1MD      LINE/L1       (3550)   2596   2502 1287 *
  229   13.5 11.8  2.4  chr1_1099712_Sniffles2.INS.45S0   8421  8496  (2654) C L1M5      LINE/L1       (3550)   2596   2514 1291 *
  257   17.6  4.2  5.3  chr1_1099712_Sniffles2.INS.45S0   8568  8663  (2487) C L1M5      LINE/L1       (3550)   2596   2502 1291  
  248   16.4  5.5  0.0  chr1_1099712_Sniffles2.INS.45S0   8656  8728  (2422) C L1M5      LINE/L1       (3556)   2590   2514 1291 *
  281   18.7  4.3  1.1  chr1_1099712_Sniffles2.INS.45S0   8725  8816  (2334) C L1M5      LINE/L1       (3550)   2596   2502 1291 *
  312   15.2  4.9  2.4  chr1_1099712_Sniffles2.INS.45S0   8801  8881  (2269) C L1M5      LINE/L1       (3550)   2596   2514 1291 *
  426   16.8 10.7  2.9  chr1_1099712_Sniffles2.INS.45S0   8878  9036  (2114) C L1M5      LINE/L1       (3550)   2596   2426 1291  
 1941   15.2  0.7  0.0  chr1_1099712_Sniffles2.INS.45S0   9107  9395  (1755) + AluSx     SINE/Alu           1    291   (21) 1292  
   33   12.6  3.2  0.0  chr1_1099712_Sniffles2.INS.45S0   9425  9486  (1664) + (TATGTG)n Simple_repeat      1     64    (0) 1293  
  328   16.6  5.4  2.1  chr1_1099712_Sniffles2.INS.45S0   9487  9578  (1572) C L1M5      LINE/L1       (3550)   2596   2502 1294  
  288   17.6  4.3  2.1  chr1_1099712_Sniffles2.INS.45S0   9637  9729  (1421) C L1M5      LINE/L1       (3550)   2596   2502 1294  
  288   15.7  6.6  2.1  chr1_1099712_Sniffles2.INS.45S0   9714  9804  (1346) C L1M5      LINE/L1       (3550)   2596   2502 1294  
  263   14.7  7.8  2.5  chr1_1099712_Sniffles2.INS.45S0   9789  9865  (1285) C L1M5      LINE/L1       (3550)   2596   2516 1294 *
  303   15.7  8.4  0.0  chr1_1099712_Sniffles2.INS.45S0   9871  9953  (1197) C L1M5      LINE/L1       (3555)   2591   2502 1294  
  284   14.6  9.8  0.0  chr1_1099712_Sniffles2.INS.45S0   9945 10026  (1124) C L1M5      LINE/L1       (3555)   2591   2502 1294 *
  230   15.4  7.5  2.9  chr1_1099712_Sniffles2.INS.45S0  10011 10077  (1073) C L1M5      LINE/L1       (3550)   2596   2527 1295 *
  288   19.8  3.3  0.0  chr1_1099712_Sniffles2.INS.45S0  10166 10256   (894) C L1M5      LINE/L1       (3556)   2590   2497 1295 *
  613   15.6  5.6  1.3  chr1_1099712_Sniffles2.INS.45S0  10237 10379   (771) C L1M5      LINE/L1       (3550)   2596   2448 1295  
 1988   12.9  1.7  0.0  chr1_1099712_Sniffles2.INS.45S0  10465 10758   (392) + AluSx     SINE/Alu           1    299   (13) 1296  
   41    4.7  0.0  0.0  chr1_1099712_Sniffles2.INS.45S0  10795 10838   (312) + (TG)n     Simple_repeat      1     44    (0) 1297  
  247   15.2 12.7  0.0  chr1_1099712_Sniffles2.INS.45S0  10842 10920   (230) C L1M5      LINE/L1       (3556)   2590   2502 1298  
  332   17.5  2.8  4.7  chr1_1099712_Sniffles2.INS.45S0  10980 11087    (63) C L1M5      LINE/L1       (3550)   2596   2491 1298  
   13    9.6  0.0 13.2  chr1_1139338_Sniffles2.INS.34S0     44    86 (1226) + G-rich   Low_complexity      1     38    (0) 1299  
 1378   14.3  0.9  0.0  chr1_1195863_Sniffles2.INS.44S0      3   212   (57) C AluJb    SINE/Alu    (100)    212      1 1300  
  451    7.0  0.0  0.0  chr1_1195863_Sniffles2.INS.44S0    213   269    (0) C AluSx    SINE/Alu    (177)    135     79 1301  
   25   16.2  7.2  0.0  chr1_1201778_Sniffles2.INS.4DS0      2    70    (8) + (CCAGTAC)n Simple_repeat      1     74    (0) 1302  
   23   20.9  6.5  0.0  chr1_1201778_Sniffles2.INS.4DS0     71    78    (0) + (CCAGCCC)n Simple_repeat      1     82    (0) 1303  
  332   20.2  9.7  0.8  chr1_1201803_Sniffles2.INS.54S0      2  1256   (19) + (CCCAGCC)n Simple_repeat      1   1366    (0) 1304  
  196   19.9  8.2  0.5  chr1_1201934_Sniffles2.INS.38S0      1   625    (2) + (GTCCCCA)n Simple_repeat      1    673    (0) 1305  
   72   14.1  9.0  1.4  chr1_1202231_Sniffles2.INS.4AS0      4   203    (9) + (CCCAGTA)n Simple_repeat      1    215    (0) 1306  
   66   17.8  5.1  3.5  chr1_1284170_Sniffles2.INS.5BS0      8   204    (0) + G-rich   Low_complexity      1    200    (0) 1307  
  578   20.3  5.5  7.0  chr1_1288383_Sniffles2.INS.4AS0      8  2523    (8) + (TGTCTC)n Simple_repeat      1   2482    (0) 1308  
   12   28.2  0.0  4.1  chr1_1288391_Sniffles2.INS.55S0   1025  1075 (4609) + (TGTC)n   Simple_repeat      1     49    (0) 1309  
   35    4.5  0.0  4.2  chr1_1288391_Sniffles2.INS.55S0   4277  4326 (1358) + (TGTCTC)n Simple_repeat      1     48    (0) 1310  
   14   18.2  0.0  0.0  chr1_1288391_Sniffles2.INS.55S0   5510  5540  (144) + (TCTC)n   Simple_repeat      1     31    (0) 1311  
   14   19.1  3.3  6.8  chr1_1288391_Sniffles2.INS.55S0   5546  5606   (78) + (CCCTG)n  Simple_repeat      1     59    (0) 1312  
   13   17.1  5.8  7.3  chr1_1289823_Sniffles2.INS.5BS0      1    69    (2) + (CCCTGT)n Simple_repeat      1     68    (0) 1313  
  228   27.4  0.0 10.2  chr1_1382396_Sniffles2.INS.50S0    327   391  (382) + MER66C   LTR/ERV1      194    252  (303) 1314  
  228   27.4  0.0 10.2  chr1_1382629_Sniffles2.INS.53S0    942  1006 (1736) + MER66C   LTR/ERV1      194    252  (303) 1315  
  238   23.3  0.0  9.2  chr1_1382629_Sniffles2.INS.53S0   1364  1434 (1308) + MER66C   LTR/ERV1      192    256  (299) 1316  
  228   27.4  0.0 10.2  chr1_1382629_Sniffles2.INS.53S0   2294  2358  (384) + MER66C   LTR/ERV1      194    252  (303) 1317  
  228   27.4  0.0 10.2  chr1_1382629_Sniffles2.INS.5CS0   1791  1855  (384) + MER66C   LTR/ERV1      194    252  (303) 1318  
  206   36.8  1.6  5.0  chr1_1427406_Sniffles2.INS.66S0     19  1614  (470) + (CCCCG)n Simple_repeat      1   1545    (0) 1319  
  362   16.3  3.3  9.2  chr1_1427468_Sniffles2.INS.5BS0      3  1296  (482) + (CCCTC)n Simple_repeat       1   1224    (0) 1320  
  266   11.9  2.1  2.3  chr1_1427468_Sniffles2.INS.5BS0   1301  1778    (0) + G-rich   Low_complexity      1    477    (0) 1321  
  280   18.5  3.5  8.3  chr1_1427468_Sniffles2.INS.5DS0     10  1090  (426) + (CCCTC)n Simple_repeat       1   1033    (0) 1322  
  202   15.4  3.6  1.4  chr1_1427468_Sniffles2.INS.5DS0   1098  1516    (0) + GA-rich  Low_complexity      1    428    (0) 1323  
  429    5.3  0.0  0.0  chr1_1447346_Sniffles2.INS.56S0      1    57  (876) C AluSx    SINE/Alu       (255)     57      1 1324  
   22    0.0  0.0  0.0  chr1_1447346_Sniffles2.INS.56S0     67    90  (843) + (T)n     Simple_repeat      1     24    (0) 1325  
 1754    9.9  2.2  0.0  chr1_1447346_Sniffles2.INS.56S0     91   322  (611) C AluSx    SINE/Alu        (75)    237      1 1326  
 1847    9.7  0.4  0.0  chr1_1447346_Sniffles2.INS.56S0    377   623  (310) C AluSx    SINE/Alu         (7)    305     58 1327  
 2550    4.1  0.0  0.7  chr1_1447346_Sniffles2.INS.56S0    628   925    (8) + AluY     SINE/Alu           1    296   (15) 1328  
 1495    9.8  0.0 12.3  chr1_1448408_Sniffles2.INS.57S0     34   289    (0) C AluSx    SINE/Alu      (8)    304     77 1329  
   26    0.0  0.0  0.0  chr1_1455216_Sniffles2.INS.5AS0      2    29 (2729) + (A)n      Simple_repeat       1     28    (0) 1330  
   62    2.4  0.0  5.6  chr1_1455216_Sniffles2.INS.5AS0     32   125 (2633) + (TCTCCC)n Simple_repeat       1     89    (0) 1331  
  346    0.0  0.0  4.1  chr1_1455216_Sniffles2.INS.5AS0    126   182 (2576) + SVA_F     Retroposon/SVA      1     49 (1326) 1332 *
 5551   10.7  3.4  4.3  chr1_1455216_Sniffles2.INS.5AS0    170  1303 (1455) + SVA_C     Retroposon/SVA      1    872  (515) 1333  
 1760    8.5  3.2 12.1  chr1_1455216_Sniffles2.INS.5AS0    907  1851  (907) + SVA_F     Retroposon/SVA    387    872  (515) 1333 *
 6758    5.7  1.6  6.0  chr1_1455216_Sniffles2.INS.5AS0   1494  2751    (7) + SVA_E     Retroposon/SVA    422   1382    (0) 1333  
  918    8.9  0.0  0.0  chr1_1477879_Sniffles2.INS.5FS0      2   124   (11) C AluSx    SINE/Alu    (188)    124      2 1334  
  957    5.9  0.0  0.0  chr1_1546874_Sniffles2.INS.7CS0      3   121    (1) + AluSx    SINE/Alu        1    119  (193) 1335  
  633   18.4  1.2  1.0  chr1_1595101_Sniffles2.INS.7FS0      2  1288    (1) + GA-rich  Low_complexity      1   1290    (0) 1336  
  222   19.3  1.1  0.2  chr1_1595118_Sniffles2.INS.5AS0      6   455 (1741) + GA-rich        Low_complexity      1    454    (0) 1337  
  265   20.8  0.0  3.7  chr1_1595118_Sniffles2.INS.5AS0    456   680 (1516) + HERVIP10FH-int LTR/ERV1          782    998 (4104) 1338  
  725   19.2  1.3  0.8  chr1_1595118_Sniffles2.INS.5AS0    682  2195    (1) + GA-rich        Low_complexity      1   1521    (0) 1339  
  175   29.3  1.3  0.9  chr1_1605516_Sniffles2.INS.63S0      3   555    (0) + G-rich   Low_complexity      1    555    (0) 1340  
 2506    6.0  0.0  0.7  chr1_1652073_Sniffles2.INS.61S0     61   361   (63) C AluY     SINE/Alu     (12)    299      1 1341  
  239   26.2  9.5  0.0  chr1_1653024_Sniffles2.INS.62S0     82   165   (15) + L1MA10   LINE/L1      6191   6282   (52) 1342  
  229   16.7  1.4  7.5  chr1_1666657_Sniffles2.INS.67S0      1    37  (360) + AluY     SINE/Alu        8     40   (93) 1343  
  245   20.3  1.5  1.5  chr1_1666657_Sniffles2.INS.67S0     38    81  (316) + AluY     SINE/Alu        1     44  (257) 1344  
  249   18.8  1.5  1.5  chr1_1666657_Sniffles2.INS.67S0     82   125  (272) + AluY     SINE/Alu        1     44  (257) 1345  
  225   20.3  1.5  1.5  chr1_1666657_Sniffles2.INS.67S0    126   169  (228) + AluY     SINE/Alu        1     44  (257) 1346  
  249   18.8  1.5  1.5  chr1_1666657_Sniffles2.INS.67S0    170   213  (184) + AluY     SINE/Alu        1     44  (257) 1347  
  229   18.8  1.5  1.5  chr1_1666657_Sniffles2.INS.67S0    214   257  (140) + AluY     SINE/Alu        1     44  (257) 1348  
  237   17.9  1.3  6.8  chr1_1666657_Sniffles2.INS.67S0    258   301   (96) + AluJb    SINE/Alu        1     40  (262) 1349  
  257   17.9  1.3  6.8  chr1_1666657_Sniffles2.INS.67S0    302   345   (52) + AluJb    SINE/Alu        1     40  (262) 1350  
  259   19.6  0.0  0.0  chr1_1666657_Sniffles2.INS.67S0    346   396    (1) + FLAM_C   SINE/Alu        1     51   (82) 1351  
 2078   12.8  0.3  0.7  chr1_1673979_Sniffles2.INS.62S0      3   308    (1) + AluSx    SINE/Alu        1    305    (7) 1352  
 1220   10.5  0.0  3.3  chr1_1689017_Sniffles2.INS.63S0      1   188  (133) + AluY     SINE/Alu      128    309    (2) 1353  
  790   11.0  5.1  0.0  chr1_1689017_Sniffles2.INS.63S0    201   318    (3) + AluSx    SINE/Alu        1    124  (188) 1354  
 1384    9.9  0.0  1.7  chr1_1726042_Sniffles2.INS.51S0      2   185  (108) C AluY     SINE/Alu    (124)    187      7 1355  
  669   14.9  0.9  0.0  chr1_1726042_Sniffles2.INS.51S0    187   293    (0) C AluSx    SINE/Alu     (16)    296    189 1356  
  354   14.5  1.4  1.4  chr1_1735329_Sniffles2.INS.60S0     32   101 (3719) + L1M3     LINE/L1         5593   5662  (521) 1357  
  848   15.0  0.0  1.4  chr1_1735329_Sniffles2.INS.60S0    264   405 (3415) + AluY     SINE/Alu         162    301   (10) 1358  
   14    4.2  3.7  3.7  chr1_1735329_Sniffles2.INS.60S0    471   497 (3323) + (AAAC)n  Simple_repeat      1     27    (0) 1359  
 1131    9.8  0.7  0.0  chr1_1735329_Sniffles2.INS.60S0   1290  1442 (2378) C AluSx    SINE/Alu       (154)    158      5 1360  
 2483    6.5  0.0  0.0  chr1_1735329_Sniffles2.INS.60S0   1449  1741 (2079) C AluY     SINE/Alu        (14)    297      5 1361  
 1501   15.4  7.5  0.3  chr1_1735329_Sniffles2.INS.60S0   3123  3389  (431) + AluJb    SINE/Alu          15    300   (12) 1362  
  296   26.9  5.6  0.0  chr1_1735329_Sniffles2.INS.60S0   3538  3645  (175) C L1MEg    LINE/L1       (5492)    592    479 1363  
   16   15.8  2.2  4.4  chr1_1740568_Sniffles2.INS.60S0   1071  1116 (8684) + (CCTGGAG)n Simple_repeat         1     45    (0) 1364  
 2141   10.1  0.7  2.7  chr1_1740568_Sniffles2.INS.60S0   1801  2105 (7695) + AluSx      SINE/Alu              1    299   (13) 1365  
 2237    7.7  2.1  0.3  chr1_1740568_Sniffles2.INS.60S0   2107  2393 (7407) + AluSx      SINE/Alu              2    293   (19) 1366  
 1039   14.7  0.0  4.5  chr1_1740568_Sniffles2.INS.60S0   2407  2591 (7209) + AluJb      SINE/Alu            135    311    (1) 1367  
 1209   10.4  0.0  0.0  chr1_1740568_Sniffles2.INS.60S0   3059  3221 (6579) C AluSx      SINE/Alu           (14)    298    136 1368  
 1911   10.4  0.0  3.1  chr1_1740568_Sniffles2.INS.60S0   3446  3714 (6086) C AluY       SINE/Alu            (2)    309     49 1369  
 1657   15.2  1.6  6.6  chr1_1740568_Sniffles2.INS.60S0   3715  3912 (5888) C AluSx      SINE/Alu           (14)    298    117 1370  
 2395    8.2  0.0  1.3  chr1_1740568_Sniffles2.INS.60S0   3913  4220 (5580) + AluY       SINE/Alu              6    309    (2) 1371  
 1657   15.2  1.6  6.6  chr1_1740568_Sniffles2.INS.60S0   4221  4333 (5467) C AluSx      SINE/Alu          (196)    116      2 1370  
 2093   12.0  2.3  0.0  chr1_1740568_Sniffles2.INS.60S0   4973  5271 (4529) + AluSx      SINE/Alu              1    306    (6) 1372  
  837   24.1 15.1  6.4  chr1_1740568_Sniffles2.INS.60S0   5304  6051 (3749) C MER21C     LTR/ERVL           (17)    921      8 1373  
  363   15.2  0.0  0.0  chr1_1740568_Sniffles2.INS.60S0   6151  6209 (3591) + FLAM_C     SINE/Alu              9     67   (66) 1374  
  432   24.8  5.0  1.6  chr1_1740568_Sniffles2.INS.60S0   6385  6593 (3207) C Tigger5b   DNA/TcMar-Tigger  (141)    225      6 1375  
 2491    8.5  0.0  0.0  chr1_1740568_Sniffles2.INS.60S0   6671  6977 (2823) + AluY       SINE/Alu              1    307    (4) 1376  
 2256    9.8  0.3  1.0  chr1_1740568_Sniffles2.INS.60S0   6990  7287 (2513) + AluSx      SINE/Alu              4    299   (13) 1377  
 1691   16.2  4.3  1.9  chr1_1740568_Sniffles2.INS.60S0   7305  7606 (2194) + AluJb      SINE/Alu              3    311    (1) 1378  
   14    3.3  9.1  2.9  chr1_1740568_Sniffles2.INS.60S0   7647  7679 (2121) + (CAGTG)n   Simple_repeat         1     35    (0) 1379  
  404   26.1  3.0  3.6  chr1_1740568_Sniffles2.INS.60S0   7696  7862 (1938) + L1MC4a     LINE/L1            6123   6288 (1594) 1380  
 1742    9.3  8.9  0.4  chr1_1740568_Sniffles2.INS.60S0   7993  8239 (1561) + AluSx      SINE/Alu             28    295   (17) 1381  
 2344    9.7  0.0  0.0  chr1_1740568_Sniffles2.INS.60S0   8240  8550 (1250) + AluY       SINE/Alu              1    311    (0) 1382  
   16   17.5  0.0  3.0  chr1_1740568_Sniffles2.INS.60S0   8645  8678 (1122) + (AC)n      Simple_repeat         1     33    (0) 1383  
  368   21.2  1.3 24.4  chr1_1740568_Sniffles2.INS.60S0   8691  8756 (1044) + L1MC4a     LINE/L1            6713   6810 (1232) 1380  
 1739   15.1  0.0  7.0  chr1_1740568_Sniffles2.INS.60S0   8757  8914  (886) + AluSx      SINE/Alu              1    139  (173) 1384  
 2149    8.4  2.8  1.4  chr1_1740568_Sniffles2.INS.60S0   8915  9205  (595) + AluSx      SINE/Alu              2    296   (16) 1385  
 1739   15.1  0.0  7.0  chr1_1740568_Sniffles2.INS.60S0   9206  9380  (420) + AluSx      SINE/Alu            141    312    (0) 1384  
  368   22.0  3.1 20.4  chr1_1740568_Sniffles2.INS.60S0   9381  9493  (307) + L1MC4a     LINE/L1            6812   6901 (1141) 1380  
  225   31.3 13.9  0.4  chr1_1740568_Sniffles2.INS.60S0   9550  9764   (36) + L1MC4a     LINE/L1            6998   7241  (801) 1380  
 1987   12.9  0.0  2.6  chr1_1747223_Sniffles2.INS.64S0     48   358  (665) + AluSx    SINE/Alu        1    303    (9) 1386  
  964   16.7  0.6  0.6  chr1_1747223_Sniffles2.INS.64S0    589   751  (272) + FRAM     SINE/Alu        4    166    (0) 1387  
 2023    8.5  0.0  1.2  chr1_1747223_Sniffles2.INS.64S0    761  1021    (2) + AluY     SINE/Alu        1    258   (53) 1388  
   16    4.7  0.0  4.3  chr1_1749605_Sniffles2.INS.5FS0     19    42    (9) + (TG)n    Simple_repeat      1     23    (0) 1389  
 2823    1.3  0.0  0.0  chr1_1885905_Sniffles2.INS.66S0     15   319    (0) + AluY     SINE/Alu        1    305    (6) 1390  
  800   13.3  0.8  0.0  chr1_1889055_Sniffles2.INS.7AS0     18   145 (4287) + AluSx    SINE/Alu          184    312    (0) 1391  
   18   11.6  0.0  7.5  chr1_1889055_Sniffles2.INS.7AS0    357   399 (4033) + (GCC)n   Simple_repeat       1     40    (0) 1392  
 2566   12.1  6.1  3.9  chr1_1889055_Sniffles2.INS.7AS0    425  1115 (3317) + SVA_B    Retroposon/SVA    269    870  (517) 1393  
 1967    9.3  1.1 11.6  chr1_1889055_Sniffles2.INS.7AS0    708  1594 (2838) + SVA_A    Retroposon/SVA    420    870  (517) 1393 *
 1621    6.9  0.9 12.1  chr1_1889055_Sniffles2.INS.7AS0   1182  2206 (2226) + SVA_E    Retroposon/SVA    421    862  (520) 1393 *
 2043    7.2  1.4  9.9  chr1_1889055_Sniffles2.INS.7AS0   1819  2612 (1820) + SVA_F    Retroposon/SVA    421    872  (515) 1393  
 1831    6.9  1.6 11.1  chr1_1889055_Sniffles2.INS.7AS0   2225  3293 (1139) + SVA_E    Retroposon/SVA    421    864  (518) 1393 *
 6888    3.8  0.3  6.2  chr1_1889055_Sniffles2.INS.7AS0   2984  3993  (439) + SVA_F    Retroposon/SVA    422   1375    (0) 1393  
 2151   11.4  0.7  0.7  chr1_1889055_Sniffles2.INS.7AS0   4018  4318  (114) + AluSx    SINE/Alu            1    301   (11) 1394  
   29    0.0  0.0  0.0  chr1_1889055_Sniffles2.INS.7AS0   4401  4432    (0) + (A)n     Simple_repeat       1     32    (0) 1395  
  202   28.9  6.3  2.6  chr1_1929384_Sniffles2.INS.66S0     25  1038    (4) + GA-rich  Low_complexity      1   1051    (0) 1396  
   72   22.3  1.0  4.6  chr1_1948942_Sniffles2.INS.71S0      5   207    (0) + (TCCC)n  Simple_repeat      1    196    (0) 1397  
  239   17.4  4.0  8.3  chr1_1971121_Sniffles2.INS.84S0     19    93  (132) C HSAT5v1   Satellite      (618)   5280   5209 1398  
   15   26.6  0.0  3.8  chr1_1971121_Sniffles2.INS.84S0     97   151   (74) + (ACACAT)n Simple_repeat      1     53    (0) 1399  
  234   20.1  0.0  6.7  chr1_1971121_Sniffles2.INS.84S0    157   220    (5) C HSAT5v1   Satellite      (616)   5282   5223 1400  
   17   19.3  6.4  5.1  chr1_1981765_Sniffles2.INS.62S0     24   101  (325) + (ACAG)n  Simple_repeat      1     79    (0) 1401  
  778   14.0  0.0  7.8  chr1_1993704_Sniffles2.INS.69S0      2   140    (6) + FLAM_C   SINE/Alu        5    133    (0) 1402  
   85   18.4  2.6  3.5  chr1_2019221_Sniffles2.INS.6AS0      2   216    (0) + G-rich   Low_complexity      1    212    (0) 1403  
   18   23.3  0.0  0.0  chr1_2121811_Sniffles2.INS.70S0     25    69   (11) + (GGT)n   Simple_repeat      1     45    (0) 1404  
   28   27.5  3.1  0.0  chr1_2121833_Sniffles2.INS.87S0     22   117  (487) + (GGT)n   Simple_repeat      1     99    (0) 1405  
  662   38.0  2.8  0.8  chr1_2121832_Sniffles2.INS.77S0   1564  5187    (4) + (TGGTTA)n Simple_repeat      1   3694    (0) 1406  
   14   22.7  2.4  0.0  chr1_2123529_Sniffles2.INS.78S0    195   235  (382) + (GGT)n   Simple_repeat      1     42    (0) 1407  
   13   28.7  0.0  0.0  chr1_2123529_Sniffles2.INS.78S0    333   374  (243) + (TGG)n   Simple_repeat      1     42    (0) 1408  
   23   31.0  4.1  2.4  chr1_2147719_Sniffles2.INS.6DS0     14   134    (0) + (CTAT)n  Simple_repeat      1    123    (0) 1409  
  508    6.1  0.0  0.0  chr1_2212074_Sniffles2.INS.58S0      1    66  (392) C AluY     SINE/Alu    (181)    130     65 1410  
 1437   11.6  0.0  0.5  chr1_2212074_Sniffles2.INS.58S0     67   266  (192) C AluSx    SINE/Alu    (113)    199      1 1411  
 1537    5.1  0.0  0.0  chr1_2212074_Sniffles2.INS.58S0    283   457    (1) C AluY     SINE/Alu      (7)    304    130 1412  
   15   31.1  1.6  0.0  chr1_2309756_Sniffles2.INS.6ES0     17    79    (0) + (CCCCAC)n Simple_repeat      1     64    (0) 1413  
 1248   15.8  0.4  6.5  chr1_2325121_Sniffles2.INS.7CS0      3  2850    (2) + (CCCT)n  Simple_repeat      1   2684    (0) 1414  
  305   13.7  0.0  7.4  chr1_2325121_Sniffles2.INS.89S0      1   670    (1) + (CCCT)n  Simple_repeat      1    624    (0) 1415  
 1569    9.3  0.6  6.0  chr1_2325125_Sniffles2.INS.91S0      1  3461   (16) + (TCCT)n  Simple_repeat      1   3283    (0) 1416  
 2678   11.5  0.6  6.2  chr1_2325136_Sniffles2.INS.69S0      1  7466    (0) + (CTTC)n  Simple_repeat      1   7070    (0) 1417  
 2370    9.0  0.1  6.3  chr1_2325140_Sniffles2.INS.6CS0     10  5023    (0) + (CCTT)n  Simple_repeat      1   4724    (0) 1418  
 1865    8.1  0.7  5.9  chr1_2325140_Sniffles2.INS.73S0     10  3763    (0) + (CCTT)n  Simple_repeat      1   3568    (0) 1419  
 2355    9.6  0.2  7.3  chr1_2325140_Sniffles2.INS.7DS0     12  5774    (0) + (CCTT)n  Simple_repeat      1   5383    (0) 1420  
 1013    6.1  0.4  6.1  chr1_2325140_Sniffles2.INS.90S0      2  1726    (0) + (CCTT)n  Simple_repeat      1   1633    (0) 1421  
 4171    8.8  0.5  6.3  chr1_2325140_Sniffles2.INS.95S0      8  9031    (0) + (CCTT)n  Simple_repeat      1   8527    (0) 1422  
 1040    7.6  0.0  7.3  chr1_2325140_Sniffles2.INS.AES0      8  2122    (0) + (CCTT)n  Simple_repeat      1   1971    (0) 1423  
 2827    9.4  0.4  7.2  chr1_2325146_Sniffles2.INS.8DS0     16  6940    (0) + (CCTT)n  Simple_repeat      1   6483    (0) 1424  
 3476   10.5  1.6  6.5  chr1_2325140_Sniffles2.INS.89S0      4 10201    (0) + (CCTT)n  Simple_repeat      1   9723    (0) 1425  
 1700    0.0  0.0  0.0  chr1_2335828_Sniffles2.INS.87S0      2  1441    (0) + (AGCCC)n Simple_repeat      1   1440    (0) 1426  
 2718    0.0  0.0  0.2  chr1_2335828_Sniffles2.INS.91S0      2  2320    (0) + (AGCCC)n Simple_repeat      1   2315    (0) 1427  
   62    0.0  0.0  0.0  chr1_2335848_Sniffles2.INS.7CS0      1    56    (1) + (CAGCC)n Simple_repeat      1     56    (0) 1428  
  188    8.0  6.2  2.2  chr1_2401341_Sniffles2.INS.75S0      2   355    (0) + (CTCCCTC)n Simple_repeat      1    368    (0) 1429  
   72   18.4  4.6  0.6  chr1_2436350_Sniffles2.INS.9BS0      6   178    (9) + (CTCC)n  Simple_repeat      1    180    (0) 1430  
  491   13.0  0.0  0.4  chr1_2648576_Sniffles2.INS.7AS0      2   292 (6793) + ghimalia Unknown         1     80    (0) 1431  
  377   14.5  0.0  0.0  chr1_2648576_Sniffles2.INS.7AS0    265   333 (6752) + ghimalia Unknown         1     69   (11) 1431 *
  439   11.6  0.9  0.0  chr1_2648576_Sniffles2.INS.7AS0    305   416 (6669) + ghimalia Unknown         1     80    (0) 1432 *
  441   11.4  1.8  0.8  chr1_2648576_Sniffles2.INS.7AS0    385   575 (6510) + ghimalia Unknown         1     80    (0) 1433 *
  592   10.4  0.1  0.7  chr1_2648576_Sniffles2.INS.7AS0    542  1252 (5833) + ghimalia Unknown         1     80    (0) 1434  
  568    8.1  0.2  0.6  chr1_2648576_Sniffles2.INS.7AS0   1225  1425 (5660) + ghimalia Unknown         1     80    (0) 1435 *
  588    4.6  0.0  1.9  chr1_2648576_Sniffles2.INS.7AS0   1395  1579 (5506) + ghimalia Unknown         1     80    (0) 1436  
  567   10.5  0.9  0.2  chr1_2648576_Sniffles2.INS.7AS0   1548  1822 (5263) + ghimalia Unknown         1     80    (0) 1437 *
  358   18.1  1.4  0.0  chr1_2648576_Sniffles2.INS.7AS0   1789  1860 (5225) + ghimalia Unknown         3     75    (5) 1438 *
  582    8.9  1.4  2.2  chr1_2648576_Sniffles2.INS.7AS0   1827  2376 (4709) + ghimalia Unknown         1     80    (0) 1439  
  587    9.7  0.3  0.9  chr1_2648576_Sniffles2.INS.7AS0   2394  2992 (4093) + ghimalia Unknown         1     80    (0) 1440  
  569    4.1  0.0  0.0  chr1_2648576_Sniffles2.INS.7AS0   2959  3066 (4019) + ghimalia Unknown         1     80    (0) 1441 *
  554   10.5  0.7  0.7  chr1_2648576_Sniffles2.INS.7AS0   3037  3984 (3101) + ghimalia Unknown         1     80    (0) 1442 *
  589    8.6  0.5  0.8  chr1_2648576_Sniffles2.INS.7AS0   3959  4960 (2125) + ghimalia Unknown         1     80    (0) 1443  
  292   17.2  1.6  0.0  chr1_2648576_Sniffles2.INS.7AS0   4929  4992 (2093) + ghimalia Unknown         8     72    (8) 1444 *
  253   15.0  8.2  1.5  chr1_2648576_Sniffles2.INS.7AS0   5114  5174 (1911) + ghimalia Unknown         1     65   (15) 1445  
  493   13.8  0.8  0.6  chr1_2648576_Sniffles2.INS.7AS0   5191  5495 (1590) + ghimalia Unknown         1     80    (0) 1446 *
  589    7.5  0.0  0.5  chr1_2648576_Sniffles2.INS.7AS0   5467  6145  (940) + ghimalia Unknown         1     80    (0) 1447  
  552   11.3  1.0  1.2  chr1_2648576_Sniffles2.INS.7AS0   6114  6979  (106) + ghimalia Unknown         1     80    (0) 1448 *
  375   15.9  0.0  0.0  chr1_2648576_Sniffles2.INS.7AS0   6952  7020   (65) + ghimalia Unknown         1     69   (11) 1448 *
  441   13.3  0.0  0.0  chr1_2648576_Sniffles2.INS.7AS0   6992  7085    (0) + ghimalia Unknown         1     80    (0) 1449  
  571   11.1  1.0  0.6  chr1_2648577_Sniffles2.INS.7BS0      1   426 (11627) + ghimalia Unknown         1     80    (0) 1450  
  539   10.4  0.3  0.8  chr1_2648577_Sniffles2.INS.7BS0    431   622 (11431) + ghimalia Unknown         1     80    (0) 1451  
  449    9.7  4.2  0.0  chr1_2648577_Sniffles2.INS.7BS0    627   765 (11288) + ghimalia Unknown         1     80    (0) 1452  
  357   12.1  3.0  0.0  chr1_2648577_Sniffles2.INS.7BS0    737   802 (11251) + ghimalia Unknown         1     68   (12) 1452 *
  377   14.5  0.0  0.0  chr1_2648577_Sniffles2.INS.7BS0    775   843 (11210) + ghimalia Unknown         1     69   (11) 1452 *
  478   12.6  0.0  0.4  chr1_2648577_Sniffles2.INS.7BS0    815  1091 (10962) + ghimalia Unknown         1     80    (0) 1453 *
  615   10.2  0.4  1.0  chr1_2648577_Sniffles2.INS.7BS0   1058  1766 (10287) + ghimalia Unknown         1     80    (0) 1454  
  568    7.3  1.0  1.1  chr1_2648577_Sniffles2.INS.7BS0   1738  1938 (10115) + ghimalia Unknown         1     80    (0) 1455 *
  500    6.6  0.4  3.1  chr1_2648577_Sniffles2.INS.7BS0   1907  2094  (9959) + ghimalia Unknown         1     80    (0) 1456 *
  514   11.5  0.8  0.2  chr1_2648577_Sniffles2.INS.7BS0   2061  2334  (9719) + ghimalia Unknown         1     80    (0) 1457  
  584   10.2  0.7  0.8  chr1_2648577_Sniffles2.INS.7BS0   2339  2921  (9132) + ghimalia Unknown         1     80    (0) 1458  
  575    9.6  1.6  0.8  chr1_2648577_Sniffles2.INS.7BS0   2893  3447  (8606) + ghimalia Unknown         1     80    (0) 1459 *
  567   12.1  0.8  0.4  chr1_2648577_Sniffles2.INS.7BS0   3450  4075  (7978) + ghimalia Unknown         1     80    (0) 1460  
  615   10.2  0.8  1.5  chr1_2648577_Sniffles2.INS.7BS0   4088  4474  (7579) + ghimalia Unknown         1     80    (0) 1461  
  589    8.7  0.6  1.4  chr1_2648577_Sniffles2.INS.7BS0   4449  5490  (6563) + ghimalia Unknown         1     80    (0) 1462 *
  376   16.3  0.0  2.5  chr1_2648577_Sniffles2.INS.7BS0   5495  5576  (6477) + ghimalia Unknown         1     80    (0) 1463  
  539   10.4  2.9  0.6  chr1_2648577_Sniffles2.INS.7BS0   5581  5728  (6325) + ghimalia Unknown         1     80    (0) 1464  
  518   12.1  0.0  0.0  chr1_2648577_Sniffles2.INS.7BS0   5706  5956  (6097) + ghimalia Unknown         1     80    (0) 1465 *
  377   14.5  0.0  0.0  chr1_2648577_Sniffles2.INS.7BS0   5929  5997  (6056) + ghimalia Unknown         1     69   (11) 1465 *
  445   10.7  0.9  0.0  chr1_2648577_Sniffles2.INS.7BS0   5969  6080  (5973) + ghimalia Unknown         1     80    (0) 1466  
  398   12.2  1.6  0.1  chr1_2648577_Sniffles2.INS.7BS0   6052  6242  (5811) + ghimalia Unknown         1     80    (0) 1467 *
  592    6.4  0.0  0.3  chr1_2648577_Sniffles2.INS.7BS0   6209  6362  (5691) + ghimalia Unknown         1     80    (0) 1468  
  578   11.2  0.5  0.3  chr1_2648577_Sniffles2.INS.7BS0   6331  6913  (5140) + ghimalia Unknown         1     80    (0) 1469 *
  575   10.7  0.4  1.3  chr1_2648577_Sniffles2.INS.7BS0   6886  7086  (4967) + ghimalia Unknown         1     80    (0) 1470 *
  594    4.8  0.9  0.9  chr1_2648577_Sniffles2.INS.7BS0   7056  7238  (4815) + ghimalia Unknown         1     80    (0) 1471  
  471   11.0  2.7  0.0  chr1_2648577_Sniffles2.INS.7BS0   7207  7351  (4702) + ghimalia Unknown         1     79    (1) 1472 *
  544   10.7  1.9  0.0  chr1_2648577_Sniffles2.INS.7BS0   7319  7471  (4582) + ghimalia Unknown         1     80    (0) 1473 *
  545    9.5  0.6  0.0  chr1_2648577_Sniffles2.INS.7BS0   7438  7594  (4459) + ghimalia Unknown         1     80    (0) 1474  
  615    9.6  0.6  0.5  chr1_2648577_Sniffles2.INS.7BS0   7596  8062  (3991) + ghimalia Unknown         1     80    (0) 1475  
  605    9.3  0.6  1.0  chr1_2648577_Sniffles2.INS.7BS0   8039 10159  (1894) + ghimalia Unknown         1     80    (0) 1476 *
  529   11.7  0.3  0.7  chr1_2648577_Sniffles2.INS.7BS0  10166 10550  (1503) + ghimalia Unknown         1     80    (0) 1477  
  377   14.5  0.0  0.0  chr1_2648577_Sniffles2.INS.7BS0  10523 10591  (1462) + ghimalia Unknown         1     69   (11) 1477 *
  478   12.9  0.0  1.1  chr1_2648577_Sniffles2.INS.7BS0  10563 10841  (1212) + ghimalia Unknown         1     80    (0) 1478 *
  615   10.0  0.3  0.8  chr1_2648577_Sniffles2.INS.7BS0  10808 11282   (771) + ghimalia Unknown         1     80    (0) 1479  
  524    9.7  1.2  0.2  chr1_2648577_Sniffles2.INS.7BS0  11250 11513   (540) + ghimalia Unknown         1     80    (0) 1480 *
  570    7.2  0.0  0.5  chr1_2648577_Sniffles2.INS.7BS0  11486 11686   (367) + ghimalia Unknown         1     80    (0) 1481  
  524   13.1  0.9  0.9  chr1_2648577_Sniffles2.INS.7BS0  11656 12000    (53) + ghimalia Unknown         1     80    (0) 1482 *
  497   12.4  0.0  0.0  chr1_2648579_Sniffles2.INS.87S0      2   200 (3063) + ghimalia Unknown         1     80    (0) 1483  
  377   14.5  0.0  0.0  chr1_2648579_Sniffles2.INS.87S0    173   241 (3022) + ghimalia Unknown         1     69   (11) 1483 *
  481   10.6  0.0  0.0  chr1_2648579_Sniffles2.INS.87S0    213   325 (2938) + ghimalia Unknown         1     80    (0) 1484  
  414   12.2  0.0  1.1  chr1_2648579_Sniffles2.INS.87S0    324   477 (2786) + ghimalia Unknown         1     80    (0) 1485 *
  615   10.8  0.0  0.3  chr1_2648579_Sniffles2.INS.87S0    444  1152 (2111) + ghimalia Unknown         1     80    (0) 1486  
  594    6.5  0.7  0.8  chr1_2648579_Sniffles2.INS.87S0   1125  1472 (1791) + ghimalia Unknown         1     80    (0) 1487 *
  605   10.1  0.0  0.4  chr1_2648579_Sniffles2.INS.87S0   1444  1720 (1543) + ghimalia Unknown         1     80    (0) 1488 *
  615    9.2  0.1  0.3  chr1_2648579_Sniffles2.INS.87S0   1687  2315  (948) + ghimalia Unknown         1     80    (0) 1489  
  606    9.0  0.0  0.3  chr1_2648579_Sniffles2.INS.87S0   2287  2885  (378) + ghimalia Unknown         1     80    (0) 1490 *
  548    9.8  0.4  1.2  chr1_2648579_Sniffles2.INS.87S0   2852  3208   (55) + ghimalia Unknown         1     80    (0) 1491 *
  461   13.5  0.0  0.0  chr1_2648579_Sniffles2.INS.87S0   3175  3262    (1) + ghimalia Unknown         1     80    (0) 1492 *
  540    8.3  0.0  1.3  chr1_2648586_Sniffles2.INS.9AS0      2   321 (13107) + ghimalia Unknown         1     80    (0) 1493 *
  606    6.9  0.2  0.0  chr1_2648586_Sniffles2.INS.9AS0    290   473 (12955) + ghimalia Unknown         1     80    (0) 1494  
  266   14.7  6.7  0.0  chr1_2648586_Sniffles2.INS.9AS0    446   520 (12908) + ghimalia Unknown         1     80    (0) 1495 *
  523    9.5  0.5  0.0  chr1_2648586_Sniffles2.INS.9AS0    487   628 (12800) + ghimalia Unknown         1     80    (0) 1496  
  474   15.9  0.5  0.0  chr1_2648586_Sniffles2.INS.9AS0    601   917 (12511) + ghimalia Unknown         1     80    (0) 1497 *
  567    9.8  1.1  0.7  chr1_2648586_Sniffles2.INS.9AS0    888  1709 (11719) + ghimalia Unknown         1     80    (0) 1498 *
  573    8.5  1.3  1.2  chr1_2648586_Sniffles2.INS.9AS0   1682  2191 (11237) + ghimalia Unknown         1     80    (0) 1499  
  317   14.3  1.4  1.4  chr1_2648586_Sniffles2.INS.9AS0   2193  2263 (11165) + ghimalia Unknown         6     76    (4) 1500 *
  605    8.4  1.3  0.9  chr1_2648586_Sniffles2.INS.9AS0   2230  3063 (10365) + ghimalia Unknown         1     80    (0) 1501  
  414   11.6  3.2  1.4  chr1_2648586_Sniffles2.INS.9AS0   3031  3140 (10288) + ghimalia Unknown         4     80    (0) 1502 *
  604    6.9  2.1  0.0  chr1_2648586_Sniffles2.INS.9AS0   3107  3296 (10132) + ghimalia Unknown         1     80    (0) 1503  
  522    8.0  0.8  0.0  chr1_2648586_Sniffles2.INS.9AS0   3264  3372 (10056) + ghimalia Unknown         1     80    (0) 1504 *
  389   10.2  1.2  6.2  chr1_2648586_Sniffles2.INS.9AS0   3378  3461  (9967) + ghimalia Unknown         1     80    (0) 1505  
  460   11.6  1.3  0.5  chr1_2648586_Sniffles2.INS.9AS0   3464  3688  (9740) + ghimalia Unknown         1     80    (0) 1506  
  421   12.7  1.2  3.6  chr1_2648586_Sniffles2.INS.9AS0   3660  3774  (9654) + ghimalia Unknown         1     80    (0) 1507 *
  331   18.0  4.4  0.0  chr1_2648586_Sniffles2.INS.9AS0   3744  3854  (9574) + ghimalia Unknown         1     80    (0) 1508 *
  288   17.9  0.0  3.0  chr1_2648586_Sniffles2.INS.9AS0   3831  3899  (9529) + ghimalia Unknown        14     80    (0) 1508 *
  416    7.6  3.0  0.0  chr1_2648586_Sniffles2.INS.9AS0   3870  3935  (9493) + ghimalia Unknown        11     78    (2) 1508 *
  577   11.0  0.8  1.1  chr1_2648586_Sniffles2.INS.9AS0   3903  4295  (9133) + ghimalia Unknown         1     80    (0) 1509  
  485   12.2  1.2  0.9  chr1_2648586_Sniffles2.INS.9AS0   4301  4516  (8912) + ghimalia Unknown         1     80    (0) 1510  
  456   13.0  3.0  0.0  chr1_2648586_Sniffles2.INS.9AS0   4496  4629  (8799) + ghimalia Unknown         1     80    (0) 1511 *
  521    9.9  2.1  0.4  chr1_2648586_Sniffles2.INS.9AS0   4609  4845  (8583) + ghimalia Unknown         1     80    (0) 1512  
  510    8.7  0.6  1.1  chr1_2648586_Sniffles2.INS.9AS0   4815  4976  (8452) + ghimalia Unknown         1     80    (0) 1513 *
  584    9.5  0.7  0.5  chr1_2648586_Sniffles2.INS.9AS0   4995  5708  (7720) + ghimalia Unknown         1     80    (0) 1514 *
  614    8.6  0.9  0.2  chr1_2648586_Sniffles2.INS.9AS0   5675  6225  (7203) + ghimalia Unknown         1     80    (0) 1515  
  593   11.3  0.8  0.5  chr1_2648586_Sniffles2.INS.9AS0   6192  7016  (6412) + ghimalia Unknown         1     80    (0) 1516 *
  591    8.2  0.6  1.2  chr1_2648586_Sniffles2.INS.9AS0   6992  7507  (5921) + ghimalia Unknown         1     80    (0) 1517 *
  407   10.2  1.2  6.2  chr1_2648586_Sniffles2.INS.9AS0   7510  7593  (5835) + ghimalia Unknown         1     80    (0) 1518  
  578    6.0  0.5  2.6  chr1_2648586_Sniffles2.INS.9AS0   7600  7886  (5542) + ghimalia Unknown         1     80    (0) 1519  
  472    7.4  1.8  0.5  chr1_2648586_Sniffles2.INS.9AS0   7907  8015  (5413) + ghimalia Unknown         1     80    (0) 1520 *
  498   10.5  1.8  0.8  chr1_2648586_Sniffles2.INS.9AS0   7988  8213  (5215) + ghimalia Unknown         1     80    (0) 1521  
  267   16.4  1.5  1.5  chr1_2648586_Sniffles2.INS.9AS0   8185  8252  (5176) + ghimalia Unknown         1     68   (12) 1521 *
  365   13.8  0.0  0.0  chr1_2648586_Sniffles2.INS.9AS0   8229  8293  (5135) + ghimalia Unknown         5     69   (11) 1521 *
  440   13.9  1.2  0.0  chr1_2648586_Sniffles2.INS.9AS0   8265  8511  (4917) + ghimalia Unknown         1     80    (0) 1522 *
  624    8.2  0.4  0.7  chr1_2648586_Sniffles2.INS.9AS0   8503  8819  (4609) + ghimalia Unknown         1     80    (0) 1523  
  593    9.9  1.2  1.0  chr1_2648586_Sniffles2.INS.9AS0   8786  9892  (3536) + ghimalia Unknown         1     80    (0) 1524 *
  503   13.2  0.7  0.0  chr1_2648586_Sniffles2.INS.9AS0   9867 10172  (3256) + ghimalia Unknown         1     80    (0) 1525 *
  376   13.2  4.8  1.4  chr1_2648586_Sniffles2.INS.9AS0  10144 10248  (3180) + ghimalia Unknown         1     80    (0) 1526 *
  461   10.4  1.2  0.1  chr1_2648586_Sniffles2.INS.9AS0  10224 10407  (3021) + ghimalia Unknown         1     80    (0) 1527 *
  599    7.3  0.4  0.6  chr1_2648586_Sniffles2.INS.9AS0  10379 11082  (2346) + ghimalia Unknown         1     80    (0) 1528  
  507   11.0  1.1  3.2  chr1_2648586_Sniffles2.INS.9AS0  11059 11243  (2185) + ghimalia Unknown         1     80    (0) 1529 *
  565    9.6  0.5  1.0  chr1_2648586_Sniffles2.INS.9AS0  11216 11983  (1445) + ghimalia Unknown         1     80    (0) 1530 *
  567    6.2  1.3  0.0  chr1_2648586_Sniffles2.INS.9AS0  11951 12259  (1169) + ghimalia Unknown         1     80    (0) 1531  
  547    9.4  0.7  0.4  chr1_2648586_Sniffles2.INS.9AS0  12227 12620   (808) + ghimalia Unknown         1     80    (0) 1532 *
  537   10.8  1.0  2.0  chr1_2648586_Sniffles2.INS.9AS0  12624 13420     (8) + ghimalia Unknown         1     80    (0) 1533  
  478    2.9  1.3  2.6  chr1_2649549_Sniffles2.INS.78S0      1    78  (116) + ghimalia Unknown         1     80    (0) 1534  
  472    6.3  6.1  2.8  chr1_2649549_Sniffles2.INS.78S0     48   194    (0) + ghimalia Unknown         1     80    (0) 1535 *
  410    9.4  0.0  0.0  chr1_2649652_Sniffles2.INS.9AS0      7    70 (38459) + ghimalia Unknown         1     64   (16) 1536 *
  471   12.5  1.0 16.4  chr1_2649652_Sniffles2.INS.9AS0     47   327 (38202) + ghimalia Unknown         1     80    (0) 1537  
  464   12.8  3.1  0.0  chr1_2649652_Sniffles2.INS.9AS0    328   441 (38088) + ghimalia Unknown         1     80    (0) 1538  
  278   14.8  0.0  3.3  chr1_2649652_Sniffles2.INS.9AS0    444   506 (38023) + ghimalia Unknown        15     75    (5) 1538  
  505   11.4  2.6  2.7  chr1_2649652_Sniffles2.INS.9AS0    511   750 (37779) + ghimalia Unknown         1     80    (0) 1539  
  293    5.1  0.0  0.0  chr1_2649652_Sniffles2.INS.9AS0    721   759 (37770) + ghimalia Unknown        11     49   (31) 1540 *
  448   13.1  0.0  5.3  chr1_2649652_Sniffles2.INS.9AS0    760  1068 (37461) + ghimalia Unknown         1     80    (0) 1541  
  442   12.0  0.4  0.0  chr1_2649652_Sniffles2.INS.9AS0   1039  1135 (37394) + ghimalia Unknown         1     80    (0) 1542 *
  281   11.9  2.9  1.4  chr1_2649652_Sniffles2.INS.9AS0   1109  1176 (37353) + ghimalia Unknown         1     69   (11) 1542 *
  443   10.5  0.9  0.0  chr1_2649652_Sniffles2.INS.9AS0   1148  1261 (37268) + ghimalia Unknown         1     80    (0) 1543  
  439   14.3  0.2  0.0  chr1_2649652_Sniffles2.INS.9AS0   1228  1420 (37109) + ghimalia Unknown         1     80    (0) 1544 *
  579    6.2  0.6  2.6  chr1_2649652_Sniffles2.INS.9AS0   1389  1669 (36860) + ghimalia Unknown         1     80    (0) 1545  
  487   12.3  0.8  0.6  chr1_2649652_Sniffles2.INS.9AS0   1673  2096 (36433) + ghimalia Unknown         1     80    (0) 1546 *
  506    8.0  0.6  0.6  chr1_2649652_Sniffles2.INS.9AS0   2069  2228 (36301) + ghimalia Unknown         1     80    (0) 1547  
  594    3.7  0.0  1.0  chr1_2649652_Sniffles2.INS.9AS0   2242  2422 (36107) + ghimalia Unknown         1     80    (0) 1548  
  536    9.1  0.6  0.6  chr1_2649652_Sniffles2.INS.9AS0   2433  2666 (35863) + ghimalia Unknown         1     80    (0) 1549 *
  615    9.2  1.5  1.0  chr1_2649652_Sniffles2.INS.9AS0   2634  3255 (35274) + ghimalia Unknown         1     80    (0) 1550  
  588    9.6  0.2  0.3  chr1_2649652_Sniffles2.INS.9AS0   3227  3824 (34705) + ghimalia Unknown         1     80    (0) 1551 *
  535    4.1  0.9  0.0  chr1_2649652_Sniffles2.INS.9AS0   3791  3897 (34632) + ghimalia Unknown         1     80    (0) 1552 *
  578    3.1  1.3  0.9  chr1_2649652_Sniffles2.INS.9AS0   3910  4021 (34508) + ghimalia Unknown         1     80    (0) 1553  
  492   14.9  0.0  0.5  chr1_2649652_Sniffles2.INS.9AS0   4026  4336 (34193) + ghimalia Unknown         1     80    (0) 1554  
  403   11.6  1.9  0.0  chr1_2649652_Sniffles2.INS.9AS0   4309  4416 (34113) + ghimalia Unknown         1     80    (0) 1555 *
  381    2.9  5.6  4.2  chr1_2649652_Sniffles2.INS.9AS0   4392  4462 (34067) + ghimalia Unknown         4     75    (5) 1556 *
  576    3.9  0.9  0.0  chr1_2649652_Sniffles2.INS.9AS0   4431  4536 (33993) + ghimalia Unknown         1     80    (0) 1557  
  516   10.1  0.0  4.6  chr1_2649652_Sniffles2.INS.9AS0   4507  4802 (33727) + ghimalia Unknown         1     80    (0) 1558 *
  571    7.6  0.3  1.1  chr1_2649652_Sniffles2.INS.9AS0   4808  5275 (33254) + ghimalia Unknown         1     80    (0) 1559  
  392   14.9  0.5  0.0  chr1_2649652_Sniffles2.INS.9AS0   5248  5355 (33174) + ghimalia Unknown         1     80    (0) 1560 *
  231    5.9  0.0  0.0  chr1_2649652_Sniffles2.INS.9AS0   5398  5431 (33098) + ghimalia Unknown        36     69   (11) 1561 *
  478   12.6  0.0  0.4  chr1_2649652_Sniffles2.INS.9AS0   5403  5679 (32850) + ghimalia Unknown         1     80    (0) 1562 *
  544    4.2  0.0  0.0  chr1_2649652_Sniffles2.INS.9AS0   5646  5750 (32779) + ghimalia Unknown         1     80    (0) 1563  
  563    4.5  2.7  0.0  chr1_2649652_Sniffles2.INS.9AS0   5773  5882 (32647) + ghimalia Unknown         1     80    (0) 1564  
  541   13.0  0.3  1.5  chr1_2649652_Sniffles2.INS.9AS0   5887  6362 (32167) + ghimalia Unknown         1     80    (0) 1565  
  393   10.8  2.5  0.0  chr1_2649652_Sniffles2.INS.9AS0   6373  6468 (32061) + ghimalia Unknown         1     80    (0) 1566  
  377   14.5  0.0  0.0  chr1_2649652_Sniffles2.INS.9AS0   6441  6509 (32020) + ghimalia Unknown         1     69   (11) 1566 *
  478   13.7  0.0  0.7  chr1_2649652_Sniffles2.INS.9AS0   6481  6758 (31771) + ghimalia Unknown         1     80    (0) 1567 *
  615    4.3  0.0  0.6  chr1_2649652_Sniffles2.INS.9AS0   6725  6959 (31570) + ghimalia Unknown         1     80    (0) 1568  
  541   14.0  0.3  0.5  chr1_2649652_Sniffles2.INS.9AS0   6964  7433 (31096) + ghimalia Unknown         1     80    (0) 1569 *
  568    8.7  0.6  2.2  chr1_2649652_Sniffles2.INS.9AS0   7410  7650 (30879) + ghimalia Unknown         1     80    (0) 1570 *
  594    4.6  0.7  1.1  chr1_2649652_Sniffles2.INS.9AS0   7621  7762 (30767) + ghimalia Unknown         1     80    (0) 1571  
  545   10.7  0.1  0.7  chr1_2649652_Sniffles2.INS.9AS0   7732  8008 (30521) + ghimalia Unknown         1     80    (0) 1572 *
  580    9.3  0.9  1.1  chr1_2649652_Sniffles2.INS.9AS0   7975  8606 (29923) + ghimalia Unknown         1     80    (0) 1573  
  558    9.3  0.4  1.2  chr1_2649652_Sniffles2.INS.9AS0   8578  9172 (29357) + ghimalia Unknown         1     80    (0) 1574 *
  615    9.4  0.3  0.6  chr1_2649652_Sniffles2.INS.9AS0   9142  9570 (28959) + ghimalia Unknown         1     80    (0) 1575  
  492   13.9  1.4  5.5  chr1_2649652_Sniffles2.INS.9AS0   9542  9740 (28789) + ghimalia Unknown         1     80    (0) 1576 *
  615    8.4  2.9  2.0  chr1_2649652_Sniffles2.INS.9AS0   9711 10306 (28223) + ghimalia Unknown         1     80    (0) 1577  
  507    6.1  1.0  2.0  chr1_2649652_Sniffles2.INS.9AS0  10275 10419 (28110) + ghimalia Unknown         1     77    (3) 1578 *
  571    9.4  0.3  2.3  chr1_2649652_Sniffles2.INS.9AS0  10392 10581 (27948) + ghimalia Unknown         1     80    (0) 1579  
  416   17.0  0.0  1.8  chr1_2649652_Sniffles2.INS.9AS0  10559 10672 (27857) + ghimalia Unknown         1     80    (0) 1580 *
  372   15.4  0.5  0.0  chr1_2649652_Sniffles2.INS.9AS0  10639 10744 (27785) + ghimalia Unknown         1     80    (0) 1581 *
  377   14.5  0.0  0.0  chr1_2649652_Sniffles2.INS.9AS0  10717 10785 (27744) + ghimalia Unknown         1     69   (11) 1581 *
  439   13.6  0.0  1.0  chr1_2649652_Sniffles2.INS.9AS0  10757 10910 (27619) + ghimalia Unknown         1     80    (0) 1582  
  439   11.8  1.2  0.0  chr1_2649652_Sniffles2.INS.9AS0  10878 11029 (27500) + ghimalia Unknown         1     80    (0) 1583 *
  615   10.9  0.4  1.8  chr1_2649652_Sniffles2.INS.9AS0  10996 11642 (26887) + ghimalia Unknown         1     80    (0) 1584  
  498    8.6  0.0  0.4  chr1_2649652_Sniffles2.INS.9AS0  11612 11711 (26818) + ghimalia Unknown         1     80    (0) 1585 *
  287   12.1  9.1  0.0  chr1_2649652_Sniffles2.INS.9AS0  11726 11791 (26738) + ghimalia Unknown         1     72    (8) 1586 *
  540    8.5  2.7  0.2  chr1_2649652_Sniffles2.INS.9AS0  11760 12068 (26461) + ghimalia Unknown         1     80    (0) 1587  
  522    8.1  2.1  1.9  chr1_2649652_Sniffles2.INS.9AS0  12035 12310 (26219) + ghimalia Unknown         1     80    (0) 1588 *
  571   12.5  0.5  4.0  chr1_2649652_Sniffles2.INS.9AS0  12278 12674 (25855) + ghimalia Unknown         1     80    (0) 1589  
  377   14.5  0.0  0.0  chr1_2649652_Sniffles2.INS.9AS0  12647 12715 (25814) + ghimalia Unknown         1     69   (11) 1589 *
  478   12.7  0.0  0.4  chr1_2649652_Sniffles2.INS.9AS0  12687 12963 (25566) + ghimalia Unknown         1     80    (0) 1590 *
  615   11.5  0.2  0.5  chr1_2649652_Sniffles2.INS.9AS0  12930 13528 (25001) + ghimalia Unknown         1     80    (0) 1591  
  541    8.1  0.0  0.0  chr1_2649652_Sniffles2.INS.9AS0  13530 13634 (24895) + ghimalia Unknown         1     80    (0) 1592  
  520    8.3  0.0  0.0  chr1_2649652_Sniffles2.INS.9AS0  13607 13746 (24783) + ghimalia Unknown         1     80    (0) 1593 *
  519    4.9  0.8  2.9  chr1_2649652_Sniffles2.INS.9AS0  13775 13958 (24571) + ghimalia Unknown         1     80    (0) 1594 *
  564   10.7  1.3  0.0  chr1_2649652_Sniffles2.INS.9AS0  13927 14198 (24331) + ghimalia Unknown         1     80    (0) 1595 *
  615    8.3  0.1  1.5  chr1_2649652_Sniffles2.INS.9AS0  14165 14718 (23811) + ghimalia Unknown         1     80    (0) 1596  
  320   13.7  1.5  3.0  chr1_2649652_Sniffles2.INS.9AS0  14731 14798 (23731) + ghimalia Unknown         3     69   (11) 1596 *
  594    8.6  0.9  0.6  chr1_2649652_Sniffles2.INS.9AS0  14770 15365 (23164) + ghimalia Unknown         1     80    (0) 1597  
  466    9.7  0.0  0.0  chr1_2649652_Sniffles2.INS.9AS0  15332 15403 (23126) + ghimalia Unknown         3     74    (6) 1598 *
  585   11.5  0.4  0.9  chr1_2649652_Sniffles2.INS.9AS0  15370 15928 (22601) + ghimalia Unknown         1     80    (0) 1599  
  326   13.8  0.0  0.0  chr1_2649652_Sniffles2.INS.9AS0  15929 15986 (22543) + ghimalia Unknown        12     69   (11) 1599 *
  332   14.7  2.3  1.9  chr1_2649652_Sniffles2.INS.9AS0  15958 16068 (22461) + ghimalia Unknown         1     79    (1) 1600 *
  400   12.3  2.2  1.7  chr1_2649652_Sniffles2.INS.9AS0  16042 16156 (22373) + ghimalia Unknown         1     80    (0) 1601  
  308   18.5  0.0  6.2  chr1_2649652_Sniffles2.INS.9AS0  16127 16195 (22334) + ghimalia Unknown        11     75    (5) 1601 *
  401   14.6  2.0  2.0  chr1_2649652_Sniffles2.INS.9AS0  16203 16305 (22224) + ghimalia Unknown         4     80    (0) 1602  
  286   12.6  4.2  4.2  chr1_2649652_Sniffles2.INS.9AS0  16280 16387 (22142) + ghimalia Unknown         1     80    (0) 1603 *
  431   14.0  1.0  1.0  chr1_2649652_Sniffles2.INS.9AS0  16400 16639 (21890) + ghimalia Unknown         1     80    (0) 1604  
  522   10.2  0.7  2.5  chr1_2649652_Sniffles2.INS.9AS0  16643 17048 (21481) + ghimalia Unknown         1     80    (0) 1605  
  495   14.6  0.6  1.7  chr1_2649652_Sniffles2.INS.9AS0  17053 17278 (21251) + ghimalia Unknown         1     80    (0) 1606  
  423   11.3  0.5  1.9  chr1_2649652_Sniffles2.INS.9AS0  17255 17360 (21169) + ghimalia Unknown         1     80    (0) 1607 *
  492    9.4  0.6  6.1  chr1_2649652_Sniffles2.INS.9AS0  17333 17571 (20958) + ghimalia Unknown         1     80    (0) 1608 *
  591    4.6  2.5  6.3  chr1_2649652_Sniffles2.INS.9AS0  17540 17690 (20839) + ghimalia Unknown         1     80    (0) 1609  
  451   12.8  2.7  1.2  chr1_2649652_Sniffles2.INS.9AS0  17668 17857 (20672) + ghimalia Unknown         1     80    (0) 1610 *
  394   12.7  2.5  6.9  chr1_2649652_Sniffles2.INS.9AS0  17824 17941 (20588) + ghimalia Unknown         1     79    (1) 1611 *
  268   12.7  4.5  6.1  chr1_2649652_Sniffles2.INS.9AS0  17910 17976 (20553) + ghimalia Unknown         3     68   (12) 1611 *
  454    7.9  3.5  2.1  chr1_2649652_Sniffles2.INS.9AS0  17986 18102 (20427) + ghimalia Unknown         1     80    (0) 1612 *
  615    8.5  0.9  0.4  chr1_2649652_Sniffles2.INS.9AS0  18070 18414 (20115) + ghimalia Unknown         1     80    (0) 1613  
  425   10.4  0.0  8.8  chr1_2649652_Sniffles2.INS.9AS0  18383 18456 (20073) + ghimalia Unknown         1     68   (12) 1613 *
  445   12.2  2.5  0.6  chr1_2649652_Sniffles2.INS.9AS0  18428 18700 (19829) + ghimalia Unknown         1     80    (0) 1614  
  474    9.4  1.4  2.9  chr1_2649652_Sniffles2.INS.9AS0  18709 18991 (19538) + ghimalia Unknown         1     80    (0) 1615 *
  535    6.5  0.0  2.0  chr1_2649652_Sniffles2.INS.9AS0  18960 19109 (19420) + ghimalia Unknown         1     80    (0) 1616 *
  576   10.8  1.0  0.6  chr1_2649652_Sniffles2.INS.9AS0  19076 19503 (19026) + ghimalia Unknown         1     80    (0) 1617  
  414   13.8  0.0  3.2  chr1_2649652_Sniffles2.INS.9AS0  19524 19624 (18905) + ghimalia Unknown         1     80    (0) 1618  
  431    9.7  3.5  2.4  chr1_2649652_Sniffles2.INS.9AS0  19648 19830 (18699) + ghimalia Unknown         1     80    (0) 1619 *
  577    7.8  1.6  1.7  chr1_2649652_Sniffles2.INS.9AS0  19798 20183 (18346) + ghimalia Unknown         1     80    (0) 1620  
  535   11.9  0.8  0.5  chr1_2649652_Sniffles2.INS.9AS0  20153 20350 (18179) + ghimalia Unknown         1     80    (0) 1621 *
  525    9.8  4.1  1.1  chr1_2649652_Sniffles2.INS.9AS0  20429 20699 (17830) + ghimalia Unknown         1     80    (0) 1622  
  516    7.5  2.8  1.6  chr1_2649652_Sniffles2.INS.9AS0  20666 20975 (17554) + ghimalia Unknown         1     80    (0) 1623 *
  536   10.6  1.9  0.3  chr1_2649652_Sniffles2.INS.9AS0  20947 21210 (17319) + ghimalia Unknown         1     80    (0) 1624  
  321   12.6  3.7  2.8  chr1_2649652_Sniffles2.INS.9AS0  21185 21289 (17240) + ghimalia Unknown         1     80    (0) 1625 *
  385   13.5  0.0  0.0  chr1_2649652_Sniffles2.INS.9AS0  21261 21334 (17195) + ghimalia Unknown         1     74    (6) 1626 *
  561    9.1  0.0  1.8  chr1_2649652_Sniffles2.INS.9AS0  21301 21741 (16788) + ghimalia Unknown         1     80    (0) 1627  
  446   12.8  1.5  1.3  chr1_2649652_Sniffles2.INS.9AS0  21708 21859 (16670) + ghimalia Unknown         1     80    (0) 1628 *
  603    6.7  0.9  0.0  chr1_2649652_Sniffles2.INS.9AS0  21831 21981 (16548) + ghimalia Unknown         1     80    (0) 1629  
  437    9.1  3.3  0.7  chr1_2649652_Sniffles2.INS.9AS0  21948 22091 (16438) + ghimalia Unknown         1     75    (5) 1630 *
  370   12.0  2.9  1.4  chr1_2649652_Sniffles2.INS.9AS0  22065 22170 (16359) + ghimalia Unknown         1     80    (0) 1631 *
  460   11.8  0.0  0.0  chr1_2649652_Sniffles2.INS.9AS0  22142 22251 (16278) + ghimalia Unknown         1     80    (0) 1632  
  410   13.8  0.0  1.3  chr1_2649652_Sniffles2.INS.9AS0  22222 22378 (16151) + ghimalia Unknown         1     80    (0) 1633 *
  348   13.2  0.0  2.6  chr1_2649652_Sniffles2.INS.9AS0  22347 22424 (16105) + ghimalia Unknown         1     76    (4) 1634 *
  615    5.9  0.4  3.2  chr1_2649652_Sniffles2.INS.9AS0  22391 22630 (15899) + ghimalia Unknown         1     80    (0) 1635  
  505   12.7  1.3  0.1  chr1_2649652_Sniffles2.INS.9AS0  22686 23101 (15428) + ghimalia Unknown         1     80    (0) 1636 *
  561    8.1  0.3  3.3  chr1_2649652_Sniffles2.INS.9AS0  23074 23437 (15092) + ghimalia Unknown         1     80    (0) 1637  
  363   17.6  1.4  0.0  chr1_2649652_Sniffles2.INS.9AS0  23406 23479 (15050) + ghimalia Unknown         1     75    (5) 1638 *
  276   15.2  3.3  1.6  chr1_2649652_Sniffles2.INS.9AS0  23446 23505 (15024) + ghimalia Unknown         1     61   (19) 1638 *
  538    9.8  0.6  1.0  chr1_2649652_Sniffles2.INS.9AS0  23524 23675 (14854) + ghimalia Unknown         1     80    (0) 1639  
  489   10.9  1.5  2.6  chr1_2649652_Sniffles2.INS.9AS0  23642 23880 (14649) + ghimalia Unknown         1     80    (0) 1640 *
  320   10.9  9.4  0.0  chr1_2649652_Sniffles2.INS.9AS0  23851 23914 (14615) + ghimalia Unknown        11     80    (0) 1640 *
  466   10.4  2.1  1.9  chr1_2649652_Sniffles2.INS.9AS0  23884 23991 (14538) + ghimalia Unknown         2     78    (2) 1641 *
  525    3.2  4.1  0.0  chr1_2649652_Sniffles2.INS.9AS0  23960 24065 (14464) + ghimalia Unknown         1     80    (0) 1642  
  493   11.6  1.3  2.4  chr1_2649652_Sniffles2.INS.9AS0  24071 24258 (14271) + ghimalia Unknown         1     80    (0) 1643  
  463   11.8  0.0  1.2  chr1_2649652_Sniffles2.INS.9AS0  24230 24423 (14106) + ghimalia Unknown         1     80    (0) 1644 *
  454   11.3  0.3  1.9  chr1_2649652_Sniffles2.INS.9AS0  24391 24550 (13979) + ghimalia Unknown         1     80    (0) 1645 *
  415   10.2  0.7  4.7  chr1_2649652_Sniffles2.INS.9AS0  24523 24675 (13854) + ghimalia Unknown         1     80    (0) 1646 *
  576    5.6  1.3  1.4  chr1_2649652_Sniffles2.INS.9AS0  24680 24909 (13620) + ghimalia Unknown         1     80    (0) 1647  
  576    2.6  0.9  0.4  chr1_2649652_Sniffles2.INS.9AS0  24921 25032 (13497) + ghimalia Unknown         1     80    (0) 1648  
  471   15.7  0.0  0.0  chr1_2649652_Sniffles2.INS.9AS0  25037 25191 (13338) + ghimalia Unknown         1     80    (0) 1649  
  446   14.3  0.9  0.0  chr1_2649652_Sniffles2.INS.9AS0  25204 25312 (13217) + ghimalia Unknown         1     80    (0) 1650  
  394   11.4  4.3  0.0  chr1_2649652_Sniffles2.INS.9AS0  25279 25348 (13181) + ghimalia Unknown         1     73    (7) 1651 *
  615    6.1  0.1  0.6  chr1_2649652_Sniffles2.INS.9AS0  25316 25538 (12991) + ghimalia Unknown         1     80    (0) 1652  
  473    6.1  2.5  0.5  chr1_2649652_Sniffles2.INS.9AS0  25517 25617 (12912) + ghimalia Unknown         1     80    (0) 1653 *
  383   15.7  1.0  2.9  chr1_2649652_Sniffles2.INS.9AS0  25593 25785 (12744) + ghimalia Unknown         1     80    (0) 1654 *
  512   10.1  2.2  1.3  chr1_2649652_Sniffles2.INS.9AS0  25798 25949 (12580) + ghimalia Unknown         1     80    (0) 1655  
  456   11.5  0.0  1.8  chr1_2649652_Sniffles2.INS.9AS0  25922 26036 (12493) + ghimalia Unknown         1     80    (0) 1656 *
  417   11.0  3.9  7.5  chr1_2649652_Sniffles2.INS.9AS0  26089 26204 (12325) + ghimalia Unknown         1     80    (0) 1657  
  554    8.0  2.7  3.1  chr1_2649652_Sniffles2.INS.9AS0  26212 26716 (11813) + ghimalia Unknown         1     80    (0) 1658  
  293   16.0  0.0 10.0  chr1_2649652_Sniffles2.INS.9AS0  26695 26820 (11709) + ghimalia Unknown         1     80    (0) 1659 *
  319   16.6  1.6  4.6  chr1_2649652_Sniffles2.INS.9AS0  26836 26997 (11532) + ghimalia Unknown         1     80    (0) 1660 *
  425   13.2  0.5  5.1  chr1_2649652_Sniffles2.INS.9AS0  26975 27086 (11443) + ghimalia Unknown         1     80    (0) 1661  
  246   22.1  0.0  3.9  chr1_2649652_Sniffles2.INS.9AS0  27092 27171 (11358) + ghimalia Unknown         4     80    (0) 1662  
  378   13.2  0.5  2.6  chr1_2649652_Sniffles2.INS.9AS0  27172 27290 (11239) + ghimalia Unknown         1     80    (0) 1663 *
  423   11.7  1.0  0.0  chr1_2649652_Sniffles2.INS.9AS0  27264 27359 (11170) + ghimalia Unknown         1     75    (5) 1664  
  248   16.4  2.9  1.4  chr1_2649652_Sniffles2.INS.9AS0  27333 27400 (11129) + ghimalia Unknown         1     69   (11) 1664 *
  442   14.0  2.6  1.6  chr1_2649652_Sniffles2.INS.9AS0  27373 27685 (10844) + ghimalia Unknown         1     80    (0) 1665  
  279    4.9 14.8  0.0  chr1_2649652_Sniffles2.INS.9AS0  27652 27712 (10817) + ghimalia Unknown         1     70   (10) 1666 *
  541    4.3  2.8  0.9  chr1_2649652_Sniffles2.INS.9AS0  27688 27794 (10735) + ghimalia Unknown         2     80    (0) 1667  
  379   12.7  1.2  7.5  chr1_2649652_Sniffles2.INS.9AS0  27763 27847 (10682) + ghimalia Unknown         1     80    (0) 1668 *
  405   12.8  2.9  2.9  chr1_2649652_Sniffles2.INS.9AS0  28080 28261 (10268) + ghimalia Unknown         1     80    (0) 1669 *
  570    7.4  0.5  1.6  chr1_2649652_Sniffles2.INS.9AS0  28228 28507 (10022) + ghimalia Unknown         1     80    (0) 1670 *
  594    4.2  0.0  1.0  chr1_2649652_Sniffles2.INS.9AS0  28477 28660  (9869) + ghimalia Unknown         1     80    (0) 1671 *
  605    9.8  0.0  0.5  chr1_2649652_Sniffles2.INS.9AS0  28629 28906  (9623) + ghimalia Unknown         1     80    (0) 1672  
  584    9.2  0.8  1.8  chr1_2649652_Sniffles2.INS.9AS0  28873 29506  (9023) + ghimalia Unknown         1     80    (0) 1673 *
  495   10.5  0.0  0.0  chr1_2649652_Sniffles2.INS.9AS0  29478 29665  (8864) + ghimalia Unknown         1     80    (0) 1674 *
  316    4.8  7.8  3.0  chr1_2649652_Sniffles2.INS.9AS0  29638 29701  (8828) + ghimalia Unknown         1     67   (13) 1674 *
  576    7.4  0.4  2.7  chr1_2649652_Sniffles2.INS.9AS0  29673 30084  (8445) + ghimalia Unknown         1     80    (0) 1675  
  533    4.0  0.0  1.9  chr1_2649652_Sniffles2.INS.9AS0  30051 30160  (8369) + ghimalia Unknown         1     80    (0) 1676 *
  615    5.4  0.0  0.6  chr1_2649652_Sniffles2.INS.9AS0  30172 30326  (8203) + ghimalia Unknown         1     80    (0) 1677  
  614   11.8  0.0  2.4  chr1_2649652_Sniffles2.INS.9AS0  30330 31061  (7468) + ghimalia Unknown         1     80    (0) 1678  
  379   15.5  0.5  2.8  chr1_2649652_Sniffles2.INS.9AS0  31033 31142  (7387) + ghimalia Unknown         1     80    (0) 1679 *
  538   11.9  0.3  1.3  chr1_2649652_Sniffles2.INS.9AS0  31114 31470  (7059) + ghimalia Unknown         1     80    (0) 1680 *
  562    9.6  0.2  0.8  chr1_2649652_Sniffles2.INS.9AS0  31437 31658  (6871) + ghimalia Unknown         1     80    (0) 1681  
  305   13.7  4.1  0.0  chr1_2649652_Sniffles2.INS.9AS0  31638 31710  (6819) + ghimalia Unknown         1     76    (4) 1682 *
  492    9.1  0.0  3.9  chr1_2649652_Sniffles2.INS.9AS0  31677 31792  (6737) + ghimalia Unknown         1     80    (0) 1683  
  397   10.2  1.2  8.8  chr1_2649652_Sniffles2.INS.9AS0  31797 31924  (6605) + ghimalia Unknown         1     80    (0) 1684 *
  621    6.7  0.5  0.0  chr1_2649652_Sniffles2.INS.9AS0  31896 32077  (6452) + ghimalia Unknown         1     80    (0) 1685  
  584   10.8  1.2  0.4  chr1_2649652_Sniffles2.INS.9AS0  32050 32473  (6056) + ghimalia Unknown         1     80    (0) 1686 *
  540   11.2  0.3  4.5  chr1_2649652_Sniffles2.INS.9AS0  32468 32753  (5776) + ghimalia Unknown         1     80    (0) 1687 *
  433   11.1  1.3  1.4  chr1_2649652_Sniffles2.INS.9AS0  32725 32873  (5656) + ghimalia Unknown         1     80    (0) 1688 *
  416    9.3  7.2  0.0  chr1_2649652_Sniffles2.INS.9AS0  32874 32962  (5567) + ghimalia Unknown         1     80    (0) 1689 *
  555   10.5  0.9  2.2  chr1_2649652_Sniffles2.INS.9AS0  32962 33431  (5098) + ghimalia Unknown         1     80    (0) 1690  
  478   10.5  2.7  0.7  chr1_2649652_Sniffles2.INS.9AS0  33413 33553  (4976) + ghimalia Unknown         1     80    (0) 1691 *
  426   13.1  0.0 14.4  chr1_2649652_Sniffles2.INS.9AS0  33520 33656  (4873) + ghimalia Unknown         1     80    (0) 1692 *
  359   10.2  1.4  1.4  chr1_2649652_Sniffles2.INS.9AS0  33681 33750  (4779) + ghimalia Unknown        11     80    (0) 1692 *
  579   10.0  0.3  2.9  chr1_2649652_Sniffles2.INS.9AS0  33717 34205  (4324) + ghimalia Unknown         1     80    (0) 1693  
  486    5.0  4.1  0.4  chr1_2649652_Sniffles2.INS.9AS0  34172 34280  (4249) + ghimalia Unknown         1     78    (2) 1694 *
  399   18.2  0.0  0.0  chr1_2649652_Sniffles2.INS.9AS0  34269 34345  (4184) + ghimalia Unknown         1     77    (3) 1695 *
  572    8.4  0.8  1.5  chr1_2649652_Sniffles2.INS.9AS0  34312 34509  (4020) + ghimalia Unknown         1     80    (0) 1696  
  516    8.9  1.0  2.8  chr1_2649652_Sniffles2.INS.9AS0  34516 35280  (3249) + ghimalia Unknown         1     80    (0) 1697 *
  579    6.1  1.8  0.7  chr1_2649652_Sniffles2.INS.9AS0  35250 35641  (2888) + ghimalia Unknown         1     80    (0) 1698  
  483   11.3  0.8  0.1  chr1_2649652_Sniffles2.INS.9AS0  35645 35834  (2695) + ghimalia Unknown         1     80    (0) 1699 *
  497    6.6  0.4  9.5  chr1_2649652_Sniffles2.INS.9AS0  35801 36053  (2476) + ghimalia Unknown         1     80    (0) 1700 *
  540    7.3  1.7  0.8  chr1_2649652_Sniffles2.INS.9AS0  36023 36141  (2388) + ghimalia Unknown         1     80    (0) 1701  
  517    5.5  1.4  1.4  chr1_2649652_Sniffles2.INS.9AS0  36109 36216  (2313) + ghimalia Unknown         1     80    (0) 1702 *
  455   12.2  1.3  0.0  chr1_2649652_Sniffles2.INS.9AS0  36224 36336  (2193) + ghimalia Unknown         1     79    (1) 1703 *
  483   11.2  0.0 13.7  chr1_2649652_Sniffles2.INS.9AS0  36303 36495  (2034) + ghimalia Unknown         1     80    (0) 1704  
  465    7.3  1.5  0.0  chr1_2649652_Sniffles2.INS.9AS0  36462 36529  (2000) + ghimalia Unknown         7     75    (5) 1705 *
  577    7.8  1.5  0.0  chr1_2649652_Sniffles2.INS.9AS0  36496 36729  (1800) + ghimalia Unknown         1     80    (0) 1706  
  459    9.0  6.2  1.9  chr1_2649652_Sniffles2.INS.9AS0  36700 36844  (1685) + ghimalia Unknown         1     80    (0) 1707 *
  328   17.5  1.6  0.0  chr1_2649652_Sniffles2.INS.9AS0  36817 36879  (1650) + ghimalia Unknown        13     76    (4) 1707 *
  413   13.1  0.0  0.0  chr1_2649652_Sniffles2.INS.9AS0  36854 36935  (1594) + ghimalia Unknown         1     80    (0) 1708  
  283   13.9  8.2  1.3  chr1_2649652_Sniffles2.INS.9AS0  37034 37106  (1423) + ghimalia Unknown         1     78    (2) 1709  
  273   15.3  2.0 10.9  chr1_2649652_Sniffles2.INS.9AS0  37197 37316  (1213) + ghimalia Unknown         1     80    (0) 1710  
  230   12.5 10.8  2.5  chr1_2649652_Sniffles2.INS.9AS0  37319 37392  (1137) + ghimalia Unknown         1     80    (0) 1711  
  239   13.2  3.0  7.9  chr1_2649652_Sniffles2.INS.9AS0  37450 37515  (1014) + ghimalia Unknown        11     73    (7) 1712  
  389   13.9  0.0  5.8  chr1_2649652_Sniffles2.INS.9AS0  37540 37638   (891) + ghimalia Unknown         5     78    (2) 1708 *
  393   16.0  2.6  2.1  chr1_2649652_Sniffles2.INS.9AS0  37605 37794   (735) + ghimalia Unknown         1     80    (0) 1713 *
  419   14.4  1.9  3.5  chr1_2649652_Sniffles2.INS.9AS0  37762 37920   (609) + ghimalia Unknown         1     80    (0) 1714  
  509    5.6  1.5  0.0  chr1_2649652_Sniffles2.INS.9AS0  37930 38049   (480) + ghimalia Unknown         1     80    (0) 1715  
  490    6.8  4.0  0.0  chr1_2649652_Sniffles2.INS.9AS0  38066 38139   (390) + ghimalia Unknown         4     80    (0) 1716 *
  538    4.1  1.4  4.6  chr1_2649652_Sniffles2.INS.9AS0  38107 38339   (190) + ghimalia Unknown         1     80    (0) 1717  
  443    9.6  2.6  0.7  chr1_2649652_Sniffles2.INS.9AS0  38309 38455    (74) + ghimalia Unknown         1     80    (0) 1718 *
  313   11.8  4.0  0.9  chr1_2649652_Sniffles2.INS.9AS0  38424 38529     (0) + ghimalia Unknown         1     80    (0) 1719 *
  259   16.9  0.0  0.0  chr1_2651714_Sniffles2.INS.8FS0     16    80 (3784) + ghimalia Unknown         1     65   (15) 1720 *
  462   13.8  0.3  0.0  chr1_2651714_Sniffles2.INS.8FS0     56   194 (3670) + ghimalia Unknown         1     80    (0) 1721  
  433   11.8  5.5  0.0  chr1_2651714_Sniffles2.INS.8FS0    175   279 (3585) + ghimalia Unknown         1     80    (0) 1722 *
  505    7.1  0.0  2.6  chr1_2651714_Sniffles2.INS.8FS0    246   438 (3426) + ghimalia Unknown         1     80    (0) 1723  
  511   11.9  5.0  0.3  chr1_2651714_Sniffles2.INS.8FS0    456   675 (3189) + ghimalia Unknown         1     80    (0) 1724  
  276   12.7  6.2  3.0  chr1_2651714_Sniffles2.INS.8FS0    651   715 (3149) + ghimalia Unknown         3     69   (11) 1724 *
  571    8.5  0.2  1.2  chr1_2651714_Sniffles2.INS.8FS0    685  1405 (2459) + ghimalia Unknown         1     80    (0) 1725  
  539   10.2  0.0  0.9  chr1_2651714_Sniffles2.INS.8FS0   1403  1669 (2195) + ghimalia Unknown         1     80    (0) 1726 *
  466   15.2  0.0  0.3  chr1_2651714_Sniffles2.INS.8FS0   1686  1917 (1947) + ghimalia Unknown         1     80    (0) 1727 *
  536    9.8  3.0  0.0  chr1_2651714_Sniffles2.INS.8FS0   1890  2075 (1789) + ghimalia Unknown         1     80    (0) 1728  
  534    9.6  1.3  1.5  chr1_2651714_Sniffles2.INS.8FS0   2043  2232 (1632) + ghimalia Unknown         1     80    (0) 1729 *
  240   13.0 11.3  2.6  chr1_2651714_Sniffles2.INS.8FS0   2201  2271 (1593) + ghimalia Unknown         4     80    (0) 1730 *
  471   14.3  0.0  0.0  chr1_2651714_Sniffles2.INS.8FS0   2273  2432 (1432) + ghimalia Unknown         1     80    (0) 1731  
  307   11.6  1.8 21.0  chr1_2651714_Sniffles2.INS.8FS0   2434  2575 (1289) + ghimalia Unknown         1     80    (0) 1731 *
  466   16.5  0.6  0.1  chr1_2651714_Sniffles2.INS.8FS0   2550  2785 (1079) + ghimalia Unknown         1     80    (0) 1732 *
  492   12.8  0.5  8.3  chr1_2651714_Sniffles2.INS.8FS0   2785  3145  (719) + ghimalia Unknown         1     80    (0) 1733  
  473   11.8  0.5  0.0  chr1_2651714_Sniffles2.INS.8FS0   3117  3308  (556) + ghimalia Unknown         1     80    (0) 1734 *
  312   11.2  0.0 25.0  chr1_2651714_Sniffles2.INS.8FS0   3276  3370  (494) + ghimalia Unknown         1     76    (4) 1735 *
  521   12.9  0.8  1.4  chr1_2651714_Sniffles2.INS.8FS0   3337  3861    (3) + ghimalia Unknown         1     80    (0) 1736  
  571    5.4  0.0  0.0  chr1_2652070_Sniffles2.INS.89S0      5   159    (0) + ghimalia Unknown         1     80    (0) 1737  
  604    7.8  0.3  2.7  chr1_2652070_Sniffles2.INS.AFS0      5   909 (21989) + ghimalia Unknown         1     80    (0) 1738 *
  614    9.9  0.0  1.0  chr1_2652070_Sniffles2.INS.AFS0    877  1522 (21376) + ghimalia Unknown         1     80    (0) 1739  
  600    8.4  0.3  2.7  chr1_2652070_Sniffles2.INS.AFS0   1522  2088 (20810) + ghimalia Unknown         1     80    (0) 1740 *
  568    7.4  4.3  0.3  chr1_2652070_Sniffles2.INS.AFS0   2125  2387 (20511) + ghimalia Unknown         1     80    (0) 1741 *
  596    8.1  0.0  0.9  chr1_2652070_Sniffles2.INS.AFS0   2363  3002 (19896) + ghimalia Unknown         1     80    (0) 1742  
  510   11.7  0.3  4.0  chr1_2652070_Sniffles2.INS.AFS0   3006  3157 (19741) + ghimalia Unknown         1     80    (0) 1743  
  394   12.3  7.0  3.5  chr1_2652070_Sniffles2.INS.AFS0   3162  3343 (19555) + ghimalia Unknown         2     80    (0) 1744 *
  531    8.9  4.5  1.7  chr1_2652070_Sniffles2.INS.AFS0   3321  3542 (19356) + ghimalia Unknown         1     80    (0) 1745 *
  583    7.8  0.2  0.8  chr1_2652070_Sniffles2.INS.AFS0   3516  3862 (19036) + ghimalia Unknown         1     80    (0) 1746  
  571    8.6  1.2  0.4  chr1_2652070_Sniffles2.INS.AFS0   3829  4217 (18681) + ghimalia Unknown         1     80    (0) 1747 *
  568    7.2  1.9  0.0  chr1_2652070_Sniffles2.INS.AFS0   4187  4321 (18577) + ghimalia Unknown         1     80    (0) 1748 *
  547   10.3  1.4  0.4  chr1_2652070_Sniffles2.INS.AFS0   4298  4801 (18097) + ghimalia Unknown         1     80    (0) 1749 *
  597   10.1  0.3  4.1  chr1_2652070_Sniffles2.INS.AFS0   4768  5599 (17299) + ghimalia Unknown         1     80    (0) 1750  
  545   11.0  5.3  0.0  chr1_2652070_Sniffles2.INS.AFS0   5595  5708 (17190) + ghimalia Unknown         1     80    (0) 1751 *
  572    9.0  0.7  0.0  chr1_2652070_Sniffles2.INS.AFS0   5679  5982 (16916) + ghimalia Unknown         1     80    (0) 1752  
  408    6.1  3.0  0.0  chr1_2652070_Sniffles2.INS.AFS0   5949  6014 (16884) + ghimalia Unknown         1     68   (12) 1752 *
  521   10.3  0.7  5.2  chr1_2652070_Sniffles2.INS.AFS0   5987  6518 (16380) + ghimalia Unknown         1     80    (0) 1753 *
  604    7.9  0.6  4.2  chr1_2652070_Sniffles2.INS.AFS0   6489  6870 (16028) + ghimalia Unknown         1     80    (0) 1754 *
  608    7.2  0.2  6.8  chr1_2652070_Sniffles2.INS.AFS0   6839  7649 (15249) + ghimalia Unknown         1     80    (0) 1755  
  582    8.9  0.0  0.3  chr1_2652070_Sniffles2.INS.AFS0   7656  7961 (14937) + ghimalia Unknown         1     80    (0) 1756  
  520   12.6  0.2  0.5  chr1_2652070_Sniffles2.INS.AFS0   7934  8406 (14492) + ghimalia Unknown         1     80    (0) 1757 *
  339   11.4  8.6  0.0  chr1_2652070_Sniffles2.INS.AFS0   8376  8445 (14453) + ghimalia Unknown         1     76    (4) 1758 *
  487    7.8  2.0  5.7  chr1_2652070_Sniffles2.INS.AFS0   8412  8562 (14336) + ghimalia Unknown         1     80    (0) 1759  
  580    9.1  0.0  0.1  chr1_2652070_Sniffles2.INS.AFS0   8569  9001 (13897) + ghimalia Unknown         1     80    (0) 1760  
  560   10.2  0.0  4.7  chr1_2652070_Sniffles2.INS.AFS0   9001  9358 (13540) + ghimalia Unknown         1     80    (0) 1761 *
  557    9.7  0.3  0.7  chr1_2652070_Sniffles2.INS.AFS0   9331  9680 (13218) + ghimalia Unknown         1     80    (0) 1762 *
  509   11.3  0.0  2.1  chr1_2652070_Sniffles2.INS.AFS0   9683  9875 (13023) + ghimalia Unknown         1     80    (0) 1763 *
  523   11.8  7.1  0.0  chr1_2652070_Sniffles2.INS.AFS0   9844 10030 (12868) + ghimalia Unknown         1     80    (0) 1764 *
  585    7.5  0.5  5.8  chr1_2652070_Sniffles2.INS.AFS0  10004 10415 (12483) + ghimalia Unknown         1     80    (0) 1765  
  558    7.8  1.7  0.0  chr1_2652070_Sniffles2.INS.AFS0  10422 10634 (12264) + ghimalia Unknown         1     80    (0) 1766 *
  619    7.9  0.1  2.6  chr1_2652070_Sniffles2.INS.AFS0  10603 11607 (11291) + ghimalia Unknown         1     80    (0) 1767  
  446   15.9  3.1  0.0  chr1_2652070_Sniffles2.INS.AFS0  11607 11709 (11189) + ghimalia Unknown         1     80    (0) 1768 *
  532    8.8  0.0  6.5  chr1_2652070_Sniffles2.INS.AFS0  11690 12178 (10720) + ghimalia Unknown         1     80    (0) 1769 *
  586    7.6  1.6  0.0  chr1_2652070_Sniffles2.INS.AFS0  12145 12373 (10525) + ghimalia Unknown         1     80    (0) 1770  
  519   12.9  0.5  0.2  chr1_2652070_Sniffles2.INS.AFS0  12384 12883 (10015) + ghimalia Unknown         1     80    (0) 1771  
  543    8.6  0.0  0.0  chr1_2652070_Sniffles2.INS.AFS0  12885 13071  (9827) + ghimalia Unknown         1     80    (0) 1772 *
  556    9.7  0.0  0.6  chr1_2652070_Sniffles2.INS.AFS0  13044 13794  (9104) + ghimalia Unknown         1     80    (0) 1773  
  394   13.0  0.0  0.0  chr1_2652070_Sniffles2.INS.AFS0  13767 13835  (9063) + ghimalia Unknown         1     69   (11) 1773 *
  626    7.6  0.2  0.3  chr1_2652070_Sniffles2.INS.AFS0  13807 14523  (8375) + ghimalia Unknown         1     80    (0) 1774  
  573   10.1  0.1  1.0  chr1_2652070_Sniffles2.INS.AFS0  14490 15528  (7370) + ghimalia Unknown         1     80    (0) 1775 *
  453   14.7  0.0  0.0  chr1_2652070_Sniffles2.INS.AFS0  15497 15608  (7290) + ghimalia Unknown         1     80    (0) 1776 *
  506   12.3  0.0  1.2  chr1_2652070_Sniffles2.INS.AFS0  15612 15958  (6940) + ghimalia Unknown         1     80    (0) 1777  
  302   16.7  2.5  1.2  chr1_2652070_Sniffles2.INS.AFS0  15934 16012  (6886) + ghimalia Unknown         1     80    (0) 1778 *
  373   15.2  0.0  9.2  chr1_2652070_Sniffles2.INS.AFS0  15980 16102  (6796) + ghimalia Unknown         1     80    (0) 1779 *
  475   11.6  0.0  0.0  chr1_2652070_Sniffles2.INS.AFS0  16070 16170  (6728) + ghimalia Unknown         1     80    (0) 1780  
  505   10.7  0.2  0.9  chr1_2652070_Sniffles2.INS.AFS0  16174 16454  (6444) + ghimalia Unknown         1     80    (0) 1781  
  463   10.2  0.0  5.1  chr1_2652070_Sniffles2.INS.AFS0  16422 16574  (6324) + ghimalia Unknown         1     80    (0) 1782 *
  480   10.4  1.4  0.5  chr1_2652070_Sniffles2.INS.AFS0  16544 16653  (6245) + ghimalia Unknown         1     77    (3) 1783  
  473    9.9  1.0  1.6  chr1_2652070_Sniffles2.INS.AFS0  16622 16894  (6004) + ghimalia Unknown         1     80    (0) 1784 *
  516    2.8  5.7  0.0  chr1_2652070_Sniffles2.INS.AFS0  16863 16964  (5934) + ghimalia Unknown         1     80    (0) 1785 *
  542    9.2  1.0  1.0  chr1_2652070_Sniffles2.INS.AFS0  16932 17364  (5534) + ghimalia Unknown         1     80    (0) 1786 *
  605    9.0  0.2  1.5  chr1_2652070_Sniffles2.INS.AFS0  17336 17855  (5043) + ghimalia Unknown         1     80    (0) 1787  
  505    6.3  0.0  4.8  chr1_2652070_Sniffles2.INS.AFS0  17822 17932  (4966) + ghimalia Unknown         1     80    (0) 1788 *
  465    8.9  5.4  1.3  chr1_2652070_Sniffles2.INS.AFS0  17908 18012  (4886) + ghimalia Unknown         1     80    (0) 1789 *
  592    9.8  0.1  2.5  chr1_2652070_Sniffles2.INS.AFS0  18011 18655  (4243) + ghimalia Unknown         1     80    (0) 1790  
  591    6.5  0.0  1.2  chr1_2652070_Sniffles2.INS.AFS0  18666 18897  (4001) + ghimalia Unknown         1     80    (0) 1791  
  544    9.6  0.5  2.5  chr1_2652070_Sniffles2.INS.AFS0  18898 19537  (3361) + ghimalia Unknown         1     80    (0) 1792  
  555    9.6  0.2  0.1  chr1_2652070_Sniffles2.INS.AFS0  19542 19896  (3002) + ghimalia Unknown         1     80    (0) 1793  
  496   10.2  0.6  7.8  chr1_2652070_Sniffles2.INS.AFS0  19882 20221  (2677) + ghimalia Unknown         1     80    (0) 1794 *
  479    5.0  0.0  0.0  chr1_2652070_Sniffles2.INS.AFS0  20217 20276  (2622) + ghimalia Unknown        13     72    (8) 1794 *
  570   11.5  0.3  2.3  chr1_2652070_Sniffles2.INS.AFS0  20245 20657  (2241) + ghimalia Unknown         1     80    (0) 1795 *
  581    8.6  1.4  4.8  chr1_2652070_Sniffles2.INS.AFS0  20624 20995  (1903) + ghimalia Unknown         1     80    (0) 1796 *
  584    9.4  0.3  5.0  chr1_2652070_Sniffles2.INS.AFS0  20963 21660  (1238) + ghimalia Unknown         1     80    (0) 1797  
  442   10.0  0.0  0.0  chr1_2652070_Sniffles2.INS.AFS0  21627 21696  (1202) + ghimalia Unknown         3     72    (8) 1798 *
  504    9.2  4.6  2.5  chr1_2652070_Sniffles2.INS.AFS0  21665 21861  (1037) + ghimalia Unknown         1     80    (0) 1799 *
  543    9.6  0.0  9.9  chr1_2652070_Sniffles2.INS.AFS0  21829 22071   (827) + ghimalia Unknown         1     80    (0) 1800  
  375   14.7  0.0  0.0  chr1_2652070_Sniffles2.INS.AFS0  22043 22110   (788) + ghimalia Unknown         1     68   (12) 1800 *
  394   13.0  0.0  0.0  chr1_2652070_Sniffles2.INS.AFS0  22083 22151   (747) + ghimalia Unknown         1     69   (11) 1800 *
  524   10.6  0.4  0.5  chr1_2652070_Sniffles2.INS.AFS0  22123 22465   (433) + ghimalia Unknown         1     80    (0) 1801  
  388   11.1  0.0  1.4  chr1_2652070_Sniffles2.INS.AFS0  22465 22537   (361) + ghimalia Unknown         5     76    (4) 1802 *
  320   16.2 14.7  0.0  chr1_2652070_Sniffles2.INS.AFS0  22504 22571   (327) + ghimalia Unknown         3     80    (0) 1803 *
  429   11.1  0.0  0.0  chr1_2652070_Sniffles2.INS.AFS0  22546 22608   (290) + ghimalia Unknown        15     77    (3) 1803 *
  517   10.5  4.3  8.9  chr1_2652070_Sniffles2.INS.AFS0  22575 22738   (160) + ghimalia Unknown         1     80    (0) 1804  
  440    8.3  4.1  0.5  chr1_2652070_Sniffles2.INS.AFS0  22720 22817    (81) + ghimalia Unknown         1     80    (0) 1805 *
  437    7.9  0.0  4.6  chr1_2652070_Sniffles2.INS.AFS0  22786 22896     (2) + ghimalia Unknown         1     80    (0) 1806 *
  463    7.2  4.1  0.0  chr1_2652117_Sniffles2.INS.AAS0      1   110 (54166) + ghimalia Unknown         1     80    (0) 1807  
  417   14.5  2.6  0.0  chr1_2652117_Sniffles2.INS.AAS0     77   152 (54124) + ghimalia Unknown         3     80    (0) 1808 *
  333   12.7 15.9  0.0  chr1_2652117_Sniffles2.INS.AAS0    120   182 (54094) + ghimalia Unknown         8     80    (0) 1809 *
  505   11.6  0.0  1.9  chr1_2652117_Sniffles2.INS.AAS0    156   454 (53822) + ghimalia Unknown         1     80    (0) 1810  
  544    6.5  0.6 15.4  chr1_2652117_Sniffles2.INS.AAS0    467   731 (53545) + ghimalia Unknown         1     80    (0) 1811 *
  596    7.7  0.0  2.7  chr1_2652117_Sniffles2.INS.AAS0    699  1178 (53098) + ghimalia Unknown         1     80    (0) 1812  
  608    7.2  1.5  1.4  chr1_2652117_Sniffles2.INS.AAS0   1196  1947 (52329) + ghimalia Unknown         1     80    (0) 1813  
  530    9.1  0.5  0.0  chr1_2652117_Sniffles2.INS.AAS0   1914  2023 (52253) + ghimalia Unknown         1     77    (3) 1814 *
  492   10.8  2.4  0.9  chr1_2652117_Sniffles2.INS.AAS0   1990  2185 (52091) + ghimalia Unknown         1     80    (0) 1815 *
  624    8.5  0.7  1.1  chr1_2652117_Sniffles2.INS.AAS0   2156  3426 (50850) + ghimalia Unknown         1     80    (0) 1816  
  615    8.3  1.3  0.9  chr1_2652117_Sniffles2.INS.AAS0   3402  4302 (49974) + ghimalia Unknown         1     80    (0) 1817 *
  435   11.5  2.5  1.2  chr1_2652117_Sniffles2.INS.AAS0   4303  4381 (49895) + ghimalia Unknown         1     80    (0) 1818 *
  619    5.3  0.9  0.0  chr1_2652117_Sniffles2.INS.AAS0   4349  4531 (49745) + ghimalia Unknown         1     80    (0) 1819  
  535    7.8  2.9  0.6  chr1_2652117_Sniffles2.INS.AAS0   4501  4640 (49636) + ghimalia Unknown         1     80    (0) 1820 *
  549    7.3  1.0  3.0  chr1_2652117_Sniffles2.INS.AAS0   4641  5043 (49233) + ghimalia Unknown         1     80    (0) 1821 *
  627    6.8  2.1  0.2  chr1_2652117_Sniffles2.INS.AAS0   5027  5899 (48377) + ghimalia Unknown         1     80    (0) 1822  
  525    9.4  1.2  2.4  chr1_2652117_Sniffles2.INS.AAS0   5905  6227 (48049) + ghimalia Unknown         1     80    (0) 1823  
  522   10.3  0.9  2.3  chr1_2652117_Sniffles2.INS.AAS0   6195  6578 (47698) + ghimalia Unknown         1     80    (0) 1824 *
  610    6.5  0.2  1.4  chr1_2652117_Sniffles2.INS.AAS0   6593  6992 (47284) + ghimalia Unknown         1     80    (0) 1825  
  566    8.0  1.6  1.4  chr1_2652117_Sniffles2.INS.AAS0   6962  7388 (46888) + ghimalia Unknown         1     80    (0) 1826 *
  589    8.5  1.1  1.1  chr1_2652117_Sniffles2.INS.AAS0   7355  8347 (45929) + ghimalia Unknown         1     80    (0) 1827  
  397   16.2  4.0  0.0  chr1_2652117_Sniffles2.INS.AAS0   8350  8423 (45853) + ghimalia Unknown         4     80    (0) 1828 *
  526   11.7  0.8  0.0  chr1_2652117_Sniffles2.INS.AAS0   8391  8580 (45696) + ghimalia Unknown         1     80    (0) 1829  
  522    7.4  1.6  0.6  chr1_2652117_Sniffles2.INS.AAS0   8547  8692 (45584) + ghimalia Unknown         1     80    (0) 1830 *
  614    6.3  0.9  0.3  chr1_2652117_Sniffles2.INS.AAS0   8661  9251 (45025) + ghimalia Unknown         1     80    (0) 1831  
  593    8.5  0.5  0.0  chr1_2652117_Sniffles2.INS.AAS0   9218  9492 (44784) + ghimalia Unknown         1     80    (0) 1832 *
  360   14.7  2.9  0.0  chr1_2652117_Sniffles2.INS.AAS0   9506  9573 (44703) + ghimalia Unknown        11     80    (0) 1832 *
  599    8.1  1.0  0.6  chr1_2652117_Sniffles2.INS.AAS0   9541 10288 (43988) + ghimalia Unknown         1     80    (0) 1833 *
  606    7.9  0.9  1.2  chr1_2652117_Sniffles2.INS.AAS0  10256 12451 (41825) + ghimalia Unknown         1     80    (0) 1834  
  517    8.3  3.1  0.5  chr1_2652117_Sniffles2.INS.AAS0  12418 12611 (41665) + ghimalia Unknown         1     80    (0) 1835 *
  438   10.3  5.0  0.7  chr1_2652117_Sniffles2.INS.AAS0  12578 12727 (41549) + ghimalia Unknown         1     80    (0) 1836 *
  486    8.8  0.0  2.3  chr1_2652117_Sniffles2.INS.AAS0  12699 12806 (41470) + ghimalia Unknown         1     80    (0) 1837 *
  574    4.3  0.0  0.9  chr1_2652117_Sniffles2.INS.AAS0  12773 12886 (41390) + ghimalia Unknown         1     80    (0) 1838  
  528   11.8  0.8  0.3  chr1_2652117_Sniffles2.INS.AAS0  12899 13317 (40959) + ghimalia Unknown         1     80    (0) 1839  
  499    9.2  0.5  0.5  chr1_2652117_Sniffles2.INS.AAS0  13288 13397 (40879) + ghimalia Unknown         1     80    (0) 1840 *
  605    8.9  1.4  0.5  chr1_2652117_Sniffles2.INS.AAS0  13365 14185 (40091) + ghimalia Unknown         1     80    (0) 1841  
  520    8.4  1.2  0.0  chr1_2652117_Sniffles2.INS.AAS0  14154 14295 (39981) + ghimalia Unknown         1     80    (0) 1842 *
  604    7.5  0.1  1.9  chr1_2652117_Sniffles2.INS.AAS0  14269 14831 (39445) + ghimalia Unknown         1     80    (0) 1843  
  600    9.4  3.2  0.9  chr1_2652117_Sniffles2.INS.AAS0  14798 15033 (39243) + ghimalia Unknown         1     80    (0) 1844 *
  322   12.7  7.9  0.0  chr1_2652117_Sniffles2.INS.AAS0  15004 15066 (39210) + ghimalia Unknown        10     77    (3) 1845 *
  627    4.8  0.0  0.0  chr1_2652117_Sniffles2.INS.AAS0  15040 15181 (39095) + ghimalia Unknown         1     80    (0) 1846  
  568    7.5  2.7  0.7  chr1_2652117_Sniffles2.INS.AAS0  15187 15502 (38774) + ghimalia Unknown         1     80    (0) 1847 *
  576    8.8  0.7  1.2  chr1_2652117_Sniffles2.INS.AAS0  15471 16694 (37582) + ghimalia Unknown         1     80    (0) 1848 *
  609    7.6  0.3  2.1  chr1_2652117_Sniffles2.INS.AAS0  16662 17113 (37163) + ghimalia Unknown         1     80    (0) 1849  
  554    8.4  1.3  3.5  chr1_2652117_Sniffles2.INS.AAS0  17118 17467 (36809) + ghimalia Unknown         1     80    (0) 1850  
  488    7.5  1.9  3.3  chr1_2652117_Sniffles2.INS.AAS0  17474 17627 (36649) + ghimalia Unknown         1     80    (0) 1851 *
  515   13.0  0.7  0.6  chr1_2652117_Sniffles2.INS.AAS0  17597 17974 (36302) + ghimalia Unknown         1     80    (0) 1852 *
  590    7.8  0.9  1.0  chr1_2652117_Sniffles2.INS.AAS0  17947 18707 (35569) + ghimalia Unknown         1     80    (0) 1853 *
  610    6.0  0.4  1.1  chr1_2652117_Sniffles2.INS.AAS0  18674 19139 (35137) + ghimalia Unknown         1     80    (0) 1854  
  439   12.8  2.3  0.0  chr1_2652117_Sniffles2.INS.AAS0  19154 19296 (34980) + ghimalia Unknown         1     80    (0) 1855  
  400   13.0  0.0  0.0  chr1_2652117_Sniffles2.INS.AAS0  19269 19337 (34939) + ghimalia Unknown         1     69   (11) 1855 *
  571    8.9  0.7  1.1  chr1_2652117_Sniffles2.INS.AAS0  19309 20224 (34052) + ghimalia Unknown         1     80    (0) 1856  
  339   20.8  1.3  0.0  chr1_2652117_Sniffles2.INS.AAS0  20193 20269 (34007) + ghimalia Unknown         1     78    (2) 1857 *
  600    7.6  1.3  0.0  chr1_2652117_Sniffles2.INS.AAS0  20237 20387 (33889) + ghimalia Unknown         1     80    (0) 1858  
  517   12.6  0.8  1.5  chr1_2652117_Sniffles2.INS.AAS0  20357 20590 (33686) + ghimalia Unknown         1     80    (0) 1859 *
  506    9.5  0.7  2.4  chr1_2652117_Sniffles2.INS.AAS0  20561 20871 (33405) + ghimalia Unknown         1     80    (0) 1860 *
  570    8.2  1.0  1.9  chr1_2652117_Sniffles2.INS.AAS0  20881 21308 (32968) + ghimalia Unknown         1     80    (0) 1861  
  526   10.6  0.2  0.0  chr1_2652117_Sniffles2.INS.AAS0  21281 21475 (32801) + ghimalia Unknown         1     80    (0) 1862 *
  515    8.3  0.0  3.8  chr1_2652117_Sniffles2.INS.AAS0  21486 21597 (32679) + ghimalia Unknown         1     80    (0) 1863  
  510    7.5  1.0  2.5  chr1_2652117_Sniffles2.INS.AAS0  21565 21759 (32517) + ghimalia Unknown         1     80    (0) 1864 *
  447    9.9  2.8  0.0  chr1_2652117_Sniffles2.INS.AAS0  21727 21797 (32479) + ghimalia Unknown         8     80    (0) 1865 *
  512    9.5  1.4  0.0  chr1_2652117_Sniffles2.INS.AAS0  21765 21903 (32373) + ghimalia Unknown         1     80    (0) 1866  
  451   14.6  1.9  2.4  chr1_2652117_Sniffles2.INS.AAS0  21878 22033 (32243) + ghimalia Unknown         1     80    (0) 1867 *
  333   15.6  4.7  0.0  chr1_2652117_Sniffles2.INS.AAS0  22043 22106 (32170) + ghimalia Unknown        14     80    (0) 1867 *
  562    9.2  1.7  0.6  chr1_2652117_Sniffles2.INS.AAS0  22077 22620 (31656) + ghimalia Unknown         1     80    (0) 1868 *
  609    6.8  1.1  0.6  chr1_2652117_Sniffles2.INS.AAS0  22587 23137 (31139) + ghimalia Unknown         1     80    (0) 1869  
  520    8.8  1.4  0.6  chr1_2652117_Sniffles2.INS.AAS0  23104 23338 (30938) + ghimalia Unknown         1     80    (0) 1870 *
  517    9.6  0.8  1.2  chr1_2652117_Sniffles2.INS.AAS0  23305 23575 (30701) + ghimalia Unknown         1     80    (0) 1871 *
  579    9.0  0.7  0.6  chr1_2652117_Sniffles2.INS.AAS0  23542 23975 (30301) + ghimalia Unknown         1     80    (0) 1872  
  559   11.2  0.8  0.7  chr1_2652117_Sniffles2.INS.AAS0  23942 24337 (29939) + ghimalia Unknown         1     80    (0) 1873 *
  576   10.8  0.6  0.8  chr1_2652117_Sniffles2.INS.AAS0  24304 25611 (28665) + ghimalia Unknown         1     80    (0) 1874  
  548    9.0  0.1  1.2  chr1_2652117_Sniffles2.INS.AAS0  25584 25820 (28456) + ghimalia Unknown         1     80    (0) 1875 *
  477    8.6  0.0  0.0  chr1_2652117_Sniffles2.INS.AAS0  25830 25899 (28377) + ghimalia Unknown        11     80    (0) 1875 *
  594    4.8  0.0  2.1  chr1_2652117_Sniffles2.INS.AAS0  25869 26055 (28221) + ghimalia Unknown         1     80    (0) 1876  
  531    9.6  0.4  2.6  chr1_2652117_Sniffles2.INS.AAS0  26066 26263 (28013) + ghimalia Unknown         1     80    (0) 1877  
  602    8.6  1.4  1.3  chr1_2652117_Sniffles2.INS.AAS0  26267 27101 (27175) + ghimalia Unknown         1     80    (0) 1878  
  560    9.8  1.4  0.9  chr1_2652117_Sniffles2.INS.AAS0  27105 27538 (26738) + ghimalia Unknown         1     80    (0) 1879  
  488   11.9  0.0  0.9  chr1_2652117_Sniffles2.INS.AAS0  27510 27621 (26655) + ghimalia Unknown         1     80    (0) 1880 *
  547    5.5  1.0  1.0  chr1_2652117_Sniffles2.INS.AAS0  27591 27742 (26534) + ghimalia Unknown         1     80    (0) 1881 *
  570    7.0  0.0  0.7  chr1_2652117_Sniffles2.INS.AAS0  27712 27898 (26378) + ghimalia Unknown         1     80    (0) 1882  
  459   10.5  2.1  1.6  chr1_2652117_Sniffles2.INS.AAS0  27901 28137 (26139) + ghimalia Unknown         1     80    (0) 1883 *
  510   10.1  2.6  0.0  chr1_2652117_Sniffles2.INS.AAS0  28104 28257 (26019) + ghimalia Unknown         1     80    (0) 1884 *
  577   11.3  1.3  0.6  chr1_2652117_Sniffles2.INS.AAS0  28226 29121 (25155) + ghimalia Unknown         1     80    (0) 1885  
  503   10.1  1.1  3.2  chr1_2652117_Sniffles2.INS.AAS0  29095 29372 (24904) + ghimalia Unknown         1     80    (0) 1886 *
  549   10.3  0.1  0.8  chr1_2652117_Sniffles2.INS.AAS0  29358 29735 (24541) + ghimalia Unknown         1     80    (0) 1887  
  516   12.4  0.9  0.9  chr1_2652117_Sniffles2.INS.AAS0  29738 30051 (24225) + ghimalia Unknown         1     80    (0) 1888  
  427    4.2  1.3  4.1  chr1_2652117_Sniffles2.INS.AAS0  30056 30130 (24146) + ghimalia Unknown         8     80    (0) 1889 *
  530    8.7  1.5  1.1  chr1_2652117_Sniffles2.INS.AAS0  30097 30450 (23826) + ghimalia Unknown         1     80    (0) 1890 *
  636    9.0  0.8  0.5  chr1_2652117_Sniffles2.INS.AAS0  30418 30888 (23388) + ghimalia Unknown         1     80    (0) 1891  
  496   11.5  0.8  0.7  chr1_2652117_Sniffles2.INS.AAS0  30863 31169 (23107) + ghimalia Unknown         1     80    (0) 1892 *
  533   12.9  0.6  1.9  chr1_2652117_Sniffles2.INS.AAS0  31173 31574 (22702) + ghimalia Unknown         1     80    (0) 1893 *
  560   11.7  0.1  0.3  chr1_2652117_Sniffles2.INS.AAS0  31543 31972 (22304) + ghimalia Unknown         1     80    (0) 1894  
  502    9.8  1.1  2.8  chr1_2652117_Sniffles2.INS.AAS0  31940 32248 (22028) + ghimalia Unknown         1     80    (0) 1895 *
  292   11.1  9.5  1.7  chr1_2652117_Sniffles2.INS.AAS0  32216 32326 (21950) + ghimalia Unknown         1     80    (0) 1896 *
  466   11.1  2.8  2.3  chr1_2652117_Sniffles2.INS.AAS0  32330 32565 (21711) + ghimalia Unknown         1     80    (0) 1897  
  347   17.2  1.7  2.9  chr1_2652117_Sniffles2.INS.AAS0  32539 32687 (21589) + ghimalia Unknown         1     80    (0) 1898 *
  450   13.2  2.0  0.0  chr1_2652117_Sniffles2.INS.AAS0  32655 32804 (21472) + ghimalia Unknown         1     80    (0) 1899 *
  505    8.4  0.8  0.0  chr1_2652117_Sniffles2.INS.AAS0  32772 32870 (21406) + ghimalia Unknown         1     80    (0) 1900  
  453   13.5  1.2  2.5  chr1_2652117_Sniffles2.INS.AAS0  32883 33003 (21273) + ghimalia Unknown         1     80    (0) 1901 *
  485    8.4  3.5  3.5  chr1_2652117_Sniffles2.INS.AAS0  32974 33278 (20998) + ghimalia Unknown         1     80    (0) 1902 *
  514    6.9  4.3  1.2  chr1_2652117_Sniffles2.INS.AAS0  33246 33360 (20916) + ghimalia Unknown         1     80    (0) 1903 *
  522   12.9  2.0  1.2  chr1_2652117_Sniffles2.INS.AAS0  33331 33672 (20604) + ghimalia Unknown         1     80    (0) 1904  
  266   17.9  5.3  2.7  chr1_2652117_Sniffles2.INS.AAS0  33685 33786 (20490) + ghimalia Unknown         2     80    (0) 1905  
  440   13.7  4.6  1.0  chr1_2652117_Sniffles2.INS.AAS0  33798 34018 (20258) + ghimalia Unknown         1     80    (0) 1906 *
  497    9.9  1.9  0.7  chr1_2652117_Sniffles2.INS.AAS0  33989 34139 (20137) + ghimalia Unknown         1     80    (0) 1907  
  470    7.9  4.7  0.9  chr1_2652117_Sniffles2.INS.AAS0  34171 34311 (19965) + ghimalia Unknown         1     80    (0) 1908  
  318    9.5 12.3  2.8  chr1_2652117_Sniffles2.INS.AAS0  34327 34391 (19885) + ghimalia Unknown        10     80    (0) 1909 *
  517   11.2  2.7  0.6  chr1_2652117_Sniffles2.INS.AAS0  34358 34624 (19652) + ghimalia Unknown         1     80    (0) 1910  
  588    8.5  1.2  2.0  chr1_2652117_Sniffles2.INS.AAS0  34639 35019 (19257) + ghimalia Unknown         1     80    (0) 1911  
  380   11.5  3.0  5.2  chr1_2652117_Sniffles2.INS.AAS0  34990 35191 (19085) + ghimalia Unknown         1     80    (0) 1912 *
  304   13.7  0.0  3.0  chr1_2652117_Sniffles2.INS.AAS0  35160 35227 (19049) + ghimalia Unknown         8     73    (7) 1913 *
  445   13.5  0.5  3.2  chr1_2652117_Sniffles2.INS.AAS0  35244 35437 (18839) + ghimalia Unknown         1     80    (0) 1914  
  244   17.8  4.0  2.6  chr1_2652117_Sniffles2.INS.AAS0  35438 35512 (18764) + ghimalia Unknown         1     76    (4) 1915  
  346   15.4  4.6  6.6  chr1_2652117_Sniffles2.INS.AAS0  35516 35686 (18590) + ghimalia Unknown         1     80    (0) 1916 *
  365   11.2  2.8  0.9  chr1_2652117_Sniffles2.INS.AAS0  35656 35762 (18514) + ghimalia Unknown         4     80    (0) 1917  
  466   10.7  1.9  1.1  chr1_2652117_Sniffles2.INS.AAS0  35784 35963 (18313) + ghimalia Unknown         1     80    (0) 1918  
  519    7.4  3.0  0.6  chr1_2652117_Sniffles2.INS.AAS0  35969 36153 (18123) + ghimalia Unknown         1     80    (0) 1919  
  360   14.9  4.0  1.3  chr1_2652117_Sniffles2.INS.AAS0  36162 36236 (18040) + ghimalia Unknown         1     77    (3) 1920  
  580    8.7  1.5  0.3  chr1_2652117_Sniffles2.INS.AAS0  36238 36590 (17686) + ghimalia Unknown         1     80    (0) 1921  
  275    7.4 15.3  6.4  chr1_2652117_Sniffles2.INS.AAS0  36598 36669 (17607) + ghimalia Unknown         3     80    (0) 1922 *
  448   12.5  4.4  0.0  chr1_2652117_Sniffles2.INS.AAS0  36644 36744 (17532) + ghimalia Unknown         1     80    (0) 1923 *
  575    8.1  1.4  0.9  chr1_2652117_Sniffles2.INS.AAS0  36712 36947 (17329) + ghimalia Unknown         1     80    (0) 1924  
  474    6.4  6.8  1.7  chr1_2652117_Sniffles2.INS.AAS0  36915 37060 (17216) + ghimalia Unknown         1     80    (0) 1925 *
  332   10.0  3.3  0.0  chr1_2652117_Sniffles2.INS.AAS0  37028 37087 (17189) + ghimalia Unknown         7     68   (12) 1925 *
  255   17.7  1.2  3.8  chr1_2652117_Sniffles2.INS.AAS0  37061 37142 (17134) + ghimalia Unknown         1     80    (0) 1926 *
  449   14.5  0.5  0.5  chr1_2652117_Sniffles2.INS.AAS0  37144 37374 (16902) + ghimalia Unknown         1     80    (0) 1927  
  396   11.8  4.1  4.2  chr1_2652117_Sniffles2.INS.AAS0  37347 37490 (16786) + ghimalia Unknown         1     80    (0) 1928 *
  555    9.6  1.8  0.7  chr1_2652117_Sniffles2.INS.AAS0  37467 37876 (16400) + ghimalia Unknown         1     80    (0) 1929  
  300   13.8  4.6  0.0  chr1_2652117_Sniffles2.INS.AAS0  37849 37913 (16363) + ghimalia Unknown         1     68   (12) 1929 *
  314   17.6  1.5  0.0  chr1_2652117_Sniffles2.INS.AAS0  37886 37953 (16323) + ghimalia Unknown         1     69   (11) 1929  
  513    9.1  1.9  2.0  chr1_2652117_Sniffles2.INS.AAS0  37970 38363 (15913) + ghimalia Unknown         1     80    (0) 1930  
  512    9.6  0.5  1.9  chr1_2652117_Sniffles2.INS.AAS0  38330 38521 (15755) + ghimalia Unknown         1     80    (0) 1931 *
  510   13.1  0.0  0.0  chr1_2652117_Sniffles2.INS.AAS0  38488 38642 (15634) + ghimalia Unknown         1     80    (0) 1932 *
  333   11.7  3.8  3.8  chr1_2652117_Sniffles2.INS.AAS0  38647 38726 (15550) + ghimalia Unknown         1     80    (0) 1933  
  528    9.5  2.3  2.3  chr1_2652117_Sniffles2.INS.AAS0  38728 39167 (15109) + ghimalia Unknown         1     80    (0) 1934 *
  594    4.1  0.0  2.1  chr1_2652117_Sniffles2.INS.AAS0  39137 39318 (14958) + ghimalia Unknown         1     80    (0) 1935 *
  607   10.0  0.0  0.2  chr1_2652117_Sniffles2.INS.AAS0  39291 39568 (14708) + ghimalia Unknown         1     80    (0) 1936  
  450   10.7  6.7  0.0  chr1_2652117_Sniffles2.INS.AAS0  39572 39646 (14630) + ghimalia Unknown         1     80    (0) 1937 *
  606    8.4  0.4  2.0  chr1_2652117_Sniffles2.INS.AAS0  39614 40617 (13659) + ghimalia Unknown         1     80    (0) 1938  
  598    9.5  0.6  1.4  chr1_2652117_Sniffles2.INS.AAS0  40630 41347 (12929) + ghimalia Unknown         1     80    (0) 1939  
  435   11.0  0.0  1.1  chr1_2652117_Sniffles2.INS.AAS0  41316 41408 (12868) + ghimalia Unknown         6     80    (0) 1940 *
  501    8.4  3.2  0.4  chr1_2652117_Sniffles2.INS.AAS0  41390 41622 (12654) + ghimalia Unknown         1     80    (0) 1941  
  393   18.2  1.3  0.0  chr1_2652117_Sniffles2.INS.AAS0  41590 41666 (12610) + ghimalia Unknown         3     80    (0) 1942 *
  547    9.0  2.2  2.3  chr1_2652117_Sniffles2.INS.AAS0  41633 41984 (12292) + ghimalia Unknown         1     80    (0) 1943  
  473   12.2  0.3  1.1  chr1_2652117_Sniffles2.INS.AAS0  41958 42144 (12132) + ghimalia Unknown         1     80    (0) 1944 *
  555   11.2  0.0  1.8  chr1_2652117_Sniffles2.INS.AAS0  42118 42545 (11731) + ghimalia Unknown         1     80    (0) 1945  
  575    8.0  0.5  1.5  chr1_2652117_Sniffles2.INS.AAS0  42558 42952 (11324) + ghimalia Unknown         1     80    (0) 1946  
  495   11.4  2.8  2.1  chr1_2652117_Sniffles2.INS.AAS0  42920 43390 (10886) + ghimalia Unknown         1     80    (0) 1947 *
  442   12.4  3.8  1.1  chr1_2652117_Sniffles2.INS.AAS0  43357 43506 (10770) + ghimalia Unknown         1     80    (0) 1948 *
  537   11.0  1.7  0.6  chr1_2652117_Sniffles2.INS.AAS0  43473 43706 (10570) + ghimalia Unknown         1     80    (0) 1949  
  389   11.3  1.6  0.0  chr1_2652117_Sniffles2.INS.AAS0  43678 43739 (10537) + ghimalia Unknown        11     73    (7) 1949 *
  489    9.6  2.7  1.9  chr1_2652117_Sniffles2.INS.AAS0  43707 43861 (10415) + ghimalia Unknown         1     80    (0) 1950 *
  613    6.3  0.8  0.1  chr1_2652117_Sniffles2.INS.AAS0  43835 44171 (10105) + ghimalia Unknown         1     80    (0) 1951  
  339   17.1  0.0  1.3  chr1_2652117_Sniffles2.INS.AAS0  44139 44215 (10061) + ghimalia Unknown         1     76    (4) 1952 *
  291   19.7  4.3  4.2  chr1_2652117_Sniffles2.INS.AAS0  44185 44299  (9977) + ghimalia Unknown         2     80    (0) 1953 *
  615    8.5  0.8  2.2  chr1_2652117_Sniffles2.INS.AAS0  44277 45114  (9162) + ghimalia Unknown         1     80    (0) 1954  
  560   10.6  0.9  1.4  chr1_2652117_Sniffles2.INS.AAS0  45089 45826  (8450) + ghimalia Unknown         1     80    (0) 1955 *
  374   11.8  2.6  2.6  chr1_2652117_Sniffles2.INS.AAS0  45799 45876  (8400) + ghimalia Unknown         2     79    (1) 1956 *
  566    8.9  1.4  0.7  chr1_2652117_Sniffles2.INS.AAS0  45843 46750  (7526) + ghimalia Unknown         1     80    (0) 1957  
  492    9.1  0.0  0.0  chr1_2652117_Sniffles2.INS.AAS0  46721 46818  (7458) + ghimalia Unknown         1     80    (0) 1958 *
  521   10.2  2.4  0.6  chr1_2652117_Sniffles2.INS.AAS0  46791 47380  (6896) + ghimalia Unknown         1     80    (0) 1959 *
  573    8.1  1.7  1.8  chr1_2652117_Sniffles2.INS.AAS0  47348 47898  (6378) + ghimalia Unknown         1     80    (0) 1960  
  520   12.3  0.0  1.1  chr1_2652117_Sniffles2.INS.AAS0  47928 48057  (6219) + ghimalia Unknown         1     80    (0) 1961  
  538    6.7  0.6  3.2  chr1_2652117_Sniffles2.INS.AAS0  48072 48231  (6045) + ghimalia Unknown         1     80    (0) 1962 *
  554    6.3  4.3  1.1  chr1_2652117_Sniffles2.INS.AAS0  48202 48426  (5850) + ghimalia Unknown         1     80    (0) 1963  
  534    8.1  0.9  0.0  chr1_2652117_Sniffles2.INS.AAS0  48395 48502  (5774) + ghimalia Unknown         1     80    (0) 1964 *
  546   10.6  1.6  0.8  chr1_2652117_Sniffles2.INS.AAS0  48469 49177  (5099) + ghimalia Unknown         1     80    (0) 1965  
  457   13.6  1.7  0.3  chr1_2652117_Sniffles2.INS.AAS0  49182 49458  (4818) + ghimalia Unknown         1     80    (0) 1966 *
  520    9.0  0.0  0.0  chr1_2652117_Sniffles2.INS.AAS0  49426 49566  (4710) + ghimalia Unknown         1     80    (0) 1967  
  297   18.5  0.0  4.6  chr1_2652117_Sniffles2.INS.AAS0  49587 49654  (4622) + ghimalia Unknown        11     75    (5) 1967 *
  502   11.2  2.5  0.3  chr1_2652117_Sniffles2.INS.AAS0  49630 49892  (4384) + ghimalia Unknown         1     80    (0) 1968  
  356   14.7  4.4  0.0  chr1_2652117_Sniffles2.INS.AAS0  49860 49927  (4349) + ghimalia Unknown         8     78    (2) 1969 *
  570   10.7  1.2  1.3  chr1_2652117_Sniffles2.INS.AAS0  49899 50211  (4065) + ghimalia Unknown         1     80    (0) 1970  
  440   11.2  2.0  0.0  chr1_2652117_Sniffles2.INS.AAS0  50187 50286  (3990) + ghimalia Unknown         1     77    (3) 1971 *
  545    7.7  1.2  1.9  chr1_2652117_Sniffles2.INS.AAS0  50296 50965  (3311) + ghimalia Unknown         1     80    (0) 1972  
  484   15.0  1.0  0.7  chr1_2652117_Sniffles2.INS.AAS0  50932 51163  (3113) + ghimalia Unknown         2     80    (0) 1973 *
  305   11.3  1.9  0.0  chr1_2652117_Sniffles2.INS.AAS0  51139 51191  (3085) + ghimalia Unknown        15     68   (12) 1973 *
  538    9.1  0.0  2.9  chr1_2652117_Sniffles2.INS.AAS0  51164 51573  (2703) + ghimalia Unknown         1     80    (0) 1974 *
  548    8.8  2.0  0.8  chr1_2652117_Sniffles2.INS.AAS0  51544 51888  (2388) + ghimalia Unknown         1     80    (0) 1975  
  529   10.5  1.0  0.7  chr1_2652117_Sniffles2.INS.AAS0  51855 52243  (2033) + ghimalia Unknown         1     80    (0) 1976 *
  416   11.4  0.0  1.3  chr1_2652117_Sniffles2.INS.AAS0  52212 52291  (1985) + ghimalia Unknown         1     79    (1) 1977 *
  473   13.6  0.2  4.2  chr1_2652117_Sniffles2.INS.AAS0  52294 52495  (1781) + ghimalia Unknown         1     80    (0) 1978 *
  566    9.8  0.9  1.2  chr1_2652117_Sniffles2.INS.AAS0  52463 53366   (910) + ghimalia Unknown         1     80    (0) 1979  
  320   16.2  1.5  0.0  chr1_2652117_Sniffles2.INS.AAS0  53340 53407   (869) + ghimalia Unknown         1     69   (11) 1979 *
  526   10.0  0.5  0.0  chr1_2652117_Sniffles2.INS.AAS0  53379 53566   (710) + ghimalia Unknown         1     80    (0) 1980 *
  528    9.3  0.6 12.2  chr1_2652117_Sniffles2.INS.AAS0  53539 53844   (432) + ghimalia Unknown         1     80    (0) 1981 *
  561    8.5  0.3  1.2  chr1_2652117_Sniffles2.INS.AAS0  53825 54262    (14) + ghimalia Unknown         1     80    (0) 1982  
  349    9.1  2.9  2.9  chr1_2653650_Sniffles2.INS.29ES0      1    68    (9) + ghimalia Unknown        13     80    (0) 1983  
  367   13.2  0.0  0.0  chr1_2662837_Sniffles2.INS.B0S0      1    68 (1051) + ghimalia Unknown         9     76    (4) 1984 *
  519    4.2  0.9  0.0  chr1_2662837_Sniffles2.INS.B0S0     35   139  (980) + ghimalia Unknown         1     80    (0) 1985  
  467   13.7  1.6  1.8  chr1_2662837_Sniffles2.INS.B0S0    151   464  (655) + ghimalia Unknown         1     80    (0) 1986  
  385   14.5  2.5  1.2  chr1_2662837_Sniffles2.INS.B0S0    431   549  (570) + ghimalia Unknown         1     80    (0) 1987 *
  320   14.8  0.0  0.0  chr1_2662837_Sniffles2.INS.B0S0    552   612  (507) + ghimalia Unknown        16     76    (4) 1988  
  244   10.9  1.1 21.8  chr1_2662837_Sniffles2.INS.B0S0    579   672  (447) + ghimalia Unknown         3     80    (0) 1989 *
  442   13.6  0.8  1.5  chr1_2662837_Sniffles2.INS.B0S0    714   948  (171) + ghimalia Unknown         1     80    (0) 1990  
  318   17.1  5.0  5.0  chr1_2662837_Sniffles2.INS.B0S0    916   995  (124) + ghimalia Unknown         1     80    (0) 1991 *
  263   18.4  3.1  6.5  chr1_2662837_Sniffles2.INS.B0S0    999  1062   (57) + ghimalia Unknown        14     75    (5) 1991  
  348   17.6  2.2  2.2  chr1_2667453_Sniffles2.INS.2C4S0     39   150  (393) + ghimalia Unknown         1     75    (5) 1992  
  321   10.8  7.5  2.9  chr1_2667453_Sniffles2.INS.2C4S0    189   255  (288) + ghimalia Unknown         1     70   (10) 1993 *
  447   16.1  1.0  0.7  chr1_2667453_Sniffles2.INS.2C4S0    230   385  (158) + ghimalia Unknown         1     80    (0) 1994  
  274   10.0  6.7  0.0  chr1_2667453_Sniffles2.INS.2C4S0    390   449   (94) + ghimalia Unknown         4     67   (13) 1994  
  610   10.2  0.8  0.3  chr1_2674598_Sniffles2.INS.B6S0      1   413 (4190) + ghimalia Unknown         1     80    (0) 1995  
  563    9.5  0.0  7.1  chr1_2674598_Sniffles2.INS.B6S0    385   635 (3968) + ghimalia Unknown         1     80    (0) 1996 *
  584    9.5  0.4  0.6  chr1_2674598_Sniffles2.INS.B6S0    602  1230 (3373) + ghimalia Unknown         1     80    (0) 1997 *
  606    8.2  0.3  0.4  chr1_2674598_Sniffles2.INS.B6S0   1202  1798 (2805) + ghimalia Unknown         1     80    (0) 1998 *
  615    7.7  0.3  0.4  chr1_2674598_Sniffles2.INS.B6S0   1765  2156 (2447) + ghimalia Unknown         1     80    (0) 1999  
  534    9.7  0.8  1.1  chr1_2674598_Sniffles2.INS.B6S0   2124  2561 (2042) + ghimalia Unknown         1     80    (0) 2000 *
  551   10.9  0.3  0.0  chr1_2674598_Sniffles2.INS.B6S0   2561  2915 (1688) + ghimalia Unknown         1     80    (0) 2001 *
  556    8.8  0.2  0.5  chr1_2674598_Sniffles2.INS.B6S0   2885  3067 (1536) + ghimalia Unknown         1     80    (0) 2002 *
  608    9.2  0.1  0.2  chr1_2674598_Sniffles2.INS.B6S0   3038  3793  (810) + ghimalia Unknown         1     80    (0) 2003  
  570    8.8  0.3  2.7  chr1_2674598_Sniffles2.INS.B6S0   3760  4119  (484) + ghimalia Unknown         1     80    (0) 2004 *
  494    7.1  0.0 12.6  chr1_2674598_Sniffles2.INS.B6S0   4121  4329  (274) + ghimalia Unknown         1     80    (0) 2005 *
  564    8.5  0.6  0.2  chr1_2674598_Sniffles2.INS.B6S0   4296  4602    (1) + ghimalia Unknown         1     80    (0) 2006  
  590    9.5  0.0  0.0  chr1_2682100_Sniffles2.INS.C2S0      1   112 (16125) + ghimalia Unknown         1     80    (0) 2007  
  508   13.1  0.9  0.7  chr1_2682100_Sniffles2.INS.C2S0     79   265 (15972) + ghimalia Unknown         1     80    (0) 2008 *
  606    8.8  0.0  0.2  chr1_2682100_Sniffles2.INS.C2S0    237   834 (15403) + ghimalia Unknown         1     80    (0) 2009 *
  615    7.7  0.1  0.4  chr1_2682100_Sniffles2.INS.C2S0    801  1193 (15044) + ghimalia Unknown         1     80    (0) 2010  
  534   10.0  0.6  0.3  chr1_2682100_Sniffles2.INS.C2S0   1161  1470 (14767) + ghimalia Unknown         1     80    (0) 2011 *
  519   10.5  0.4  4.3  chr1_2682100_Sniffles2.INS.C2S0   1439  1678 (14559) + ghimalia Unknown         1     80    (0) 2012 *
  608    8.3  0.1  0.1  chr1_2682100_Sniffles2.INS.C2S0   1684  2390 (13847) + ghimalia Unknown         1     80    (0) 2013 *
  610    7.9  0.3  1.3  chr1_2682100_Sniffles2.INS.C2S0   2357  4134 (12103) + ghimalia Unknown         1     80    (0) 2014  
  593    9.9  0.0  0.4  chr1_2682100_Sniffles2.INS.C2S0   4101  4817 (11420) + ghimalia Unknown         1     80    (0) 2015 *
  454   12.0  0.0  0.0  chr1_2682100_Sniffles2.INS.C2S0   4785  4889 (11348) + ghimalia Unknown         3     80    (0) 2016 *
  588    8.3  0.3  0.5  chr1_2682100_Sniffles2.INS.C2S0   4862  5461 (10776) + ghimalia Unknown         1     80    (0) 2017  
  557   11.8  0.3  0.3  chr1_2682100_Sniffles2.INS.C2S0   5462  5807 (10430) + ghimalia Unknown         1     80    (0) 2018 *
  594    9.8  0.3  0.6  chr1_2682100_Sniffles2.INS.C2S0   5781  6811  (9426) + ghimalia Unknown         1     80    (0) 2019  
  588    8.2  0.0  0.8  chr1_2682100_Sniffles2.INS.C2S0   6784  7665  (8572) + ghimalia Unknown         1     80    (0) 2020 *
  591    8.4  0.0  0.3  chr1_2682100_Sniffles2.INS.C2S0   7632  8501  (7736) + ghimalia Unknown         1     80    (0) 2021 *
  635    7.8  0.2  0.3  chr1_2682100_Sniffles2.INS.C2S0   8474 10873  (5364) + ghimalia Unknown         1     80    (0) 2022  
  624    6.1  0.0  0.6  chr1_2682100_Sniffles2.INS.C2S0  10840 11351  (4886) + ghimalia Unknown         1     80    (0) 2023 *
  608    8.6  0.4  0.3  chr1_2682100_Sniffles2.INS.C2S0  11321 12435  (3802) + ghimalia Unknown         1     80    (0) 2024 *
  377   14.1  0.0  0.0  chr1_2682100_Sniffles2.INS.C2S0  12404 12467  (3770) + ghimalia Unknown         5     68   (12) 2024 *
  613    7.1  0.2  0.2  chr1_2682100_Sniffles2.INS.C2S0  12440 13070  (3167) + ghimalia Unknown         1     80    (0) 2025  
  331   10.9  0.0 19.7  chr1_2682100_Sniffles2.INS.C2S0  13043 13133  (3104) + ghimalia Unknown         1     76    (4) 2026 *
  593   10.0  0.1  0.3  chr1_2682100_Sniffles2.INS.C2S0  13104 14099  (2138) + ghimalia Unknown         1     80    (0) 2027  
  453    9.3  0.9  0.0  chr1_2682100_Sniffles2.INS.C2S0  14066 14175  (2062) + ghimalia Unknown         1     80    (0) 2028 *
  616    9.4  0.1  0.5  chr1_2682100_Sniffles2.INS.C2S0  14146 15863   (374) + ghimalia Unknown         1     80    (0) 2029  
  580    6.2  0.5  0.5  chr1_2682100_Sniffles2.INS.C2S0  15864 16236     (1) + ghimalia Unknown         1     80    (0) 2030  
  462   10.6  0.3  0.0  chr1_2692330_Sniffles2.INS.97S0      2    91 (3074) + ghimalia Unknown         1     80    (0) 2031 *
  528    9.7  0.0  2.1  chr1_2692330_Sniffles2.INS.97S0     62   301 (2864) + ghimalia Unknown         1     80    (0) 2032  
  484   10.3  0.0  1.4  chr1_2692330_Sniffles2.INS.97S0    302   416 (2749) + ghimalia Unknown         1     80    (0) 2033  
  435   12.0  1.3  0.0  chr1_2692330_Sniffles2.INS.97S0    385   459 (2706) + ghimalia Unknown         1     76    (4) 2034 *
  576    4.6  1.6  0.3  chr1_2692330_Sniffles2.INS.97S0    463   616 (2549) + ghimalia Unknown         1     80    (0) 2035  
  505   12.6  0.6  2.0  chr1_2692330_Sniffles2.INS.97S0    584   976 (2189) + ghimalia Unknown         1     80    (0) 2036 *
  482   10.1  1.0  3.3  chr1_2692330_Sniffles2.INS.97S0    944  1183 (1982) + ghimalia Unknown         1     80    (0) 2037 *
  385   10.9  4.8  0.0  chr1_2692330_Sniffles2.INS.97S0   1151  1255 (1910) + ghimalia Unknown         1     77    (3) 2038 *
  554    8.9  1.0  1.0  chr1_2692330_Sniffles2.INS.97S0   1226  1853 (1312) + ghimalia Unknown         1     80    (0) 2039  
  460   15.5  1.2  1.3  chr1_2692330_Sniffles2.INS.97S0   1858  2053 (1112) + ghimalia Unknown         1     80    (0) 2040 *
  521    8.1  1.6  1.9  chr1_2692330_Sniffles2.INS.97S0   2020  2179  (986) + ghimalia Unknown         1     80    (0) 2041 *
  567    6.6  2.4  0.8  chr1_2692330_Sniffles2.INS.97S0   2151  2368  (797) + ghimalia Unknown         1     80    (0) 2042  
  531    9.3  0.6  0.5  chr1_2692330_Sniffles2.INS.97S0   2367  2997  (168) + ghimalia Unknown         1     80    (0) 2043 *
  503    7.2  0.8  4.0  chr1_2692330_Sniffles2.INS.97S0   3001  3164    (1) + ghimalia Unknown         1     80    (0) 2044  
  529    9.3  0.0  0.0  chr1_2701123_Sniffles2.INS.8CS0      1   160    (0) + ghimalia Unknown         1     80    (0) 2045  
  454   15.0  0.0  0.0  chr1_2747065_Sniffles2.INS.A4S0      3    82 (2168) + ghimalia Unknown         1     80    (0) 2046  
  295   12.3  6.9  1.6  chr1_2747065_Sniffles2.INS.A4S0     82   139 (2111) + ghimalia Unknown        20     80    (0) 2047 *
  401   16.2  3.4  1.3  chr1_2747065_Sniffles2.INS.A4S0    140   321 (1929) + ghimalia Unknown         1     80    (0) 2048 *
  402   16.9  0.0  2.6  chr1_2747065_Sniffles2.INS.A4S0    321   399 (1851) + ghimalia Unknown         1     77    (3) 2049  
  502   10.0  0.0  0.7  chr1_2747065_Sniffles2.INS.A4S0    412   549 (1701) + ghimalia Unknown         1     80    (0) 2050  
  419    6.5  1.1 15.0  chr1_2747065_Sniffles2.INS.A4S0    521   611 (1639) + ghimalia Unknown         1     80    (0) 2051 *
  412    4.9  3.3  0.0  chr1_2747065_Sniffles2.INS.A4S0    582   642 (1608) + ghimalia Unknown        11     73    (7) 2051 *
  390   15.0  4.0  0.9  chr1_2747065_Sniffles2.INS.A4S0    636   747 (1503) + ghimalia Unknown         1     80    (0) 2052 *
  358   12.2  3.5  2.3  chr1_2747065_Sniffles2.INS.A4S0    718   970 (1280) + ghimalia Unknown         1     80    (0) 2053 *
  407   12.4  3.0 12.4  chr1_2747065_Sniffles2.INS.A4S0    950  1157 (1093) + ghimalia Unknown         1     80    (0) 2054 *
  456    6.5  0.0  4.5  chr1_2747065_Sniffles2.INS.A4S0   1125  1225 (1025) + ghimalia Unknown         3     80    (0) 2055  
  257    9.8 24.6  0.0  chr1_2747065_Sniffles2.INS.A4S0   1201  1261  (989) + ghimalia Unknown         1     76    (4) 2056 *
  425   10.5  5.2  2.4  chr1_2747065_Sniffles2.INS.A4S0   1233  1377  (873) + ghimalia Unknown         3     80    (0) 2057  
  508   10.3  0.9  1.6  chr1_2747065_Sniffles2.INS.A4S0   1409  1595  (655) + ghimalia Unknown         1     80    (0) 2058  
  442   13.3  0.0  3.7  chr1_2747065_Sniffles2.INS.A4S0   1626  1784  (466) + ghimalia Unknown         1     78    (2) 2059  
  571   10.1  5.6  3.7  chr1_2747065_Sniffles2.INS.A4S0   1799  2079  (171) + ghimalia Unknown         1     80    (0) 2060  
  353   11.0  2.7  4.6  chr1_2747065_Sniffles2.INS.A4S0   2056  2157   (93) + ghimalia Unknown         3     80    (0) 2061 *
  359   11.4  8.6  0.0  chr1_2747065_Sniffles2.INS.A4S0   2124  2193   (57) + ghimalia Unknown         1     76    (4) 2062 *
  410   15.2  0.6  0.0  chr1_2747065_Sniffles2.INS.A4S0   2160  2244    (6) + ghimalia Unknown         3     80    (0) 2063  
  354   17.5  0.0  0.0  chr1_2747159_Sniffles2.INS.B6S0      1    80    (1) + ghimalia Unknown         5     80    (0) 2064  
  522   10.1  0.0  0.0  chr1_2747691_Sniffles2.INS.B9S0      1   169  (109) + ghimalia Unknown         1     80    (0) 2065  
  319   18.3  0.0  0.0  chr1_2747691_Sniffles2.INS.B9S0    163   233   (45) + ghimalia Unknown         6     76    (4) 2066 *
  393   17.8  0.0  0.0  chr1_2747691_Sniffles2.INS.B9S0    200   272    (6) + ghimalia Unknown         3     75    (5) 2067  
  606    6.6  0.0  0.0  chr1_2748552_Sniffles2.INS.BBS0      1   159    (1) + ghimalia Unknown         1     80    (0) 2068  
  297   12.0  0.0  6.0  chr1_2749154_Sniffles2.INS.ADS0      4    74 (4906) + ghimalia Unknown         1     67   (13) 2069  
  520   11.7  0.0  0.0  chr1_2749154_Sniffles2.INS.ADS0    159   312 (4668) + ghimalia Unknown         1     80    (0) 2069  
  356   16.2  0.0  0.0  chr1_2749154_Sniffles2.INS.ADS0    284   351 (4629) + ghimalia Unknown         1     68   (12) 2069 *
  376   14.5  0.0  0.0  chr1_2749154_Sniffles2.INS.ADS0    324   392 (4588) + ghimalia Unknown         1     69   (11) 2069 *
  563    8.2  0.3  8.1  chr1_2749154_Sniffles2.INS.ADS0    364   622 (4358) + ghimalia Unknown         1     80    (0) 2070 *
  616    7.3  0.5  1.6  chr1_2749154_Sniffles2.INS.ADS0    591  1115 (3865) + ghimalia Unknown         1     80    (0) 2071  
  594    9.7  1.6  0.2  chr1_2749154_Sniffles2.INS.ADS0   1082  1427 (3553) + ghimalia Unknown         1     80    (0) 2072 *
  548    8.2  0.6  2.3  chr1_2749154_Sniffles2.INS.ADS0   1399  1783 (3197) + ghimalia Unknown         1     80    (0) 2073 *
  590    6.0  0.4  2.3  chr1_2749154_Sniffles2.INS.ADS0   1750  2159 (2821) + ghimalia Unknown         1     80    (0) 2074  
  488   12.2  0.0  7.1  chr1_2749154_Sniffles2.INS.ADS0   2161  2322 (2658) + ghimalia Unknown         1     80    (0) 2075  
  439   16.4  0.0 10.3  chr1_2749154_Sniffles2.INS.ADS0   2294  2551 (2429) + ghimalia Unknown         1     80    (0) 2076 *
  346   13.0  0.0  0.0  chr1_2749154_Sniffles2.INS.ADS0   2551  2604 (2376) + ghimalia Unknown        15     68   (12) 2076 *
  415   15.0  0.0  9.2  chr1_2749154_Sniffles2.INS.ADS0   2577  2747 (2233) + ghimalia Unknown         1     80    (0) 2077 *
  524   12.7  0.5  1.1  chr1_2749154_Sniffles2.INS.ADS0   2716  3720 (1260) + ghimalia Unknown         1     80    (0) 2078  
  503   11.2  0.8  4.0  chr1_2749154_Sniffles2.INS.ADS0   3693  4192  (788) + ghimalia Unknown         1     80    (0) 2079 *
  539   10.2  0.0  1.9  chr1_2749154_Sniffles2.INS.ADS0   4159  4592  (388) + ghimalia Unknown         1     80    (0) 2080 *
  544    6.6  1.2  5.4  chr1_2749154_Sniffles2.INS.ADS0   4566  4762  (218) + ghimalia Unknown         1     80    (0) 2081  
  506   13.4  0.0  1.9  chr1_2749154_Sniffles2.INS.ADS0   4729  4886   (94) + ghimalia Unknown         1     80    (0) 2082 *
  322   13.1  0.0  1.3  chr1_2749154_Sniffles2.INS.ADS0   4900  4978    (2) + ghimalia Unknown         1     80    (0) 2083  
  541   11.4  0.0  1.7  chr1_2749499_Sniffles2.INS.A2S0      1   323 (1687) + ghimalia Unknown         1     80    (0) 2084 *
  595    7.1  0.0  1.7  chr1_2749499_Sniffles2.INS.A2S0    322   804 (1206) + ghimalia Unknown         1     80    (0) 2085  
  477   11.6  0.0  5.0  chr1_2749499_Sniffles2.INS.A2S0    806  1044  (966) + ghimalia Unknown         1     80    (0) 2086  
  380   15.3  1.4  0.0  chr1_2749499_Sniffles2.INS.A2S0   1013  1084  (926) + ghimalia Unknown         3     75    (5) 2087 *
  488   13.6  0.5  9.5  chr1_2749499_Sniffles2.INS.A2S0   1051  1242  (768) + ghimalia Unknown         1     80    (0) 2088  
  413   13.0  0.0  0.0  chr1_2749499_Sniffles2.INS.A2S0   1247  1315  (695) + ghimalia Unknown         1     69   (11) 2088 *
  571    9.4  0.3  1.0  chr1_2749499_Sniffles2.INS.A2S0   1287  1606  (404) + ghimalia Unknown         1     80    (0) 2089  
  588    8.6  0.0  1.1  chr1_2749499_Sniffles2.INS.A2S0   1607  2007    (3) + ghimalia Unknown         1     80    (0) 2090  
  584    7.9  1.4  0.0  chr1_2750276_Sniffles2.INS.96S0      2   192  (209) + ghimalia Unknown         1     80    (0) 2091  
  493   13.1  0.0  0.0  chr1_2750276_Sniffles2.INS.96S0    160   379   (22) + ghimalia Unknown         1     80    (0) 2092 *
  584    7.9  1.4  0.0  chr1_2750276_Sniffles2.INS.C0S0      5   195 (3976) + ghimalia Unknown         1     80    (0) 2093  
  493   13.1  0.0  0.0  chr1_2750276_Sniffles2.INS.C0S0    163   382 (3789) + ghimalia Unknown         1     80    (0) 2094 *
  542    8.9  0.0  3.0  chr1_2750276_Sniffles2.INS.C0S0    356   563 (3608) + ghimalia Unknown         1     80    (0) 2095  
  550    8.2  0.9  0.4  chr1_2750276_Sniffles2.INS.C0S0    565   835 (3336) + ghimalia Unknown         1     80    (0) 2096  
  509   10.2  0.0  0.8  chr1_2750276_Sniffles2.INS.C0S0    802  1065 (3106) + ghimalia Unknown         1     80    (0) 2097 *
  591    9.5  0.1  1.8  chr1_2750276_Sniffles2.INS.C0S0   1040  1518 (2653) + ghimalia Unknown         1     80    (0) 2098  
  374   16.5  1.3  0.5  chr1_2750276_Sniffles2.INS.C0S0   1491  1605 (2566) + ghimalia Unknown         1     76    (4) 2099 *
  454   12.0  0.0  0.0  chr1_2750276_Sniffles2.INS.C0S0   1573  1677 (2494) + ghimalia Unknown         3     80    (0) 2100  
  577    7.2  0.2  0.8  chr1_2750276_Sniffles2.INS.C0S0   1682  2146 (2025) + ghimalia Unknown         1     80    (0) 2101  
  444   10.1  0.0  0.0  chr1_2750276_Sniffles2.INS.C0S0   2119  2187 (1984) + ghimalia Unknown         1     69   (11) 2101 *
  613    7.7  0.3  0.2  chr1_2750276_Sniffles2.INS.C0S0   2159  2832 (1339) + ghimalia Unknown         1     80    (0) 2102  
  575    7.6  0.0  2.3  chr1_2750276_Sniffles2.INS.C0S0   2801  3205  (966) + ghimalia Unknown         1     80    (0) 2103 *
  554    9.9  0.1  0.3  chr1_2750276_Sniffles2.INS.C0S0   3172  3554  (617) + ghimalia Unknown         1     80    (0) 2104 *
  516   10.6  0.0  0.9  chr1_2750276_Sniffles2.INS.C0S0   3527  3798  (373) + ghimalia Unknown         1     80    (0) 2105 *
  614    5.4  0.0  0.0  chr1_2750276_Sniffles2.INS.C0S0   3769  3924  (247) + ghimalia Unknown         1     80    (0) 2106  
  578    8.3  0.4  0.0  chr1_2750276_Sniffles2.INS.C0S0   3891  4127   (44) + ghimalia Unknown         1     80    (0) 2107 *
  506    6.8  1.4  0.0  chr1_2750276_Sniffles2.INS.C0S0   4094  4167    (4) + ghimalia Unknown         6     80    (0) 2108 *
  352   13.8  1.5  1.5  chr1_2750884_Sniffles2.INS.C3S0      2   100  (264) + ghimalia Unknown         3     80    (0) 2109 *
  370   13.4  4.2  1.8  chr1_2750884_Sniffles2.INS.C3S0     72   185  (179) + ghimalia Unknown         1     80    (0) 2110 *
  474   13.2  0.0  1.2  chr1_2750884_Sniffles2.INS.C3S0    153   362    (2) + ghimalia Unknown         1     80    (0) 2111  
  458    6.0  0.0  0.0  chr1_2751162_Sniffles2.INS.96S0      2    68 (3457) + ghimalia Unknown         6     72    (8) 2112 *
  527    7.9  2.2  1.4  chr1_2751162_Sniffles2.INS.96S0     37   267 (3258) + ghimalia Unknown         1     80    (0) 2113  
  439   10.1  2.3  0.4  chr1_2751162_Sniffles2.INS.96S0    239   344 (3181) + ghimalia Unknown         1     78    (2) 2114 *
  451    9.1  1.8  0.2  chr1_2751162_Sniffles2.INS.96S0    311   495 (3030) + ghimalia Unknown         1     80    (0) 2115 *
  498   11.1  7.1  1.4  chr1_2751162_Sniffles2.INS.96S0    468   656 (2869) + ghimalia Unknown         1     80    (0) 2116  
  477    8.4  0.0  0.7  chr1_2751162_Sniffles2.INS.96S0    639   801 (2724) + ghimalia Unknown         1     80    (0) 2117 *
  454   14.4  6.1  0.7  chr1_2751162_Sniffles2.INS.96S0    779   931 (2594) + ghimalia Unknown         1     80    (0) 2118 *
  308   11.9 13.4  0.0  chr1_2751162_Sniffles2.INS.96S0    901   967 (2558) + ghimalia Unknown         1     76    (4) 2119 *
  454   12.0  0.0  0.0  chr1_2751162_Sniffles2.INS.96S0    935  1039 (2486) + ghimalia Unknown         3     80    (0) 2120 *
  577    7.3  0.1  1.1  chr1_2751162_Sniffles2.INS.96S0   1012  1443 (2082) + ghimalia Unknown         1     80    (0) 2121  
  314   18.3  0.0  1.7  chr1_2751162_Sniffles2.INS.96S0   1443  1503 (2022) + ghimalia Unknown         9     68   (12) 2121 *
  352   13.1  0.0  1.4  chr1_2751162_Sniffles2.INS.96S0   1475  1544 (1981) + ghimalia Unknown         1     69   (11) 2121 *
  571    8.7  1.2  1.0  chr1_2751162_Sniffles2.INS.96S0   1516  2187 (1338) + ghimalia Unknown         1     80    (0) 2122  
  481   15.8  0.0  0.5  chr1_2751162_Sniffles2.INS.96S0   2157  2267 (1258) + ghimalia Unknown         1     80    (0) 2123 *
  575    7.2  0.2  0.5  chr1_2751162_Sniffles2.INS.96S0   2277  2555  (970) + ghimalia Unknown         1     80    (0) 2124  
  507   10.9  0.2  1.2  chr1_2751162_Sniffles2.INS.96S0   2524  2905  (620) + ghimalia Unknown         1     80    (0) 2125 *
  331   12.8  3.2  0.0  chr1_2751162_Sniffles2.INS.96S0   2878  2972  (553) + ghimalia Unknown         1     80    (0) 2126 *
  427   13.1  5.4  2.1  chr1_2751162_Sniffles2.INS.96S0   2956  3109  (416) + ghimalia Unknown         1     80    (0) 2127  
  362    8.8  1.8  0.0  chr1_2751162_Sniffles2.INS.96S0   3088  3144  (381) + ghimalia Unknown        19     76    (4) 2128 *
  578    8.6  0.7  0.0  chr1_2751162_Sniffles2.INS.96S0   3112  3347  (178) + ghimalia Unknown         1     80    (0) 2129  
  547    7.7  0.8  0.9  chr1_2751162_Sniffles2.INS.96S0   3314  3507   (18) + ghimalia Unknown         1     80    (0) 2130 *
  550    7.7  0.9  0.6  chr1_2751162_Sniffles2.INS.98S0      2   272  (370) + ghimalia Unknown         1     80    (0) 2131  
  509   10.2  0.0  0.4  chr1_2751162_Sniffles2.INS.98S0    239   501  (141) + ghimalia Unknown         1     80    (0) 2132 *
  528   11.3  0.1  0.1  chr1_2751162_Sniffles2.INS.98S0    474   639    (3) + ghimalia Unknown         1     80    (0) 2133  
  591    7.6  0.0  0.0  chr1_2751724_Sniffles2.INS.9AS0      1   194    (7) + ghimalia Unknown         1     80    (0) 2134  
  469   13.6  0.0  0.9  chr1_2752196_Sniffles2.INS.9ES0      1   113 (2651) + ghimalia Unknown         3     80    (0) 2135  
  348   14.5  0.4  6.7  chr1_2752196_Sniffles2.INS.9ES0     88   208 (2556) + ghimalia Unknown         1     79    (1) 2136 *
  454   12.0  0.0  0.0  chr1_2752196_Sniffles2.INS.9ES0    176   280 (2484) + ghimalia Unknown         3     80    (0) 2137 *
  577    6.8  0.1  1.2  chr1_2752196_Sniffles2.INS.9ES0    253   685 (2079) + ghimalia Unknown         1     80    (0) 2138  
  412   15.2  0.0  0.0  chr1_2752196_Sniffles2.INS.9ES0    685   750 (2014) + ghimalia Unknown         3     68   (12) 2138 *
  414   11.6  0.0  0.0  chr1_2752196_Sniffles2.INS.9ES0    723   791 (1973) + ghimalia Unknown         1     69   (11) 2138 *
  460   12.1  1.1  0.6  chr1_2752196_Sniffles2.INS.9ES0    763  1040 (1724) + ghimalia Unknown         1     80    (0) 2139 *
  577    6.3  0.7  0.1  chr1_2752196_Sniffles2.INS.9ES0   1007  1275 (1489) + ghimalia Unknown         1     80    (0) 2140 *
  634    6.2  0.5  0.0  chr1_2752196_Sniffles2.INS.9ES0   1243  1433 (1331) + ghimalia Unknown         1     80    (0) 2141  
  575    8.0  0.0  0.4  chr1_2752196_Sniffles2.INS.9ES0   1402  1801  (963) + ghimalia Unknown         1     80    (0) 2142 *
  554    9.9  0.0  0.3  chr1_2752196_Sniffles2.INS.9ES0   1769  2150  (614) + ghimalia Unknown         1     80    (0) 2143 *
  516   10.3  0.6  0.3  chr1_2752196_Sniffles2.INS.9ES0   2123  2392  (372) + ghimalia Unknown         1     80    (0) 2144 *
  614    5.4  0.0  0.0  chr1_2752196_Sniffles2.INS.9ES0   2363  2518  (246) + ghimalia Unknown         1     80    (0) 2145  
  556    8.3  0.9  0.0  chr1_2752196_Sniffles2.INS.9ES0   2485  2720   (44) + ghimalia Unknown         1     80    (0) 2146 *
  506    6.8  1.4  0.0  chr1_2752196_Sniffles2.INS.9ES0   2687  2760    (4) + ghimalia Unknown         6     80    (0) 2147 *
  380   21.8  0.0  0.0  chr1_2753368_Sniffles2.INS.B0S0      1    78    (3) + ghimalia Unknown         3     80    (0) 2148  
  475    7.3  1.5  0.0  chr1_2754458_Sniffles2.INS.C1S0      1    68 (2601) + ghimalia Unknown         5     73    (7) 2149  
  465   10.1  1.2 10.5  chr1_2754458_Sniffles2.INS.C1S0     36   209 (2460) + ghimalia Unknown         1     80    (0) 2150 *
  522    8.3  0.7  5.6  chr1_2754458_Sniffles2.INS.C1S0    177   586 (2083) + ghimalia Unknown         1     80    (0) 2151 *
  573   10.0  0.8  2.4  chr1_2754458_Sniffles2.INS.C1S0    554  1148 (1521) + ghimalia Unknown         1     80    (0) 2152  
  357   16.7  0.0  0.0  chr1_2754458_Sniffles2.INS.C1S0   1161  1226 (1443) + ghimalia Unknown         4     69   (11) 2152 *
  570    9.2  0.0  4.5  chr1_2754458_Sniffles2.INS.C1S0   1198  1524 (1145) + ghimalia Unknown         1     80    (0) 2153  
  557    9.9  0.5  5.8  chr1_2754458_Sniffles2.INS.C1S0   1493  2370  (299) + ghimalia Unknown         1     80    (0) 2154 *
  315   11.0  5.2  5.3  chr1_2754458_Sniffles2.INS.C1S0   2339  2452  (217) + ghimalia Unknown         1     80    (0) 2155 *
  504    9.9  1.4  6.4  chr1_2754458_Sniffles2.INS.C1S0   2420  2669    (0) + ghimalia Unknown         1     80    (0) 2156  
  401   10.0  0.0  0.0  chr1_2754825_Sniffles2.INS.C9S0      1    60   (61) + ghimalia Unknown        17     76    (4) 2157 *
  477   13.2  0.0  0.0  chr1_2754825_Sniffles2.INS.C9S0     27   120    (1) + ghimalia Unknown         1     80    (0) 2158  
  545    8.2  0.0  0.0  chr1_2756044_Sniffles2.INS.A2S0      1   127 (1282) + ghimalia Unknown         1     80    (0) 2159  
  530    9.4  0.5  0.0  chr1_2756044_Sniffles2.INS.A2S0     94   237 (1172) + ghimalia Unknown         1     80    (0) 2160 *
  278    9.3 20.4  0.0  chr1_2756044_Sniffles2.INS.A2S0    213   266 (1143) + ghimalia Unknown         3     67   (13) 2160 *
  538   11.1  0.6  0.5  chr1_2756044_Sniffles2.INS.A2S0    240   473  (936) + ghimalia Unknown         1     80    (0) 2161  
  272   17.4  4.1  3.9  chr1_2756044_Sniffles2.INS.A2S0    532   646  (763) + ghimalia Unknown         1     78    (2) 2162  
  560    9.7  0.0  6.5  chr1_2756044_Sniffles2.INS.A2S0    651  1025  (384) + ghimalia Unknown         1     80    (0) 2163  
  454   12.0  0.0  0.0  chr1_2756044_Sniffles2.INS.A2S0    993  1097  (312) + ghimalia Unknown         3     80    (0) 2164 *
  453    9.8  1.2  3.1  chr1_2756044_Sniffles2.INS.A2S0   1070  1231  (178) + ghimalia Unknown         1     80    (0) 2165 *
  552    7.5  0.0  2.0  chr1_2756044_Sniffles2.INS.A2S0   1202  1343   (66) + ghimalia Unknown         1     80    (0) 2166  
  352   14.1  5.6  0.0  chr1_2756044_Sniffles2.INS.A2S0   1314  1384   (25) + ghimalia Unknown         1     75    (5) 2167 *
  364    3.6  3.6  0.0  chr1_2756044_Sniffles2.INS.A2S0   1353  1408    (1) + ghimalia Unknown         4     61   (19) 2167  
  375   10.2  0.0  1.5  chr1_2756686_Sniffles2.INS.D0S0      1    81 (1000) + ghimalia Unknown         1     78    (2) 2168 *
  376   15.5  0.0 17.5  chr1_2756686_Sniffles2.INS.D0S0     53   146  (935) + ghimalia Unknown         1     80    (0) 2169  
  497   12.1  0.0  0.0  chr1_2756686_Sniffles2.INS.D0S0    149   333  (748) + ghimalia Unknown         1     80    (0) 2170  
  377   14.5  0.0  0.0  chr1_2756686_Sniffles2.INS.D0S0    306   374  (707) + ghimalia Unknown         1     69   (11) 2170 *
  448   12.8  0.0  3.7  chr1_2756686_Sniffles2.INS.D0S0    346   591  (490) + ghimalia Unknown         1     80    (0) 2171 *
  558   10.7  0.0  0.6  chr1_2756686_Sniffles2.INS.D0S0    562   836  (245) + ghimalia Unknown         1     80    (0) 2172  
  532   12.9  0.0  1.6  chr1_2756686_Sniffles2.INS.D0S0    803  1073    (8) + ghimalia Unknown         1     80    (0) 2173 *
  577    8.3  0.0  0.7  chr1_2758187_Sniffles2.INS.8FS0      2   160    (3) + ghimalia Unknown         1     80    (0) 2174  
  406    7.2  2.3  3.7  chr1_2761928_Sniffles2.INS.2FES0      2   225  (181) + ghimalia Unknown         1     80    (0) 2175  
  326    8.3  6.5  5.2  chr1_2761928_Sniffles2.INS.2FES0    200   314   (92) + ghimalia Unknown         4     80    (0) 2176 *
  365    7.0  4.0  5.3  chr1_2761928_Sniffles2.INS.2FES0    320   395   (11) + ghimalia Unknown         4     78    (2) 2177  
  620    7.1  0.5  0.0  chr1_2762089_Sniffles2.INS.CFS0      1   309 (3071) + ghimalia Unknown         1     80    (0) 2178  
  572   10.9  0.8  0.6  chr1_2762089_Sniffles2.INS.CFS0    279   628 (2752) + ghimalia Unknown         1     80    (0) 2179 *
  499   13.8  0.8  1.5  chr1_2762089_Sniffles2.INS.CFS0    602   828 (2552) + ghimalia Unknown         1     80    (0) 2180 *
  652    8.3  0.0  0.4  chr1_2762089_Sniffles2.INS.CFS0    800  1344 (2036) + ghimalia Unknown         1     80    (0) 2181  
  608    9.3  1.1  0.1  chr1_2762089_Sniffles2.INS.CFS0   1316  1673 (1707) + ghimalia Unknown         1     80    (0) 2182 *
  312   13.0  0.0  1.9  chr1_2762089_Sniffles2.INS.CFS0   1641  1695 (1685) + ghimalia Unknown         8     61   (19) 2183 *
  598    9.1  0.0  0.3  chr1_2762089_Sniffles2.INS.CFS0   1678  2358 (1022) + ghimalia Unknown         1     80    (0) 2184  
  582    8.0  0.1  1.1  chr1_2762089_Sniffles2.INS.CFS0   2329  3380    (0) + ghimalia Unknown         1     80    (0) 2185 *
  526   11.1  0.9  0.5  chr1_2762089_Sniffles2.INS.E3S0      3   393 (1219) + ghimalia Unknown         1     80    (0) 2186 *
  582    9.1  0.9  1.7  chr1_2762089_Sniffles2.INS.E3S0    364  1324  (288) + ghimalia Unknown         1     80    (0) 2187  
  576    6.8  1.1  0.6  chr1_2762089_Sniffles2.INS.E3S0   1292  1612    (0) + ghimalia Unknown         1     80    (0) 2188 *
  598    9.7  0.3  0.0  chr1_2762090_Sniffles2.INS.B0S0      4   308 (6765) + ghimalia Unknown         1     80    (0) 2189  
  480   13.9  0.0  1.3  chr1_2762090_Sniffles2.INS.B0S0    312   391 (6682) + ghimalia Unknown         2     80    (0) 2190  
  393   12.9  3.1  3.1  chr1_2762090_Sniffles2.INS.B0S0    362   472 (6601) + ghimalia Unknown         4     80    (0) 2191 *
  454   15.1  0.6  1.9  chr1_2762090_Sniffles2.INS.B0S0    443   797 (6276) + ghimalia Unknown         1     80    (0) 2192 *
  602    5.6  0.3  1.0  chr1_2762090_Sniffles2.INS.B0S0    768  1285 (5788) + ghimalia Unknown         1     80    (0) 2193  
  577    7.4  0.0  0.0  chr1_2762090_Sniffles2.INS.B0S0   1255  1442 (5631) + ghimalia Unknown         1     80    (0) 2194 *
  511    6.8  3.7  1.0  chr1_2762090_Sniffles2.INS.B0S0   1444  1631 (5442) + ghimalia Unknown         1     80    (0) 2195 *
  572   10.5  2.2  0.9  chr1_2762090_Sniffles2.INS.B0S0   1604  1956 (5117) + ghimalia Unknown         1     80    (0) 2196  
  499   13.7  0.8  1.5  chr1_2762090_Sniffles2.INS.B0S0   1927  2155 (4918) + ghimalia Unknown         1     80    (0) 2197 *
  591    9.5  0.9  3.7  chr1_2762090_Sniffles2.INS.B0S0   2127  2698 (4375) + ghimalia Unknown         1     80    (0) 2198  
  507   14.1  1.1  2.9  chr1_2762090_Sniffles2.INS.B0S0   2669  3064 (4009) + ghimalia Unknown         1     80    (0) 2199 *
  489   14.9  0.0  0.7  chr1_2762090_Sniffles2.INS.B0S0   3035  3185 (3888) + ghimalia Unknown         1     80    (0) 2200 *
  561   10.0  0.3  0.3  chr1_2762090_Sniffles2.INS.B0S0   3201  3750 (3323) + ghimalia Unknown         1     80    (0) 2201  
  499   15.0  0.7  1.4  chr1_2762090_Sniffles2.INS.B0S0   3721  4152 (2921) + ghimalia Unknown         1     80    (0) 2202 *
  549    6.1  0.0  0.0  chr1_2762090_Sniffles2.INS.B0S0   4167  4303 (2770) + ghimalia Unknown         1     80    (0) 2203 *
  582    6.4  0.4  0.7  chr1_2762090_Sniffles2.INS.B0S0   4274  5188 (1885) + ghimalia Unknown         1     80    (0) 2204  
  368   18.1  1.7  0.9  chr1_2762090_Sniffles2.INS.B0S0   5190  5306 (1767) + ghimalia Unknown         4     80    (0) 2205 *
  652    7.1  0.8  0.0  chr1_2762090_Sniffles2.INS.B0S0   5274  5653 (1420) + ghimalia Unknown         1     80    (0) 2206  
  563    9.0  0.8  0.8  chr1_2762090_Sniffles2.INS.B0S0   5625  5899 (1174) + ghimalia Unknown         1     80    (0) 2207 *
  573   10.4  0.4  2.1  chr1_2762090_Sniffles2.INS.B0S0   5908  6145  (928) + ghimalia Unknown         1     80    (0) 2208  
  364   10.7  0.0  1.8  chr1_2762090_Sniffles2.INS.B0S0   6119  6175  (898) + ghimalia Unknown        14     69   (11) 2208 *
  576    8.9  0.2  0.3  chr1_2762090_Sniffles2.INS.B0S0   6150  6738  (335) + ghimalia Unknown         1     80    (0) 2209  
  461   14.4  0.8  1.7  chr1_2762090_Sniffles2.INS.B0S0   6710  6831  (242) + ghimalia Unknown         1     80    (0) 2210 *
  499   14.5  1.4  1.9  chr1_2762090_Sniffles2.INS.B0S0   6803  7070    (3) + ghimalia Unknown         1     80    (0) 2211  
  577    7.6  0.8  0.5  chr1_2762092_Sniffles2.INS.ADS0      1   423 (4680) + ghimalia Unknown         1     80    (0) 2212  
  522    8.2  2.4  0.9  chr1_2762092_Sniffles2.INS.ADS0    390   538 (4565) + ghimalia Unknown         1     80    (0) 2213 *
  476   14.3  0.0  2.1  chr1_2762092_Sniffles2.INS.ADS0    507   630 (4473) + ghimalia Unknown         1     80    (0) 2214 *
  497   12.8  0.3  1.3  chr1_2762092_Sniffles2.INS.ADS0    601   751 (4352) + ghimalia Unknown         1     80    (0) 2215  
  324   23.9  0.0  0.0  chr1_2762092_Sniffles2.INS.ADS0    723   789 (4314) + ghimalia Unknown        12     78    (2) 2215 *
  418   14.9  0.7  2.1  chr1_2762092_Sniffles2.INS.ADS0    761   904 (4199) + ghimalia Unknown         1     80    (0) 2216 *
  484   13.7  0.0  2.1  chr1_2762092_Sniffles2.INS.ADS0    876  1112 (3991) + ghimalia Unknown         1     80    (0) 2217 *
  652    4.8  0.4  0.0  chr1_2762092_Sniffles2.INS.ADS0   1079  1344 (3759) + ghimalia Unknown         1     80    (0) 2218  
  577    8.3  0.3  0.6  chr1_2762092_Sniffles2.INS.ADS0   1316  1637 (3466) + ghimalia Unknown         1     80    (0) 2219 *
  591    8.4  0.4  0.4  chr1_2762092_Sniffles2.INS.ADS0   1604  2553 (2550) + ghimalia Unknown         1     80    (0) 2220  
  563    8.5  0.3  1.2  chr1_2762092_Sniffles2.INS.ADS0   2522  3081 (2022) + ghimalia Unknown         1     80    (0) 2221 *
  630    8.9  0.4  0.7  chr1_2762092_Sniffles2.INS.ADS0   3052  4240  (863) + ghimalia Unknown         1     80    (0) 2222  
  466   11.8  0.3  0.9  chr1_2762092_Sniffles2.INS.ADS0   4245  4477  (626) + ghimalia Unknown         1     80    (0) 2223 *
  566   11.0  0.2  0.5  chr1_2762092_Sniffles2.INS.ADS0   4445  4645  (458) + ghimalia Unknown         1     80    (0) 2224  
  507   14.8  0.8  2.3  chr1_2762092_Sniffles2.INS.ADS0   4650  5102    (1) + ghimalia Unknown         1     80    (0) 2225  
  620    8.0  0.3  1.2  chr1_2762089_Sniffles2.INS.9CS0      1   545 (14915) + ghimalia Unknown         1     80    (0) 2226  
  476   14.3  0.0  0.8  chr1_2762089_Sniffles2.INS.9CS0    517   637 (14823) + ghimalia Unknown         1     80    (0) 2227 *
  497   12.9  0.8  1.8  chr1_2762089_Sniffles2.INS.9CS0    608   797 (14663) + ghimalia Unknown         1     80    (0) 2228  
  476   13.9  2.9  0.8  chr1_2762089_Sniffles2.INS.9CS0    769  1112 (14348) + ghimalia Unknown         1     80    (0) 2229 *
  612    4.9  0.9  0.0  chr1_2762089_Sniffles2.INS.9CS0   1083  1300 (14160) + ghimalia Unknown         1     80    (0) 2230  
  605    8.6  0.3  0.6  chr1_2762089_Sniffles2.INS.9CS0   1272  4038 (11422) + ghimalia Unknown         1     80    (0) 2231 *
  565   10.8  0.1  0.3  chr1_2762089_Sniffles2.INS.9CS0   4044  4600 (10860) + ghimalia Unknown         1     80    (0) 2232  
  507   13.3  0.6  2.5  chr1_2762089_Sniffles2.INS.9CS0   4571  4883 (10577) + ghimalia Unknown         1     80    (0) 2233 *
  417   17.7  0.7  0.0  chr1_2762089_Sniffles2.INS.9CS0   4892  5070 (10390) + ghimalia Unknown         1     80    (0) 2234  
  361   20.8  1.3  0.0  chr1_2762089_Sniffles2.INS.9CS0   5071  5147 (10313) + ghimalia Unknown         1     78    (2) 2235 *
  652    8.2  0.1  0.3  chr1_2762089_Sniffles2.INS.9CS0   5119  5660  (9800) + ghimalia Unknown         1     80    (0) 2236  
  605    8.4  0.2  0.4  chr1_2762089_Sniffles2.INS.9CS0   5632  8235  (7225) + ghimalia Unknown         1     80    (0) 2237 *
  569   11.3  0.4  0.0  chr1_2762089_Sniffles2.INS.9CS0   8203  8958  (6502) + ghimalia Unknown         1     80    (0) 2238 *
  454   12.3  0.0  2.7  chr1_2762089_Sniffles2.INS.9CS0   8929  9075  (6385) + ghimalia Unknown         1     80    (0) 2239 *
  620    9.5  0.2  0.3  chr1_2762089_Sniffles2.INS.9CS0   9042  9957  (5503) + ghimalia Unknown         1     80    (0) 2240  
  571    8.1  0.7  0.0  chr1_2762089_Sniffles2.INS.9CS0   9963 10110  (5350) + ghimalia Unknown         1     80    (0) 2241  
  476   13.9  0.0  1.3  chr1_2762089_Sniffles2.INS.9CS0  10122 10201  (5259) + ghimalia Unknown         2     80    (0) 2242 *
  497   13.7  0.8  1.0  chr1_2762089_Sniffles2.INS.9CS0  10172 10360  (5100) + ghimalia Unknown         1     80    (0) 2243  
  458   12.1  0.0  2.3  chr1_2762089_Sniffles2.INS.9CS0  10332 10445  (5015) + ghimalia Unknown         1     80    (0) 2244 *
  652    7.2  0.0  0.0  chr1_2762089_Sniffles2.INS.9CS0  10450 10875  (4585) + ghimalia Unknown         1     80    (0) 2245  
  630    9.1  0.3  0.4  chr1_2762089_Sniffles2.INS.9CS0  10847 14180  (1280) + ghimalia Unknown         1     80    (0) 2246 *
  620    9.5  0.5  0.4  chr1_2762089_Sniffles2.INS.9CS0  14151 15331   (129) + ghimalia Unknown         1     80    (0) 2247 *
  476   14.3  0.0  0.8  chr1_2762089_Sniffles2.INS.9CS0  15303 15423    (37) + ghimalia Unknown         1     80    (0) 2248 *
  382   11.7  0.0  1.7  chr1_2762089_Sniffles2.INS.9CS0  15394 15454     (6) + ghimalia Unknown        11     70   (10) 2248 *
  552    8.5  0.2  1.1  chr1_2763677_Sniffles2.INS.A0S0     10   209 (4837) + ghimalia Unknown         1     80    (0) 2249 *
  630    9.2  0.3  0.5  chr1_2763677_Sniffles2.INS.A0S0    180  2773 (2273) + ghimalia Unknown         1     80    (0) 2250  
  565    9.8  0.0  0.4  chr1_2763677_Sniffles2.INS.A0S0   2741  3055 (1991) + ghimalia Unknown         1     80    (0) 2251 *
  486   14.1  0.4  2.6  chr1_2763677_Sniffles2.INS.A0S0   3026  3259 (1787) + ghimalia Unknown         1     80    (0) 2252 *
  380   18.2  0.0  2.9  chr1_2763677_Sniffles2.INS.A0S0   3261  3426 (1620) + ghimalia Unknown         1     80    (0) 2253 *
  539   11.2  0.8  0.0  chr1_2763677_Sniffles2.INS.A0S0   3397  3664 (1382) + ghimalia Unknown         1     80    (0) 2254 *
  620    9.1  0.9  0.2  chr1_2763677_Sniffles2.INS.A0S0   3632  4337  (709) + ghimalia Unknown         1     80    (0) 2255 *
  652    8.4  0.0  0.4  chr1_2763677_Sniffles2.INS.A0S0   4309  4851  (195) + ghimalia Unknown         1     80    (0) 2256  
  608    8.0  1.3  0.0  chr1_2763677_Sniffles2.INS.A0S0   4823  5045    (1) + ghimalia Unknown         1     80    (0) 2257 *
  555   11.0  0.0  0.0  chr1_2763686_Sniffles2.INS.DCS0      2   161 (1690) + ghimalia Unknown         1     80    (0) 2258  
  564   10.5  0.0  1.1  chr1_2763686_Sniffles2.INS.DCS0    170   405 (1446) + ghimalia Unknown         1     80    (0) 2259 *
  596    9.5  0.1  0.3  chr1_2763686_Sniffles2.INS.DCS0    379  1088  (763) + ghimalia Unknown         1     80    (0) 2260  
  499   14.1  0.4  1.5  chr1_2763686_Sniffles2.INS.DCS0   1059  1288  (563) + ghimalia Unknown         1     80    (0) 2261 *
  443   10.3  1.5  0.0  chr1_2763686_Sniffles2.INS.DCS0   1260  1327  (524) + ghimalia Unknown        10     78    (2) 2262 *
  652    8.4  0.0  0.1  chr1_2763686_Sniffles2.INS.DCS0   1333  1800   (51) + ghimalia Unknown         1     80    (0) 2263  
  510   13.9  0.0  0.0  chr1_2763686_Sniffles2.INS.DCS0   1772  1850    (1) + ghimalia Unknown         1     79    (1) 2264 *
  580    8.3  0.1  1.6  chr1_2763696_Sniffles2.INS.CCS0      1   762 (10901) + ghimalia Unknown         1     80    (0) 2265 *
  599    8.9  0.0  0.9  chr1_2763696_Sniffles2.INS.CCS0    730  1404 (10259) + ghimalia Unknown         1     80    (0) 2266 *
  630    9.4  0.4  0.4  chr1_2763696_Sniffles2.INS.CCS0   1377  2575  (9088) + ghimalia Unknown         1     80    (0) 2267  
  517   10.6  0.8  0.0  chr1_2763696_Sniffles2.INS.CCS0   2544  2768  (8895) + ghimalia Unknown         1     80    (0) 2268 *
  421   15.8  0.9  2.0  chr1_2763696_Sniffles2.INS.CCS0   2770  3076  (8587) + ghimalia Unknown         1     80    (0) 2269 *
  555   10.1  0.4  0.5  chr1_2763696_Sniffles2.INS.CCS0   3045  3280  (8383) + ghimalia Unknown         1     80    (0) 2270  
  577    8.2  0.0  2.9  chr1_2763696_Sniffles2.INS.CCS0   3281  3842  (7821) + ghimalia Unknown         1     80    (0) 2271 *
  630    9.1  0.2  0.8  chr1_2763696_Sniffles2.INS.CCS0   3842  6097  (5566) + ghimalia Unknown         1     80    (0) 2272  
  565   10.3  0.1  0.8  chr1_2763696_Sniffles2.INS.CCS0   6065  6468  (5195) + ghimalia Unknown         1     80    (0) 2273 *
  539   12.2  0.2  2.1  chr1_2763696_Sniffles2.INS.CCS0   6439  7344  (4319) + ghimalia Unknown         1     80    (0) 2274 *
  440   13.7  4.0  3.3  chr1_2763696_Sniffles2.INS.CCS0   7323  7554  (4109) + ghimalia Unknown         1     80    (0) 2275 *
  569   11.6  0.4  4.7  chr1_2763696_Sniffles2.INS.CCS0   7522  8016  (3647) + ghimalia Unknown         1     80    (0) 2276  
  507   15.5  1.2  2.0  chr1_2763696_Sniffles2.INS.CCS0   7987  8456  (3207) + ghimalia Unknown         1     80    (0) 2277 *
  598    9.3  0.1  0.8  chr1_2763696_Sniffles2.INS.CCS0   8423  9022  (2641) + ghimalia Unknown         1     80    (0) 2278 *
  620    8.4  0.4  0.3  chr1_2763696_Sniffles2.INS.CCS0   8993 10617  (1046) + ghimalia Unknown         1     80    (0) 2279  
  476   14.3  0.0  0.8  chr1_2763696_Sniffles2.INS.CCS0  10589 10709   (954) + ghimalia Unknown         1     80    (0) 2280 *
  499   13.7  0.4  1.5  chr1_2763696_Sniffles2.INS.CCS0  10680 10909   (754) + ghimalia Unknown         1     80    (0) 2281 *
  652    8.3  0.0  0.3  chr1_2763696_Sniffles2.INS.CCS0  10881 11423   (240) + ghimalia Unknown         1     80    (0) 2282  
  608    6.7  1.4  0.0  chr1_2763696_Sniffles2.INS.CCS0  11395 11586    (77) + ghimalia Unknown         1     80    (0) 2283 *
  402   13.7  1.0  3.0  chr1_2763696_Sniffles2.INS.CCS0  11556 11659     (4) + ghimalia Unknown         2     77    (3) 2284 *
  556    7.6  0.6  5.6  chr1_2763979_Sniffles2.INS.89S0      1   322 (3024) + ghimalia Unknown         1     80    (0)  2285  
  540   12.3  0.0  2.1  chr1_2763979_Sniffles2.INS.89S0    326   608 (2738) + ghimalia Unknown         1     80    (0)  2286  
  434   16.3  1.9  1.5  chr1_2763979_Sniffles2.INS.89S0    579   805 (2541) + ghimalia Unknown         1     80    (0)  2287 *
  412   14.9  1.2  5.0  chr1_2763979_Sniffles2.INS.89S0    773   935 (2411) + ghimalia Unknown         2     80    (0)  2288 *
  582    6.8  0.5  1.0  chr1_2763979_Sniffles2.INS.89S0    976  1888 (1458) + ghimalia Unknown         1     80    (0)  2289  
  541    7.5  1.5  1.5  chr1_2763979_Sniffles2.INS.89S0   1857  2158 (1188) + ghimalia Unknown         1     80    (0)  2290 *
  495   12.0  0.7  2.7  chr1_2763979_Sniffles2.INS.89S0   2137  2423  (923) + ghimalia Unknown         1     80    (0)  2291 *
  459   13.7  1.6  2.2  chr1_2763979_Sniffles2.INS.89S0   2394  2583  (763) + ghimalia Unknown         1     80    (0)  2292 *
  515   13.0  1.6  1.2  chr1_2763979_Sniffles2.INS.89S0   2593  2982  (364) + ghimalia Unknown         1     80    (0)  2293 *
  556    4.7  0.9  0.0  chr1_2763979_Sniffles2.INS.89S0   2949  3054  (292) + ghimalia Unknown         4     80    (0)  2294  
  547    9.5  0.0  0.0  chr1_2763979_Sniffles2.INS.89S0   3023  3096  (250) + ghimalia Unknown         1     74    (6)  2295 *
  501    4.4  0.0  2.9  chr1_2763979_Sniffles2.INS.89S0   3063  3133  (213) + ghimalia Unknown         1     69   (11)  2295 *
  559    8.0  0.3  1.0  chr1_2763979_Sniffles2.INS.89S0   3105  3344    (2) + ghimalia Unknown         1     80    (0)  2296  
  439    7.0  1.4  2.7  chr1_2764013_Sniffles2.INS.D1S0      2    75 (6754) + ghimalia Unknown         5     77    (3)  2297  
  557    7.9  2.2  0.1  chr1_2764013_Sniffles2.INS.D1S0     80   476 (6353) + ghimalia Unknown         1     80    (0)  2298  
  502   14.1  0.4  4.5  chr1_2764013_Sniffles2.INS.D1S0    481   756 (6073) + ghimalia Unknown         1     80    (0)  2299  
  417   17.4  1.8  3.5  chr1_2764013_Sniffles2.INS.D1S0    737   967 (5862) + ghimalia Unknown         1     80    (0)  2300 *
  521    7.4  1.9  1.9  chr1_2764013_Sniffles2.INS.D1S0    968  1359 (5470) + ghimalia Unknown         1     80    (0)  2301  
  447    7.0  4.6  0.9  chr1_2764013_Sniffles2.INS.D1S0   1364  1475 (5354) + ghimalia Unknown         1     80    (0)  2302  
  385    9.6  3.6  0.9  chr1_2764013_Sniffles2.INS.D1S0   1442  1550 (5279) + ghimalia Unknown         1     80    (0)  2303 *
  421    9.8  2.8  4.7  chr1_2764013_Sniffles2.INS.D1S0   1566  1718 (5111) + ghimalia Unknown         1     80    (0)  2304 *
  427    8.3  0.0  4.5  chr1_2764013_Sniffles2.INS.D1S0   1686  1786 (5043) + ghimalia Unknown         1     80    (0)  2305  
  522    9.4  0.9  0.0  chr1_2764013_Sniffles2.INS.D1S0   1800  1909 (4920) + ghimalia Unknown         1     80    (0)  2306 *
  548    9.0  0.2  1.5  chr1_2764013_Sniffles2.INS.D1S0   1878  2079 (4750) + ghimalia Unknown         1     80    (0)  2307 *
  560   10.6  0.3  1.4  chr1_2764013_Sniffles2.INS.D1S0   2049  2362 (4467) + ghimalia Unknown         1     80    (0)  2308  
  428   14.1  0.0  1.4  chr1_2764013_Sniffles2.INS.D1S0   2332  2403 (4426) + ghimalia Unknown        10     80    (0)  2309 *
  499   14.7  0.4  1.5  chr1_2764013_Sniffles2.INS.D1S0   2374  2603 (4226) + ghimalia Unknown         1     80    (0)  2310 *
  652    9.6  1.2  0.3  chr1_2764013_Sniffles2.INS.D1S0   2574  3108 (3721) + ghimalia Unknown         1     80    (0)  2311  
  473    8.6  2.3  3.8  chr1_2764013_Sniffles2.INS.D1S0   3090  3278 (3551) + ghimalia Unknown         1     80    (0)  2312 *
  431   11.2  1.6  4.6  chr1_2764013_Sniffles2.INS.D1S0   3282  3443 (3386) + ghimalia Unknown         1     80    (0)  2313  
  328   13.2  7.3  0.0  chr1_2764013_Sniffles2.INS.D1S0   3411  3478 (3351) + ghimalia Unknown         8     80    (0)  2314 *
  550   11.9  2.6  2.4  chr1_2764013_Sniffles2.INS.D1S0   3446  3636 (3193) + ghimalia Unknown         1     80    (0)  2315  
  370   13.7  5.3  1.7  chr1_2764013_Sniffles2.INS.D1S0   3605  3746 (3083) + ghimalia Unknown         1     80    (0)  2316 *
  563    8.9  1.5  0.0  chr1_2764013_Sniffles2.INS.D1S0   3761  3986 (2843) + ghimalia Unknown         1     80    (0)  2317  
  450   13.7  0.0  1.4  chr1_2764013_Sniffles2.INS.D1S0   3957  4109 (2720) + ghimalia Unknown         1     80    (0)  2318 *
  385   12.9  0.0  1.6  chr1_2764013_Sniffles2.INS.D1S0   4080  4142 (2687) + ghimalia Unknown        11     72    (8)  2318 *
  499   13.0  1.2  2.5  chr1_2764013_Sniffles2.INS.D1S0   4114  4389 (2440) + ghimalia Unknown         1     80    (0)  2319  
  293   21.3  2.6  1.3  chr1_2764013_Sniffles2.INS.D1S0   4398  4473 (2356) + ghimalia Unknown         4     80    (0)  2320  
  398   19.0  0.0  3.8  chr1_2764013_Sniffles2.INS.D1S0   4475  4556 (2273) + ghimalia Unknown         2     80    (0)  2321 *
  560    7.4  1.7  1.0  chr1_2764013_Sniffles2.INS.D1S0   4530  5230 (1599) + ghimalia Unknown         1     80    (0)  2322  
  547    8.6  0.6  0.5  chr1_2764013_Sniffles2.INS.D1S0   5198  5592 (1237) + ghimalia Unknown         1     80    (0)  2323 *
  425   12.9  1.4  0.0  chr1_2764013_Sniffles2.INS.D1S0   5559  5628 (1201) + ghimalia Unknown         6     76    (4)  2324 *
  440   10.9  4.5  0.9  chr1_2764013_Sniffles2.INS.D1S0   5597  5707 (1122) + ghimalia Unknown         3     80    (0)  2325 *
  476   12.8  3.3  0.2  chr1_2764013_Sniffles2.INS.D1S0   5676  5903  (926) + ghimalia Unknown         1     80    (0)  2326  
  419   15.2  1.0  4.9  chr1_2764013_Sniffles2.INS.D1S0   5874  6110  (719) + ghimalia Unknown         1     80    (0)  2327 *
  652    8.3  0.9  0.4  chr1_2764013_Sniffles2.INS.D1S0   6082  6617  (212) + ghimalia Unknown         1     80    (0)  2328  
  574    8.1  1.7  0.0  chr1_2764013_Sniffles2.INS.D1S0   6589  6825    (4) + ghimalia Unknown         1     80    (0)  2329 *
  561    9.0  0.1  0.6  chr1_2764013_Sniffles2.INS.D4S0      2   600 (2745) + ghimalia Unknown         1     80    (0)  2330 *
  620    8.1  0.2  0.7  chr1_2764013_Sniffles2.INS.D4S0    571  2416  (929) + ghimalia Unknown         1     80    (0)  2331  
  499   13.7  0.4  1.5  chr1_2764013_Sniffles2.INS.D4S0   2387  2616  (729) + ghimalia Unknown         1     80    (0)  2332 *
  652    8.3  0.0  0.3  chr1_2764013_Sniffles2.INS.D4S0   2588  3130  (215) + ghimalia Unknown         1     80    (0)  2333  
  608    7.6  0.0  0.0  chr1_2764013_Sniffles2.INS.D4S0   3102  3341    (4) + ghimalia Unknown         1     80    (0)  2334 *
  463   15.5  0.0  0.0  chr1_2764414_Sniffles2.INS.DAS0      1   118    (3) + ghimalia Unknown         1     80    (0)  2335  
  524    5.5  5.9  0.0  chr1_2765261_Sniffles2.INS.D0S0      1   101 (3504) + ghimalia Unknown         2     80    (0)  2336  
  524   10.4  0.7  2.3  chr1_2765261_Sniffles2.INS.D0S0     80   355 (3250) + ghimalia Unknown         1     80    (0)  2337  
  599    9.3  0.4  0.5  chr1_2765261_Sniffles2.INS.D0S0    360  2802  (803) + ghimalia Unknown         1     80    (0)  2338  
  565    9.8  0.0  0.3  chr1_2765261_Sniffles2.INS.D0S0   2770  3083  (522) + ghimalia Unknown         1     80    (0)  2339 *
  522   14.1  0.4  1.5  chr1_2765261_Sniffles2.INS.D0S0   3054  3600    (5) + ghimalia Unknown         1     80    (0)  2340 *
  524    8.7  4.2  0.5  chr1_2765715_Sniffles2.INS.A6S0      2   212 (1874) + ghimalia Unknown         1     80    (0)  2341  
  576    9.3  0.8  0.9  chr1_2765715_Sniffles2.INS.A6S0    224   774 (1312) + ghimalia Unknown         1     80    (0)  2342  
  364   19.2  1.2  2.5  chr1_2765715_Sniffles2.INS.A6S0    786   865 (1221) + ghimalia Unknown         2     80    (0)  2343 *
  481   14.5  0.2  2.2  chr1_2765715_Sniffles2.INS.A6S0    835  1028 (1058) + ghimalia Unknown         1     80    (0)  2344  
  616    8.7  0.9  1.2  chr1_2765715_Sniffles2.INS.A6S0   1038  1575  (511) + ghimalia Unknown         1     80    (0)  2345  
  583    7.6  0.4  0.0  chr1_2765715_Sniffles2.INS.A6S0   1547  1775  (311) + ghimalia Unknown         1     80    (0)  2346 *
  497   12.4  0.3  3.5  chr1_2765715_Sniffles2.INS.A6S0   1747  1911  (175) + ghimalia Unknown         1     80    (0)  2347 *
  477   10.5  1.7  2.3  chr1_2765715_Sniffles2.INS.A6S0   1879  2072   (14) + ghimalia Unknown         1     80    (0)  2348 *
  578    5.1  0.0  0.0  chr1_2765715_Sniffles2.INS.E9S0      1   160    (1) + ghimalia Unknown         1     80    (0)  2349  
  599    8.9  0.3  0.7  chr1_2767281_Sniffles2.INS.D8S0      1  1840 (3042) + ghimalia Unknown         1     80    (0)  2350  
  630    7.8  0.2  0.4  chr1_2767281_Sniffles2.INS.D8S0   1848  2485 (2397) + ghimalia Unknown         1     80    (0)  2351  
  620   10.5  0.5  1.2  chr1_2767281_Sniffles2.INS.D8S0   2493  4137  (745) + ghimalia Unknown         1     80    (0)  2352  
  595   10.2  0.4  0.4  chr1_2767281_Sniffles2.INS.D8S0   4109  4562  (320) + ghimalia Unknown         1     80    (0)  2353 *
  529    9.8  0.0 12.2  chr1_2767281_Sniffles2.INS.D8S0   4542  4801   (81) + ghimalia Unknown         1     80    (0)  2354 *
  404    9.3  0.0 17.3  chr1_2767281_Sniffles2.INS.D8S0   4772  4882    (0) + ghimalia Unknown         1     80    (0)  2355 *
  392   13.9  1.7  4.3  chr1_2767395_Sniffles2.INS.BES0      1   120 (3436) + ghimalia Unknown         1     80    (0)  2356 *
  514    8.3  1.9  1.0  chr1_2767395_Sniffles2.INS.BES0     88   478 (3078) + ghimalia Unknown         1     80    (0)  2357  
  422    7.8  1.6  0.0  chr1_2767395_Sniffles2.INS.BES0    446   509 (3047) + ghimalia Unknown         8     72    (8)  2358 *
  497   10.9  1.5  2.3  chr1_2767395_Sniffles2.INS.BES0    479   803 (2753) + ghimalia Unknown         1     80    (0)  2359  
  412   15.9  0.7  1.9  chr1_2767395_Sniffles2.INS.BES0    774  1001 (2555) + ghimalia Unknown         1     80    (0)  2360 *
  380   18.2  0.7  2.3  chr1_2767395_Sniffles2.INS.BES0    970  1126 (2430) + ghimalia Unknown         4     80    (0)  2361 *
  585    9.8  0.7  1.0  chr1_2767395_Sniffles2.INS.BES0   1096  1445 (2111) + ghimalia Unknown         1     80    (0)  2362  
  529    7.2  1.1  0.3  chr1_2767395_Sniffles2.INS.BES0   1453  1841 (1715) + ghimalia Unknown         1     80    (0)  2363  
  565    8.8  1.8  0.6  chr1_2767395_Sniffles2.INS.BES0   1847  2199 (1357) + ghimalia Unknown         1     80    (0)  2364  
  473   10.7  2.9  0.5  chr1_2767395_Sniffles2.INS.BES0   2209  2440 (1116) + ghimalia Unknown         1     80    (0)  2365 *
  505   14.5  0.9  1.1  chr1_2767395_Sniffles2.INS.BES0   2411  2638  (918) + ghimalia Unknown         1     80    (0)  2366  
  458   10.8  1.4  2.8  chr1_2767395_Sniffles2.INS.BES0   2610  2752  (804) + ghimalia Unknown         1     80    (0)  2367 *
  485   10.9  2.0  1.9  chr1_2767395_Sniffles2.INS.BES0   2724  3143  (413) + ghimalia Unknown         1     80    (0)  2368 *
  631    8.1  1.4  0.0  chr1_2767395_Sniffles2.INS.BES0   3115  3429  (127) + ghimalia Unknown         1     80    (0)  2369  
  463   15.0  0.0  1.3  chr1_2767395_Sniffles2.INS.BES0   3438  3552    (4) + ghimalia Unknown         4     80    (0)  2370  
  502   12.1  0.9  0.4  chr1_2767395_Sniffles2.INS.EBS0      1   117   (86) + ghimalia Unknown         1     80    (0)  2371  
  483   13.2  0.0  1.3  chr1_2767395_Sniffles2.INS.EBS0     85   199    (4) + ghimalia Unknown         4     80    (0)  2372 *
  464    8.2  3.8  2.9  chr1_2767569_Sniffles2.INS.ACS0      1   139 (1031) + ghimalia Unknown         1     80    (0)  2373  
  421   11.0  0.0  5.0  chr1_2767569_Sniffles2.INS.ACS0    110   224  (946) + ghimalia Unknown         4     80    (0)  2374 *
  543    6.5  1.0  1.1  chr1_2767569_Sniffles2.INS.ACS0    193   384  (786) + ghimalia Unknown         1     80    (0)  2375  
  554    6.7  0.4  0.0  chr1_2767569_Sniffles2.INS.ACS0    394   500  (670) + ghimalia Unknown         1     80    (0)  2376  
  505    5.1  1.8  1.4  chr1_2767569_Sniffles2.INS.ACS0    467   573  (597) + ghimalia Unknown         1     80    (0)  2377 *
  550    8.4  1.3  1.6  chr1_2767569_Sniffles2.INS.ACS0    546   867  (303) + ghimalia Unknown         1     80    (0)  2378  
  515   13.0  0.6  2.8  chr1_2767569_Sniffles2.INS.ACS0    876  1113   (57) + ghimalia Unknown         1     80    (0)  2379  
  359   14.9  1.5  1.5  chr1_2767569_Sniffles2.INS.ACS0   1086  1153   (17) + ghimalia Unknown        13     80    (0)  2379 *
  324   15.2  1.2  6.2  chr1_2767630_Sniffles2.INS.D0S0      5    88 (7070) + ghimalia Unknown         1     80    (0)  2380 *
  499   10.6  0.7  1.6  chr1_2767630_Sniffles2.INS.D0S0     55   245 (6913) + ghimalia Unknown         1     80    (0)  2381  
  459    7.3  1.5  0.0  chr1_2767630_Sniffles2.INS.D0S0    214   281 (6877) + ghimalia Unknown         4     72    (8)  2382 *
  489    8.2  1.7  3.2  chr1_2767630_Sniffles2.INS.D0S0    250   480 (6678) + ghimalia Unknown         1     80    (0)  2383  
  375   15.4  3.9  1.7  chr1_2767630_Sniffles2.INS.D0S0    489   603 (6555) + ghimalia Unknown         1     80    (0)  2384  
  401   17.0  1.3  0.0  chr1_2767630_Sniffles2.INS.D0S0    695   870 (6288) + ghimalia Unknown         1     80    (0)  2385  
  372   16.6  2.5  5.2  chr1_2767630_Sniffles2.INS.D0S0    890  1011 (6147) + ghimalia Unknown         3     80    (0)  2386 *
  467   14.9  1.2  2.2  chr1_2767630_Sniffles2.INS.D0S0    986  1173 (5985) + ghimalia Unknown         1     80    (0)  2387  
  255   14.4  5.0  4.3  chr1_2767630_Sniffles2.INS.D0S0   1213  1312 (5846) + ghimalia Unknown         4     80    (0)  2388 *
  322   13.2  1.1 12.9  chr1_2767630_Sniffles2.INS.D0S0   1290  1419 (5739) + ghimalia Unknown         1     80    (0)  2389  
  518   10.0  0.7  1.4  chr1_2767630_Sniffles2.INS.D0S0   1425  1569 (5589) + ghimalia Unknown         1     80    (0)  2390  
  430   11.8  5.5  0.3  chr1_2767630_Sniffles2.INS.D0S0   1609  1756 (5402) + ghimalia Unknown         1     80    (0)  2391  
  274   17.1  3.8  5.1  chr1_2767630_Sniffles2.INS.D0S0   1760  1839 (5319) + ghimalia Unknown         2     80    (0)  2392 *
  300   12.9  1.6  3.2  chr1_2767630_Sniffles2.INS.D0S0   1809  1872 (5286) + ghimalia Unknown        10     72    (8)  2393 *
  431   13.0  2.5  3.2  chr1_2767630_Sniffles2.INS.D0S0   1845  2001 (5157) + ghimalia Unknown         1     80    (0)  2394  
  277   13.2  5.0  6.5  chr1_2767630_Sniffles2.INS.D0S0   2011  2120 (5038) + ghimalia Unknown         1     80    (0)  2395  
  341   15.8  4.4  0.7  chr1_2767630_Sniffles2.INS.D0S0   2126  2290 (4868) + ghimalia Unknown         1     80    (0)  2396  
  546    4.3  1.8  1.9  chr1_2767630_Sniffles2.INS.D0S0   2317  2460 (4698) + ghimalia Unknown         1     80    (0)  2397  
  525    5.9  0.0 11.6  chr1_2767630_Sniffles2.INS.D0S0   2432  2560 (4598) + ghimalia Unknown         1     80    (0)  2398 *
  325   16.7  4.4  2.9  chr1_2767630_Sniffles2.INS.D0S0   2566  2633 (4525) + ghimalia Unknown        12     80    (0)  2398 *
  364   13.8  7.2  0.9  chr1_2767630_Sniffles2.INS.D0S0   2612  2708 (4450) + ghimalia Unknown         4     80    (0)  2399 *
  520    7.7  3.9  1.8  chr1_2767630_Sniffles2.INS.D0S0   2677  2822 (4336) + ghimalia Unknown         1     80    (0)  2400  
  573    9.1  1.2  0.5  chr1_2767630_Sniffles2.INS.D0S0   2834  3144 (4014) + ghimalia Unknown         1     80    (0)  2401  
  395   11.5  0.7  6.4  chr1_2767630_Sniffles2.INS.D0S0   3168  3307 (3851) + ghimalia Unknown         1     80    (0)  2402  
  254   21.0  5.1  2.5  chr1_2767630_Sniffles2.INS.D0S0   3274  3351 (3807) + ghimalia Unknown         1     80    (0)  2403 *
  445   15.4  1.6  1.8  chr1_2767630_Sniffles2.INS.D0S0   3363  3830 (3328) + ghimalia Unknown         1     80    (0)  2404 *
  489    7.1  3.2  2.5  chr1_2767630_Sniffles2.INS.D0S0   3809  3984 (3174) + ghimalia Unknown         1     80    (0)  2405 *
  524    6.9  5.5  0.5  chr1_2767630_Sniffles2.INS.D0S0   3953  4210 (2948) + ghimalia Unknown         1     80    (0)  2406 *
  545    6.6  1.8  0.0  chr1_2767630_Sniffles2.INS.D0S0   4180  4287 (2871) + ghimalia Unknown         1     80    (0)  2407  
  515    8.7  0.0  1.3  chr1_2767630_Sniffles2.INS.D0S0   4254  4408 (2750) + ghimalia Unknown         1     80    (0)  2408 *
  351   12.4  2.5  3.0  chr1_2767630_Sniffles2.INS.D0S0   4460  4605 (2553) + ghimalia Unknown         1     80    (0)  2409  
  528   10.6  1.9  1.1  chr1_2767630_Sniffles2.INS.D0S0   4610  4788 (2370) + ghimalia Unknown         1     80    (0)  2410  
  472   10.2  3.9  2.7  chr1_2767630_Sniffles2.INS.D0S0   4860  5002 (2156) + ghimalia Unknown         1     80    (0)  2411  
  431   14.9  2.4  3.1  chr1_2767630_Sniffles2.INS.D0S0   5003  5117 (2041) + ghimalia Unknown         1     78    (2)  2412  
  411    7.9  2.6  8.8  chr1_2767630_Sniffles2.INS.D0S0   5594  5764 (1394) + ghimalia Unknown         1     80    (0)  2413  
  374   11.8  4.3  4.3  chr1_2767630_Sniffles2.INS.D0S0   5778  5880 (1278) + ghimalia Unknown         1     78    (2)  2414  
  283   23.2  4.3  0.0  chr1_2767630_Sniffles2.INS.D0S0   5849  5917 (1241) + ghimalia Unknown         1     72    (8)  2415 *
  254   23.9  1.5  0.0  chr1_2767630_Sniffles2.INS.D0S0   5888  5954 (1204) + ghimalia Unknown         3     70   (10)  2416 *
  510   11.4  3.5  2.4  chr1_2767630_Sniffles2.INS.D0S0   5927  6117 (1041) + ghimalia Unknown         1     80    (0)  2417  
  454   12.2  0.8  4.3  chr1_2767630_Sniffles2.INS.D0S0   6116  6234  (924) + ghimalia Unknown         1     80    (0)  2418 *
  323   12.8  2.0  3.8  chr1_2767630_Sniffles2.INS.D0S0   6245  6343  (815) + ghimalia Unknown         1     80    (0)  2419 *
  394   15.1  0.9  7.0  chr1_2767630_Sniffles2.INS.D0S0   6321  6471  (687) + ghimalia Unknown         1     80    (0)  2420 *
  598    7.2  0.0  0.4  chr1_2767630_Sniffles2.INS.D0S0   6470  6590  (568) + ghimalia Unknown         1     80    (0)  2420  
  561   10.8  1.3  0.6  chr1_2767630_Sniffles2.INS.D0S0   6560  6704  (454) + ghimalia Unknown         1     80    (0)  2421 *
  443   12.8  0.0  3.1  chr1_2767630_Sniffles2.INS.D0S0   6724  6837  (321) + ghimalia Unknown         2     80    (0)  2422  
  397    6.4  4.7  5.8  chr1_2767630_Sniffles2.INS.D0S0   6842  6946  (212) + ghimalia Unknown         4     80    (0)  2423  
  424   17.2  0.0  0.9  chr1_2768727_Sniffles2.INS.95S0     11   118    (0) + ghimalia Unknown         4     80    (0)  2424  
  577    7.0  0.0  1.2  chr1_2769788_Sniffles2.INS.E6S0      1   123    (1) + ghimalia Unknown         1     80    (0)  2425  
  444   14.5  0.0  1.3  chr1_2771268_Sniffles2.INS.DCS0      5    81    (0) + ghimalia Unknown         1     76    (4)  2426  
  552    9.6  0.8  0.7  chr1_2771533_Sniffles2.INS.C1S0      1   460 (3278) + ghimalia Unknown         1     80    (0)  2427  
  379   15.4  1.2  3.8  chr1_2771533_Sniffles2.INS.C1S0    465   545 (3193) + ghimalia Unknown         2     80    (0)  2428 *
  395   16.7  0.5  1.4  chr1_2771533_Sniffles2.INS.C1S0    516   624 (3114) + ghimalia Unknown         4     78    (2)  2429  
  358   17.4  1.3  1.7  chr1_2771533_Sniffles2.INS.C1S0    629   745 (2993) + ghimalia Unknown         1     80    (0)  2430  
  573    7.7  0.3  1.2  chr1_2771533_Sniffles2.INS.C1S0    751  1714 (2024) + ghimalia Unknown         1     80    (0)  2431  
  490    8.9  1.7  0.0  chr1_2771533_Sniffles2.INS.C1S0   1683  1800 (1938) + ghimalia Unknown         1     80    (0)  2432 *
  572    8.5  1.2  0.3  chr1_2771533_Sniffles2.INS.C1S0   1771  2236 (1502) + ghimalia Unknown         1     80    (0)  2433  
  434    6.7  0.0  0.0  chr1_2771533_Sniffles2.INS.C1S0   2206  2265 (1473) + ghimalia Unknown        10     69   (11)  2433 *
  457   16.3  0.0  0.4  chr1_2771533_Sniffles2.INS.C1S0   2237  2357 (1381) + ghimalia Unknown         1     80    (0)  2434 *
  499   13.8  0.4  1.5  chr1_2771533_Sniffles2.INS.C1S0   2328  2557 (1181) + ghimalia Unknown         1     80    (0)  2435 *
  532   13.4  1.0  0.4  chr1_2771533_Sniffles2.INS.C1S0   2529  2916  (822) + ghimalia Unknown         1     80    (0)  2436 *
  652    4.3  1.2  0.0  chr1_2771533_Sniffles2.INS.C1S0   2884  3062  (676) + ghimalia Unknown         1     80    (0)  2437  
  577    9.1  0.6  0.4  chr1_2771533_Sniffles2.INS.C1S0   3034  3393  (345) + ghimalia Unknown         1     80    (0)  2438 *
  528   10.2  0.8  1.3  chr1_2771533_Sniffles2.INS.C1S0   3362  3596  (142) + ghimalia Unknown         1     80    (0)  2439 *
  381   11.5  0.0  1.6  chr1_2771533_Sniffles2.INS.C1S0   3565  3626  (112) + ghimalia Unknown         9     69   (11)  2439 *
  558    8.3  0.2  1.0  chr1_2771533_Sniffles2.INS.C1S0   3601  3735    (3) + ghimalia Unknown         1     80    (0)  2440  
  451    9.7  0.0  0.0  chr1_2773395_Sniffles2.INS.C8S0      1    80    (1) + ghimalia Unknown         1     80    (0)  2441  
  450   12.5  0.0  1.4  chr1_2773803_Sniffles2.INS.F0S0     13    85 (3788) + ghimalia Unknown         9     80    (0)  2442 *
  497   14.8  0.5  1.5  chr1_2773803_Sniffles2.INS.F0S0     56   285 (3588) + ghimalia Unknown         1     80    (0)  2443  
  463   14.5  0.7  2.2  chr1_2773803_Sniffles2.INS.F0S0    257   531 (3342) + ghimalia Unknown         1     80    (0)  2444 *
  652    4.8  0.6  0.0  chr1_2773803_Sniffles2.INS.F0S0    509   796 (3077) + ghimalia Unknown         1     80    (0)  2445  
  608    8.9  0.0  0.1  chr1_2773803_Sniffles2.INS.F0S0    768  1128 (2745) + ghimalia Unknown         1     80    (0)  2446 *
  561   11.0  0.0  1.3  chr1_2773803_Sniffles2.INS.F0S0   1096  1332 (2541) + ghimalia Unknown         1     80    (0)  2447 *
  518   14.0  0.4  1.2  chr1_2773803_Sniffles2.INS.F0S0   1299  1534 (2339) + ghimalia Unknown         1     80    (0)  2448 *
  330   17.2  0.0  1.6  chr1_2773803_Sniffles2.INS.F0S0   1502  1566 (2307) + ghimalia Unknown         8     71    (9)  2449 *
  625   13.6  0.9  1.1  chr1_2773803_Sniffles2.INS.F0S0   1539  2040 (1833) + ghimalia Unknown         1     80    (0)  2450  
  364   15.5  0.0  0.0  chr1_2773803_Sniffles2.INS.F0S0   2038  2095 (1778) C ghimalia Unknown      (15)     65      8  2451 *
  281   23.0  1.3  1.3  chr1_2773803_Sniffles2.INS.F0S0   2065  2139 (1734) C ghimalia Unknown       (2)     78      4  2452 *
  240   22.9  0.0  2.9  chr1_2773803_Sniffles2.INS.F0S0   2110  2181 (1692) C ghimalia Unknown       (6)     74      5  2453 *
  464   10.5  0.0  1.8  chr1_2773803_Sniffles2.INS.F0S0   2193  2297 (1576) + ghimalia Unknown         2     80    (0)  2454 *
  469   16.4  0.5  1.4  chr1_2773803_Sniffles2.INS.F0S0   2271  2385 (1488) + ghimalia Unknown         4     80    (0)  2455  
  415   14.4  1.8  1.7  chr1_2773803_Sniffles2.INS.F0S0   2352  2587 (1286) + ghimalia Unknown         1     80    (0)  2456 *
  483   10.6  2.7  2.2  chr1_2773803_Sniffles2.INS.F0S0   2557  2666 (1207) + ghimalia Unknown         1     80    (0)  2457  
  408   14.1  1.4  1.8  chr1_2773803_Sniffles2.INS.F0S0   2633  2745 (1128) + ghimalia Unknown         4     78    (2)  2458 *
  635    6.5  0.3  0.8  chr1_2773803_Sniffles2.INS.F0S0   2751  3873    (0) + ghimalia Unknown         1     80    (0)  2459  
  488   10.5  2.2  0.3  chr1_2775141_Sniffles2.INS.C8S0      2   271 (3475) + ghimalia Unknown         1     80    (0)  2460 *
  546    9.5  0.5  1.9  chr1_2775141_Sniffles2.INS.C8S0    238   681 (3065) + ghimalia Unknown         1     80    (0)  2461  
  443   13.6  0.7  3.3  chr1_2775141_Sniffles2.INS.C8S0    652   886 (2860) + ghimalia Unknown         1     80    (0)  2462 *
  524    7.7  1.3  2.1  chr1_2775141_Sniffles2.INS.C8S0    889  1886 (1860) + ghimalia Unknown         1     80    (0)  2463  
  514    8.2  1.9  0.0  chr1_2775141_Sniffles2.INS.C8S0   1891  2044 (1702) + ghimalia Unknown         1     80    (0)  2464 *
  523    7.7  1.7  1.4  chr1_2775141_Sniffles2.INS.C8S0   2014  2393 (1353) + ghimalia Unknown         1     80    (0)  2465  
  476   13.9  0.0  1.3  chr1_2775141_Sniffles2.INS.C8S0   2408  2487 (1259) + ghimalia Unknown         2     80    (0)  2466  
  435   13.8  0.2  7.0  chr1_2775141_Sniffles2.INS.C8S0   2458  2656 (1090) + ghimalia Unknown         1     80    (0)  2467 *
  652    9.0  0.6  0.3  chr1_2775141_Sniffles2.INS.C8S0   2670  3207  (539) + ghimalia Unknown         1     80    (0)  2468  
  577    7.2  0.0  0.9  chr1_2775141_Sniffles2.INS.C8S0   3178  3334  (412) + ghimalia Unknown         1     80    (0)  2469 *
  555    8.7  1.3  0.0  chr1_2775141_Sniffles2.INS.C8S0   3303  3497  (249) + ghimalia Unknown         1     80    (0)  2470 *
  459    8.2  1.4  3.2  chr1_2775141_Sniffles2.INS.C8S0   3509  3650   (96) + ghimalia Unknown         1     80    (0)  2471 *
  507   13.4  0.4  2.1  chr1_2775141_Sniffles2.INS.C8S0   3622  3743    (3) + ghimalia Unknown         1     80    (0)  2472  
  635    3.8  0.8  0.7  chr1_2777207_Sniffles2.INS.C8S0      1   400    (1) + ghimalia Unknown         1     80    (0)  2473  
   12   21.2  0.0 11.1  chr1_2820258_Sniffles2.INS.C3S0     36    95  (284) + (ACC)n   Simple_repeat      1     54    (0)  2474  
  400   16.6  4.9  3.1  chr1_2859342_Sniffles2.INS.B3S0      4  1019    (2) + G-rich   Low_complexity      1   1034    (0)  2475  
 1301   15.2  2.3  4.4  chr1_2859500_Sniffles2.INS.C3S0      2  2903    (2) + G-rich   Low_complexity      1   2842    (0)  2476  
 2035   15.4  5.7  2.0  chr1_2859527_Sniffles2.INS.F8S0      2  4758    (1) + GA-rich  Low_complexity      1   4933    (0)  2477  
 1559   15.9  6.4  0.8  chr1_2859543_Sniffles2.INS.AFS0      1  3575    (0) + GA-rich  Low_complexity      1   3774    (0)  2478  
  519   14.3  2.6  4.0  chr1_2859543_Sniffles2.INS.B6S0      1  1118    (1) + G-rich   Low_complexity      1   1103    (0)  2479  
 1131   15.1  3.1  3.8  chr1_2859543_Sniffles2.INS.BDS0      3  2547    (1) + G-rich   Low_complexity      1   2529    (0)  2480  
  221   14.1  5.7  1.9  chr1_2859559_Sniffles2.INS.C7S0      2   496    (0) + GA-rich  Low_complexity      1    513    (0)  2481  
   17   26.1  3.3  0.0  chr1_2944989_Sniffles2.INS.A0S0     11    70    (3) + (TGAGTG)n Simple_repeat      1     62    (0)  2482  
  295   14.8  2.7  1.9  chr1_3016686_Sniffles2.INS.BFS0      1   587    (6) + G-rich   Low_complexity      1    592    (0)  2483  
  198   22.5  0.5  0.0  chr1_3026038_Sniffles2.INS.C1S0      2   416    (0) + (TGA)n   Simple_repeat      1    417    (0)  2484  
 2854    1.9  0.0  0.0  chr1_3095323_Sniffles2.INS.DCS0      5   315   (15) + AluY     SINE/Alu        1    311    (0)  2485  
  117   18.8  0.9  0.4  chr1_3176152_Sniffles2.INS.C7S0      2   232    (0) + (ATCC)n  Simple_repeat      1    232    (0)  2486  
   25   24.1  3.3  2.2  chr1_3194615_Sniffles2.INS.DBS0      2    92   (11) + (CACGCCA)n Simple_repeat      1     92    (0)  2487  
   13   14.2  3.6  9.4  chr1_3316667_Sniffles2.INS.D2S0      1    56   (14) + (ACAGGAT)n Simple_repeat      1     53    (0)  2488  
  244   18.4  3.4  3.5  chr1_3351524_Sniffles2.INS.CES0      2   626    (0) + (TCCC)n  Simple_repeat      1    624    (0)  2489  
  187   27.8  0.0  1.9  chr1_3475054_Sniffles2.INS.12AS0     34    88   (90) C MIR3     SINE/MIR     (43)    165    112  2490  
   11   21.8  2.2  4.4  chr1_3502044_Sniffles2.INS.114S0   1234  1279  (381) + (GGCTCCT)n Simple_repeat      1     45    (0)  2491  
